CPU_RISCV64_SPACEMIT: num_cores: 8, num_perfer_cores: 4, perfer_core_arch_id: a03c, exclude_main_thread: 0, use_ime1: 1, use_ime2: 0, mem_backend: HPAGE, cpu_mask: f, aicpu_id_offset: 0
CPU_RISCV64_SPACEMIT: alloc_chunk: open(/dev/tcm_sync_mem) failed, errno=2
CPU_RISCV64_SPACEMIT: failed to allocate init_barrier from shared mem, falling back to heap
repack: repack tensor  with q4_0_16x32
K1_GEMM_ROUTE mode=3 phase=single eligible=1 bypass=1 buffer_size=131072
K1_DECODE_AUDIT {"ith":3,"nth":4,"weight":"leaf_0","activation":"leaf_1","input":"0x3f67dff1b0","begin_ns":806515436584726,"packing_input_bytes":0,"m":1,"n":16,"k":32,"buffer_size":0,"copy_bytes":0,"total_ns":320634.000,"section_ns":[0.000,0.000,0.000,305009.000,0.000],"section_calls":[0,0,0,1,0]}
K1_DECODE_AUDIT {"ith":2,"nth":4,"weight":"leaf_0","activation":"leaf_1","input":"0x3f67dff1b0","begin_ns":806515436721146,"packing_input_bytes":0,"m":1,"n":16,"k":32,"buffer_size":0,"copy_bytes":0,"total_ns":184339.000,"section_ns":[0.000,0.000,0.000,180713.000,0.000],"section_calls":[0,0,0,1,0]}
K1_DECODE_AUDIT {"ith":1,"nth":4,"weight":"leaf_0","activation":"leaf_1","input":"0x3f67dff1b0","begin_ns":806515436676854,"packing_input_bytes":0,"m":1,"n":16,"k":32,"buffer_size":0,"copy_bytes":0,"total_ns":228672.000,"section_ns":[0.000,0.000,0.000,225173.000,0.000],"section_calls":[0,0,0,1,0]}
K1_DECODE_AUDIT {"ith":0,"nth":4,"weight":"leaf_0","activation":"leaf_1","input":"0x3f67dff1b0","begin_ns":806515436806065,"packing_input_bytes":128,"m":1,"n":16,"k":32,"buffer_size":0,"copy_bytes":0,"total_ns":102420.000,"section_ns":[2208.000,0.000,3042.000,1917.000,0.000],"section_calls":[1,0,1,1,0]}
repack: repack tensor  with q4_0_16x32
K1_DECODE_AUDIT {"ith":2,"nth":4,"weight":"leaf_0","activation":"leaf_1","input":"0x2adf24c7b0","begin_ns":806515438597822,"packing_input_bytes":0,"m":1,"n":32,"k":32,"buffer_size":0,"copy_bytes":0,"total_ns":6709.000,"section_ns":[0.000,0.000,0.000,3500.000,0.000],"section_calls":[0,0,0,1,0]}
K1_DECODE_AUDIT {"ith":3,"nth":4,"weight":"leaf_0","activation":"leaf_1","input":"0x2adf24c7b0","begin_ns":806515438600572,"packing_input_bytes":0,"m":1,"n":32,"k":32,"buffer_size":0,"copy_bytes":0,"total_ns":3959.000,"section_ns":[0.000,0.000,0.000,1501.000,0.000],"section_calls":[0,0,0,1,0]}
K1_DECODE_AUDIT {"ith":0,"nth":4,"weight":"leaf_0","activation":"leaf_1","input":"0x2adf24c7b0","begin_ns":806515438597781,"packing_input_bytes":128,"m":1,"n":32,"k":32,"buffer_size":0,"copy_bytes":0,"total_ns":8583.000,"section_ns":[1166.000,0.000,1625.000,1875.000,0.000],"section_calls":[1,0,1,1,0]}
K1_DECODE_AUDIT {"ith":1,"nth":4,"weight":"leaf_0","activation":"leaf_1","input":"0x2adf24c7b0","begin_ns":806515438597947,"packing_input_bytes":0,"m":1,"n":32,"k":32,"buffer_size":0,"copy_bytes":0,"total_ns":8376.000,"section_ns":[0.000,0.000,1584.000,3625.000,0.000],"section_calls":[0,0,1,1,0]}
repack: repack tensor  with q4_0_16x32
K1_DECODE_AUDIT {"ith":3,"nth":4,"weight":"leaf_0","activation":"leaf_1","input":"0x2adfa4c8f0","begin_ns":806515439602266,"packing_input_bytes":0,"m":1,"n":128,"k":32,"buffer_size":0,"copy_bytes":0,"total_ns":7292.000,"section_ns":[0.000,0.000,1792.000,3084.000,0.000],"section_calls":[0,0,1,1,0]}
K1_DECODE_AUDIT {"ith":2,"nth":4,"weight":"leaf_0","activation":"leaf_1","input":"0x2adfa4c8f0","begin_ns":806515439602183,"packing_input_bytes":0,"m":1,"n":128,"k":32,"buffer_size":0,"copy_bytes":0,"total_ns":7500.000,"section_ns":[0.000,0.000,1875.000,2458.000,0.000],"section_calls":[0,0,1,1,0]}
K1_DECODE_AUDIT {"ith":1,"nth":4,"weight":"leaf_0","activation":"leaf_1","input":"0x2adfa4c8f0","begin_ns":806515439602308,"packing_input_bytes":0,"m":1,"n":128,"k":32,"buffer_size":0,"copy_bytes":0,"total_ns":7083.000,"section_ns":[0.000,0.000,1875.000,2584.000,0.000],"section_calls":[0,0,1,1,0]}
K1_DECODE_AUDIT {"ith":0,"nth":4,"weight":"leaf_0","activation":"leaf_1","input":"0x2adfa4c8f0","begin_ns":806515439602225,"packing_input_bytes":128,"m":1,"n":128,"k":32,"buffer_size":0,"copy_bytes":0,"total_ns":7458.000,"section_ns":[1084.000,0.000,1875.000,1292.000,0.000],"section_calls":[1,0,1,1,0]}
repack: repack tensor  with q4_0_16x32
K1_DECODE_AUDIT {"ith":1,"nth":4,"weight":"leaf_0","activation":"leaf_1","input":"0x2adfa4c8f0","begin_ns":806515440561459,"packing_input_bytes":128,"m":1,"n":16,"k":64,"buffer_size":0,"copy_bytes":0,"total_ns":9500.000,"section_ns":[1041.000,0.000,0.000,5458.000,0.000],"section_calls":[1,0,0,1,0]}
K1_DECODE_AUDIT {"ith":2,"nth":4,"weight":"leaf_0","activation":"leaf_1","input":"0x2adfa4c8f0","begin_ns":806515440562751,"packing_input_bytes":0,"m":1,"n":16,"k":64,"buffer_size":0,"copy_bytes":0,"total_ns":8292.000,"section_ns":[0.000,0.000,0.000,6084.000,0.000],"section_calls":[0,0,0,1,0]}
K1_DECODE_AUDIT {"ith":3,"nth":4,"weight":"leaf_0","activation":"leaf_1","input":"0x2adfa4c8f0","begin_ns":806515440567542,"packing_input_bytes":0,"m":1,"n":16,"k":64,"buffer_size":0,"copy_bytes":0,"total_ns":3459.000,"section_ns":[0.000,0.000,0.000,1375.000,0.000],"section_calls":[0,0,0,1,0]}
K1_DECODE_AUDIT {"ith":0,"nth":4,"weight":"leaf_0","activation":"leaf_1","input":"0x2adfa4c8f0","begin_ns":806515440561459,"packing_input_bytes":128,"m":1,"n":16,"k":64,"buffer_size":0,"copy_bytes":0,"total_ns":11667.000,"section_ns":[1000.000,0.000,1792.000,5500.000,0.000],"section_calls":[1,0,1,1,0]}
repack: repack tensor  with q4_0_16x32
K1_DECODE_AUDIT {"ith":3,"nth":4,"weight":"leaf_0","activation":"leaf_1","input":"0x2adfa4c8f0","begin_ns":806515441400148,"packing_input_bytes":0,"m":1,"n":32,"k":64,"buffer_size":0,"copy_bytes":0,"total_ns":5501.000,"section_ns":[0.000,0.000,0.000,3125.000,0.000],"section_calls":[0,0,0,1,0]}
K1_DECODE_AUDIT {"ith":2,"nth":4,"weight":"leaf_0","activation":"leaf_1","input":"0x2adfa4c8f0","begin_ns":806515441400148,"packing_input_bytes":0,"m":1,"n":32,"k":64,"buffer_size":0,"copy_bytes":0,"total_ns":5501.000,"section_ns":[0.000,0.000,0.000,3125.000,0.000],"section_calls":[0,0,0,1,0]}
K1_DECODE_AUDIT {"ith":0,"nth":4,"weight":"leaf_0","activation":"leaf_1","input":"0x2adfa4c8f0","begin_ns":806515441400315,"packing_input_bytes":128,"m":1,"n":32,"k":64,"buffer_size":0,"copy_bytes":0,"total_ns":6917.000,"section_ns":[1250.000,0.000,1333.000,1667.000,0.000],"section_calls":[1,0,1,1,0]}
K1_DECODE_AUDIT {"ith":1,"nth":4,"weight":"leaf_0","activation":"leaf_1","input":"0x2adfa4c8f0","begin_ns":806515441400107,"packing_input_bytes":128,"m":1,"n":32,"k":64,"buffer_size":0,"copy_bytes":0,"total_ns":7042.000,"section_ns":[1375.000,0.000,1417.000,1125.000,0.000],"section_calls":[1,0,1,1,0]}
repack: repack tensor  with q4_0_16x32
K1_DECODE_AUDIT {"ith":1,"nth":4,"weight":"leaf_0","activation":"leaf_1","input":"0x2adfa4c8f0","begin_ns":806515442399426,"packing_input_bytes":128,"m":1,"n":128,"k":64,"buffer_size":0,"copy_bytes":0,"total_ns":7041.000,"section_ns":[1250.000,0.000,1958.000,1125.000,0.000],"section_calls":[1,0,1,1,0]}
K1_DECODE_AUDIT {"ith":0,"nth":4,"weight":"leaf_0","activation":"leaf_1","input":"0x2adfa4c8f0","begin_ns":806515442399467,"packing_input_bytes":128,"m":1,"n":128,"k":64,"buffer_size":0,"copy_bytes":0,"total_ns":7125.000,"section_ns":[917.000,0.000,1875.000,1583.000,0.000],"section_calls":[1,0,1,1,0]}
K1_DECODE_AUDIT {"ith":2,"nth":4,"weight":"leaf_0","activation":"leaf_1","input":"0x2adfa4c8f0","begin_ns":806515442399426,"packing_input_bytes":0,"m":1,"n":128,"k":64,"buffer_size":0,"copy_bytes":0,"total_ns":6875.000,"section_ns":[0.000,0.000,1625.000,2709.000,0.000],"section_calls":[0,0,1,1,0]}
K1_DECODE_AUDIT {"ith":3,"nth":4,"weight":"leaf_0","activation":"leaf_1","input":"0x2adfa4c8f0","begin_ns":806515442399509,"packing_input_bytes":0,"m":1,"n":128,"k":64,"buffer_size":0,"copy_bytes":0,"total_ns":6792.000,"section_ns":[0.000,0.000,1625.000,2667.000,0.000],"section_calls":[0,0,1,1,0]}
repack: repack tensor  with q4_0_16x32
K1_DECODE_AUDIT {"ith":1,"nth":4,"weight":"leaf_0","activation":"leaf_1","input":"0x2adfa4c8f0","begin_ns":806515443267199,"packing_input_bytes":256,"m":1,"n":16,"k":256,"buffer_size":0,"copy_bytes":0,"total_ns":5375.000,"section_ns":[1667.000,0.000,0.000,1417.000,0.000],"section_calls":[1,0,0,1,0]}
K1_DECODE_AUDIT {"ith":3,"nth":4,"weight":"leaf_0","activation":"leaf_1","input":"0x2adfa4c8f0","begin_ns":806515443267282,"packing_input_bytes":256,"m":1,"n":16,"k":256,"buffer_size":0,"copy_bytes":0,"total_ns":5376.000,"section_ns":[1459.000,0.000,0.000,1458.000,0.000],"section_calls":[1,0,0,1,0]}
K1_DECODE_AUDIT {"ith":2,"nth":4,"weight":"leaf_0","activation":"leaf_1","input":"0x2adfa4c8f0","begin_ns":806515443267199,"packing_input_bytes":256,"m":1,"n":16,"k":256,"buffer_size":0,"copy_bytes":0,"total_ns":5709.000,"section_ns":[1667.000,0.000,0.000,1666.000,0.000],"section_calls":[1,0,0,1,0]}
K1_DECODE_AUDIT {"ith":0,"nth":4,"weight":"leaf_0","activation":"leaf_1","input":"0x2adfa4c8f0","begin_ns":806515443267241,"packing_input_bytes":256,"m":1,"n":16,"k":256,"buffer_size":0,"copy_bytes":0,"total_ns":7500.000,"section_ns":[1584.000,0.000,1917.000,1333.000,0.000],"section_calls":[1,0,1,1,0]}
repack: repack tensor  with q4_0_16x32
K1_DECODE_AUDIT {"ith":2,"nth":4,"weight":"leaf_0","activation":"leaf_1","input":"0x2adfa4c8f0","begin_ns":806515444284977,"packing_input_bytes":256,"m":1,"n":32,"k":256,"buffer_size":0,"copy_bytes":0,"total_ns":5667.000,"section_ns":[1708.000,0.000,0.000,1458.000,0.000],"section_calls":[1,0,0,1,0]}
K1_DECODE_AUDIT {"ith":3,"nth":4,"weight":"leaf_0","activation":"leaf_1","input":"0x2adfa4c8f0","begin_ns":806515444284935,"packing_input_bytes":256,"m":1,"n":32,"k":256,"buffer_size":0,"copy_bytes":0,"total_ns":5709.000,"section_ns":[1709.000,0.000,0.000,1459.000,0.000],"section_calls":[1,0,0,1,0]}
K1_DECODE_AUDIT {"ith":1,"nth":4,"weight":"leaf_0","activation":"leaf_1","input":"0x2adfa4c8f0","begin_ns":806515444284935,"packing_input_bytes":256,"m":1,"n":32,"k":256,"buffer_size":0,"copy_bytes":0,"total_ns":7875.000,"section_ns":[1708.000,0.000,1875.000,1542.000,0.000],"section_calls":[1,0,1,1,0]}
K1_DECODE_AUDIT {"ith":0,"nth":4,"weight":"leaf_0","activation":"leaf_1","input":"0x2adfa4c8f0","begin_ns":806515444285018,"packing_input_bytes":256,"m":1,"n":32,"k":256,"buffer_size":0,"copy_bytes":0,"total_ns":8209.000,"section_ns":[1459.000,0.000,2167.000,1667.000,0.000],"section_calls":[1,0,1,1,0]}
repack: repack tensor  with q4_0_16x32
K1_DECODE_AUDIT {"ith":1,"nth":4,"weight":"leaf_0","activation":"leaf_1","input":"0x2adfa4c8f0","begin_ns":806515446059983,"packing_input_bytes":256,"m":1,"n":128,"k":256,"buffer_size":0,"copy_bytes":0,"total_ns":8875.000,"section_ns":[1875.000,0.000,3125.000,1292.000,0.000],"section_calls":[1,0,1,1,0]}
K1_DECODE_AUDIT {"ith":2,"nth":4,"weight":"leaf_0","activation":"leaf_1","input":"0x2adfa4c8f0","begin_ns":806515446059900,"packing_input_bytes":256,"m":1,"n":128,"k":256,"buffer_size":0,"copy_bytes":0,"total_ns":9250.000,"section_ns":[1583.000,0.000,3292.000,1583.000,0.000],"section_calls":[1,0,1,1,0]}
K1_DECODE_AUDIT {"ith":3,"nth":4,"weight":"leaf_0","activation":"leaf_1","input":"0x2adfa4c8f0","begin_ns":806515446059942,"packing_input_bytes":256,"m":1,"n":128,"k":256,"buffer_size":0,"copy_bytes":0,"total_ns":9208.000,"section_ns":[1958.000,0.000,3417.000,1250.000,0.000],"section_calls":[1,0,1,1,0]}
K1_DECODE_AUDIT {"ith":0,"nth":4,"weight":"leaf_0","activation":"leaf_1","input":"0x2adfa4c8f0","begin_ns":806515446059942,"packing_input_bytes":256,"m":1,"n":128,"k":256,"buffer_size":0,"copy_bytes":0,"total_ns":9500.000,"section_ns":[1542.000,0.000,3500.000,1667.000,0.000],"section_calls":[1,0,1,1,0]}
repack: repack tensor  with q4_0_16x32
K1_DECODE_AUDIT {"ith":3,"nth":4,"weight":"leaf_0","activation":"leaf_1","input":"0x2adfa4c8f0","begin_ns":806515447726820,"packing_input_bytes":2048,"m":1,"n":16,"k":2048,"buffer_size":0,"copy_bytes":0,"total_ns":16959.000,"section_ns":[2375.000,0.000,0.000,11667.000,0.000],"section_calls":[1,0,0,1,0]}
K1_DECODE_AUDIT {"ith":1,"nth":4,"weight":"leaf_0","activation":"leaf_1","input":"0x2adfa4c8f0","begin_ns":806515447726778,"packing_input_bytes":2048,"m":1,"n":16,"k":2048,"buffer_size":0,"copy_bytes":0,"total_ns":17043.000,"section_ns":[2917.000,0.000,0.000,11292.000,0.000],"section_calls":[1,0,0,1,0]}
K1_DECODE_AUDIT {"ith":2,"nth":4,"weight":"leaf_0","activation":"leaf_1","input":"0x2adfa4c8f0","begin_ns":806515447726737,"packing_input_bytes":2048,"m":1,"n":16,"k":2048,"buffer_size":0,"copy_bytes":0,"total_ns":17042.000,"section_ns":[2667.000,0.000,0.000,11417.000,0.000],"section_calls":[1,0,0,1,0]}
K1_DECODE_AUDIT {"ith":0,"nth":4,"weight":"leaf_0","activation":"leaf_1","input":"0x2adfa4c8f0","begin_ns":806515447737612,"packing_input_bytes":2048,"m":1,"n":16,"k":2048,"buffer_size":0,"copy_bytes":0,"total_ns":13084.000,"section_ns":[2500.000,0.000,6833.000,1292.000,0.000],"section_calls":[1,0,1,1,0]}
repack: repack tensor  with q4_0_16x32
K1_DECODE_AUDIT {"ith":3,"nth":4,"weight":"leaf_0","activation":"leaf_1","input":"0x2adfa4c8f0","begin_ns":806515450491062,"packing_input_bytes":2048,"m":1,"n":32,"k":2048,"buffer_size":0,"copy_bytes":0,"total_ns":5625.000,"section_ns":[1625.000,0.000,0.000,1584.000,0.000],"section_calls":[1,0,0,1,0]}
K1_DECODE_AUDIT {"ith":2,"nth":4,"weight":"leaf_0","activation":"leaf_1","input":"0x2adfa4c8f0","begin_ns":806515450486562,"packing_input_bytes":2048,"m":1,"n":32,"k":2048,"buffer_size":0,"copy_bytes":0,"total_ns":10125.000,"section_ns":[3458.000,0.000,0.000,2667.000,0.000],"section_calls":[1,0,0,1,0]}
K1_DECODE_AUDIT {"ith":0,"nth":4,"weight":"leaf_0","activation":"leaf_1","input":"0x2adfa4c8f0","begin_ns":806515450486520,"packing_input_bytes":2048,"m":1,"n":32,"k":2048,"buffer_size":0,"copy_bytes":0,"total_ns":17250.000,"section_ns":[3750.000,0.000,6750.000,2376.000,0.000],"section_calls":[1,0,1,1,0]}
K1_DECODE_AUDIT {"ith":1,"nth":4,"weight":"leaf_0","activation":"leaf_1","input":"0x2adfa4c8f0","begin_ns":806515450486603,"packing_input_bytes":2048,"m":1,"n":32,"k":2048,"buffer_size":0,"copy_bytes":0,"total_ns":18001.000,"section_ns":[3417.000,0.000,7500.000,3126.000,0.000],"section_calls":[1,0,1,1,0]}
repack: repack tensor  with q4_0_16x32
K1_DECODE_AUDIT {"ith":1,"nth":4,"weight":"leaf_0","activation":"leaf_1","input":"0x2adfa4c8f0","begin_ns":806515458957875,"packing_input_bytes":2048,"m":1,"n":128,"k":2048,"buffer_size":0,"copy_bytes":0,"total_ns":54376.000,"section_ns":[1500.000,0.000,19167.000,31375.000,0.000],"section_calls":[1,0,1,1,0]}
K1_DECODE_AUDIT {"ith":0,"nth":4,"weight":"leaf_0","activation":"leaf_1","input":"0x2adfa4c8f0","begin_ns":806515458923207,"packing_input_bytes":2048,"m":1,"n":128,"k":2048,"buffer_size":0,"copy_bytes":0,"total_ns":89878.000,"section_ns":[3833.000,0.000,20084.000,61835.000,0.000],"section_calls":[1,0,1,1,0]}
K1_DECODE_AUDIT {"ith":2,"nth":4,"weight":"leaf_0","activation":"leaf_1","input":"0x2adfa4c8f0","begin_ns":806515458923166,"packing_input_bytes":2048,"m":1,"n":128,"k":2048,"buffer_size":0,"copy_bytes":0,"total_ns":89752.000,"section_ns":[3417.000,0.000,19876.000,62002.000,0.000],"section_calls":[1,0,1,1,0]}
K1_DECODE_AUDIT {"ith":3,"nth":4,"weight":"leaf_0","activation":"leaf_1","input":"0x2adfa4c8f0","begin_ns":806515458987376,"packing_input_bytes":2048,"m":1,"n":128,"k":2048,"buffer_size":0,"copy_bytes":0,"total_ns":24917.000,"section_ns":[1625.000,0.000,19251.000,1250.000,0.000],"section_calls":[1,0,1,1,0]}
repack: repack tensor  with q4_0_16x32
K1_GEMM_ROUTE mode=3 phase=prefill eligible=1 bypass=1 buffer_size=131072
K1_DECODE_AUDIT {"ith":2,"nth":4,"weight":"leaf_0","activation":"leaf_1","input":"0x2adfa4c8f0","begin_ns":806515460196867,"packing_input_bytes":0,"m":2,"n":16,"k":32,"buffer_size":0,"copy_bytes":0,"total_ns":69460.000,"section_ns":[0.000,0.000,0.000,66210.000,0.000],"section_calls":[0,0,0,1,0]}
K1_DECODE_AUDIT {"ith":3,"nth":4,"weight":"leaf_0","activation":"leaf_1","input":"0x2adfa4c8f0","begin_ns":806515460196908,"packing_input_bytes":0,"m":2,"n":16,"k":32,"buffer_size":0,"copy_bytes":0,"total_ns":69419.000,"section_ns":[0.000,0.000,0.000,66085.000,0.000],"section_calls":[0,0,0,1,0]}
K1_DECODE_AUDIT {"ith":1,"nth":4,"weight":"leaf_0","activation":"leaf_1","input":"0x2adfa4c8f0","begin_ns":806515460196867,"packing_input_bytes":0,"m":2,"n":16,"k":32,"buffer_size":0,"copy_bytes":0,"total_ns":69627.000,"section_ns":[0.000,0.000,0.000,66210.000,0.000],"section_calls":[0,0,0,1,0]}
K1_DECODE_AUDIT {"ith":0,"nth":4,"weight":"leaf_0","activation":"leaf_1","input":"0x2adfa4c8f0","begin_ns":806515460196950,"packing_input_bytes":256,"m":2,"n":16,"k":32,"buffer_size":0,"copy_bytes":0,"total_ns":71294.000,"section_ns":[2041.000,0.000,1459.000,1750.000,0.000],"section_calls":[2,0,2,1,0]}
repack: repack tensor  with q4_0_16x32
K1_DECODE_AUDIT {"ith":2,"nth":4,"weight":"leaf_0","activation":"leaf_1","input":"0x2adfa4c8f0","begin_ns":806515461150893,"packing_input_bytes":0,"m":2,"n":32,"k":32,"buffer_size":0,"copy_bytes":0,"total_ns":5750.000,"section_ns":[0.000,0.000,0.000,3375.000,0.000],"section_calls":[0,0,0,1,0]}
K1_DECODE_AUDIT {"ith":3,"nth":4,"weight":"leaf_0","activation":"leaf_1","input":"0x2adfa4c8f0","begin_ns":806515461151559,"packing_input_bytes":0,"m":2,"n":32,"k":32,"buffer_size":0,"copy_bytes":0,"total_ns":5084.000,"section_ns":[0.000,0.000,0.000,3292.000,0.000],"section_calls":[0,0,0,1,0]}
K1_DECODE_AUDIT {"ith":0,"nth":4,"weight":"leaf_0","activation":"leaf_1","input":"0x2adfa4c8f0","begin_ns":806515461150851,"packing_input_bytes":256,"m":2,"n":32,"k":32,"buffer_size":0,"copy_bytes":0,"total_ns":7500.000,"section_ns":[1458.000,0.000,1292.000,1083.000,0.000],"section_calls":[2,0,2,1,0]}
K1_DECODE_AUDIT {"ith":1,"nth":4,"weight":"leaf_0","activation":"leaf_1","input":"0x2adfa4c8f0","begin_ns":806515461150851,"packing_input_bytes":0,"m":2,"n":32,"k":32,"buffer_size":0,"copy_bytes":0,"total_ns":7709.000,"section_ns":[0.000,0.000,1501.000,3333.000,0.000],"section_calls":[0,0,2,1,0]}
repack: repack tensor  with q4_0_16x32
K1_DECODE_AUDIT {"ith":0,"nth":4,"weight":"leaf_0","activation":"leaf_1","input":"0x2adfa4c8f0","begin_ns":806515462015749,"packing_input_bytes":256,"m":2,"n":128,"k":32,"buffer_size":0,"copy_bytes":0,"total_ns":8417.000,"section_ns":[1584.000,0.000,2000.000,1166.000,0.000],"section_calls":[2,0,4,1,0]}
K1_DECODE_AUDIT {"ith":3,"nth":4,"weight":"leaf_0","activation":"leaf_1","input":"0x2adfa4c8f0","begin_ns":806515462018250,"packing_input_bytes":0,"m":2,"n":128,"k":32,"buffer_size":0,"copy_bytes":0,"total_ns":6416.000,"section_ns":[0.000,0.000,2542.000,1416.000,0.000],"section_calls":[0,0,4,1,0]}
K1_DECODE_AUDIT {"ith":1,"nth":4,"weight":"leaf_0","activation":"leaf_1","input":"0x2adfa4c8f0","begin_ns":806515462015666,"packing_input_bytes":0,"m":2,"n":128,"k":32,"buffer_size":0,"copy_bytes":0,"total_ns":9375.000,"section_ns":[0.000,0.000,2833.000,3375.000,0.000],"section_calls":[0,0,4,1,0]}
K1_DECODE_AUDIT {"ith":2,"nth":4,"weight":"leaf_0","activation":"leaf_1","input":"0x2adfa4c8f0","begin_ns":806515462015708,"packing_input_bytes":0,"m":2,"n":128,"k":32,"buffer_size":0,"copy_bytes":0,"total_ns":8875.000,"section_ns":[0.000,0.000,2458.000,3417.000,0.000],"section_calls":[0,0,4,1,0]}
repack: repack tensor  with q4_0_16x32
K1_DECODE_AUDIT {"ith":1,"nth":4,"weight":"leaf_0","activation":"leaf_1","input":"0x2adfa4c8f0","begin_ns":806515462934066,"packing_input_bytes":0,"m":2,"n":16,"k":64,"buffer_size":0,"copy_bytes":0,"total_ns":2833.000,"section_ns":[0.000,0.000,0.000,1042.000,0.000],"section_calls":[0,0,0,1,0]}
K1_DECODE_AUDIT {"ith":2,"nth":4,"weight":"leaf_0","activation":"leaf_1","input":"0x2adfa4c8f0","begin_ns":806515462929316,"packing_input_bytes":0,"m":2,"n":16,"k":64,"buffer_size":0,"copy_bytes":0,"total_ns":7667.000,"section_ns":[0.000,0.000,0.000,5458.000,0.000],"section_calls":[0,0,0,1,0]}
K1_DECODE_AUDIT {"ith":3,"nth":4,"weight":"leaf_0","activation":"leaf_1","input":"0x2adfa4c8f0","begin_ns":806515462929316,"packing_input_bytes":0,"m":2,"n":16,"k":64,"buffer_size":0,"copy_bytes":0,"total_ns":7875.000,"section_ns":[0.000,0.000,0.000,5458.000,0.000],"section_calls":[0,0,0,1,0]}
K1_DECODE_AUDIT {"ith":0,"nth":4,"weight":"leaf_0","activation":"leaf_1","input":"0x2adfa4c8f0","begin_ns":806515462929274,"packing_input_bytes":512,"m":2,"n":16,"k":64,"buffer_size":0,"copy_bytes":0,"total_ns":9959.000,"section_ns":[1541.000,0.000,1834.000,3792.000,0.000],"section_calls":[2,0,2,1,0]}
repack: repack tensor  with q4_0_16x32
K1_DECODE_AUDIT {"ith":2,"nth":4,"weight":"leaf_0","activation":"leaf_1","input":"0x2adfa4c8f0","begin_ns":806515463778922,"packing_input_bytes":0,"m":2,"n":32,"k":64,"buffer_size":0,"copy_bytes":0,"total_ns":3542.000,"section_ns":[0.000,0.000,0.000,1292.000,0.000],"section_calls":[0,0,0,1,0]}
K1_DECODE_AUDIT {"ith":3,"nth":4,"weight":"leaf_0","activation":"leaf_1","input":"0x2adfa4c8f0","begin_ns":806515463779047,"packing_input_bytes":0,"m":2,"n":32,"k":64,"buffer_size":0,"copy_bytes":0,"total_ns":3792.000,"section_ns":[0.000,0.000,0.000,1916.000,0.000],"section_calls":[0,0,0,1,0]}
K1_DECODE_AUDIT {"ith":1,"nth":4,"weight":"leaf_0","activation":"leaf_1","input":"0x2adfa4c8f0","begin_ns":806515463777589,"packing_input_bytes":0,"m":2,"n":32,"k":64,"buffer_size":0,"copy_bytes":0,"total_ns":7792.000,"section_ns":[0.000,0.000,2125.000,3208.000,0.000],"section_calls":[0,0,2,1,0]}
K1_DECODE_AUDIT {"ith":0,"nth":4,"weight":"leaf_0","activation":"leaf_1","input":"0x2adfa4c8f0","begin_ns":806515463739838,"packing_input_bytes":512,"m":2,"n":32,"k":64,"buffer_size":0,"copy_bytes":0,"total_ns":45418.000,"section_ns":[1957.000,0.000,2043.000,38126.000,0.000],"section_calls":[2,0,2,1,0]}
repack: repack tensor  with q4_0_16x32
K1_DECODE_AUDIT {"ith":1,"nth":4,"weight":"leaf_0","activation":"leaf_1","input":"0x2adfa4c8f0","begin_ns":806515464878119,"packing_input_bytes":0,"m":2,"n":128,"k":64,"buffer_size":0,"copy_bytes":0,"total_ns":11333.000,"section_ns":[0.000,0.000,2584.000,5375.000,0.000],"section_calls":[0,0,4,1,0]}
K1_DECODE_AUDIT {"ith":3,"nth":4,"weight":"leaf_0","activation":"leaf_1","input":"0x2adfa4c8f0","begin_ns":806515464883036,"packing_input_bytes":0,"m":2,"n":128,"k":64,"buffer_size":0,"copy_bytes":0,"total_ns":6625.000,"section_ns":[0.000,0.000,2793.000,1209.000,0.000],"section_calls":[0,0,4,1,0]}
K1_DECODE_AUDIT {"ith":2,"nth":4,"weight":"leaf_0","activation":"leaf_1","input":"0x2adfa4c8f0","begin_ns":806515464878327,"packing_input_bytes":0,"m":2,"n":128,"k":64,"buffer_size":0,"copy_bytes":0,"total_ns":11292.000,"section_ns":[0.000,0.000,2667.000,5417.000,0.000],"section_calls":[0,0,4,1,0]}
K1_DECODE_AUDIT {"ith":0,"nth":4,"weight":"leaf_0","activation":"leaf_1","input":"0x2adfa4c8f0","begin_ns":806515464878077,"packing_input_bytes":512,"m":2,"n":128,"k":64,"buffer_size":0,"copy_bytes":0,"total_ns":11417.000,"section_ns":[2168.000,0.000,2541.000,2708.000,0.000],"section_calls":[2,0,4,1,0]}
repack: repack tensor  with q4_0_16x32
K1_DECODE_AUDIT {"ith":3,"nth":4,"weight":"leaf_0","activation":"leaf_1","input":"0x2adfa4c8f0","begin_ns":806515465791352,"packing_input_bytes":0,"m":2,"n":16,"k":256,"buffer_size":0,"copy_bytes":0,"total_ns":2583.000,"section_ns":[0.000,0.000,0.000,1166.000,0.000],"section_calls":[0,0,0,1,0]}
K1_DECODE_AUDIT {"ith":2,"nth":4,"weight":"leaf_0","activation":"leaf_1","input":"0x2adfa4c8f0","begin_ns":806515465787310,"packing_input_bytes":0,"m":2,"n":16,"k":256,"buffer_size":0,"copy_bytes":0,"total_ns":6875.000,"section_ns":[0.000,0.000,0.000,4709.000,0.000],"section_calls":[0,0,0,1,0]}
K1_DECODE_AUDIT {"ith":1,"nth":4,"weight":"leaf_0","activation":"leaf_1","input":"0x2adfa4c8f0","begin_ns":806515465786518,"packing_input_bytes":0,"m":2,"n":16,"k":256,"buffer_size":0,"copy_bytes":0,"total_ns":7626.000,"section_ns":[0.000,0.000,0.000,5333.000,0.000],"section_calls":[0,0,0,1,0]}
K1_DECODE_AUDIT {"ith":0,"nth":4,"weight":"leaf_0","activation":"leaf_1","input":"0x2adfa4c8f0","begin_ns":806515465786477,"packing_input_bytes":2048,"m":2,"n":16,"k":256,"buffer_size":0,"copy_bytes":0,"total_ns":10250.000,"section_ns":[2625.000,0.000,2333.000,1833.000,0.000],"section_calls":[2,0,2,1,0]}
repack: repack tensor  with q4_0_16x32
K1_DECODE_AUDIT {"ith":3,"nth":4,"weight":"leaf_0","activation":"leaf_1","input":"0x2adfa4c8f0","begin_ns":806515466747336,"packing_input_bytes":0,"m":2,"n":32,"k":256,"buffer_size":0,"copy_bytes":0,"total_ns":6584.000,"section_ns":[0.000,0.000,0.000,4333.000,0.000],"section_calls":[0,0,0,1,0]}
K1_DECODE_AUDIT {"ith":2,"nth":4,"weight":"leaf_0","activation":"leaf_1","input":"0x2adfa4c8f0","begin_ns":806515466747378,"packing_input_bytes":0,"m":2,"n":32,"k":256,"buffer_size":0,"copy_bytes":0,"total_ns":6583.000,"section_ns":[0.000,0.000,0.000,4125.000,0.000],"section_calls":[0,0,0,1,0]}
K1_DECODE_AUDIT {"ith":0,"nth":4,"weight":"leaf_0","activation":"leaf_1","input":"0x2adfa4c8f0","begin_ns":806515466747295,"packing_input_bytes":2048,"m":2,"n":32,"k":256,"buffer_size":0,"copy_bytes":0,"total_ns":10166.000,"section_ns":[2542.000,0.000,3208.000,1209.000,0.000],"section_calls":[2,0,2,1,0]}
K1_DECODE_AUDIT {"ith":1,"nth":4,"weight":"leaf_0","activation":"leaf_1","input":"0x2adfa4c8f0","begin_ns":806515466747336,"packing_input_bytes":0,"m":2,"n":32,"k":256,"buffer_size":0,"copy_bytes":0,"total_ns":10334.000,"section_ns":[0.000,0.000,3417.000,4333.000,0.000],"section_calls":[0,0,2,1,0]}
repack: repack tensor  with q4_0_16x32
K1_DECODE_AUDIT {"ith":0,"nth":4,"weight":"leaf_0","activation":"leaf_1","input":"0x2adfa4c8f0","begin_ns":806515468395506,"packing_input_bytes":2048,"m":2,"n":128,"k":256,"buffer_size":0,"copy_bytes":0,"total_ns":12334.000,"section_ns":[2667.000,0.000,4751.000,1459.000,0.000],"section_calls":[2,0,4,1,0]}
K1_DECODE_AUDIT {"ith":2,"nth":4,"weight":"leaf_0","activation":"leaf_1","input":"0x2adfa4c8f0","begin_ns":806515468395506,"packing_input_bytes":0,"m":2,"n":128,"k":256,"buffer_size":0,"copy_bytes":0,"total_ns":12875.000,"section_ns":[0.000,0.000,5249.000,4708.000,0.000],"section_calls":[0,0,4,1,0]}
K1_DECODE_AUDIT {"ith":1,"nth":4,"weight":"leaf_0","activation":"leaf_1","input":"0x2adfa4c8f0","begin_ns":806515468395464,"packing_input_bytes":0,"m":2,"n":128,"k":256,"buffer_size":0,"copy_bytes":0,"total_ns":12876.000,"section_ns":[0.000,0.000,5251.000,4750.000,0.000],"section_calls":[0,0,4,1,0]}
K1_DECODE_AUDIT {"ith":3,"nth":4,"weight":"leaf_0","activation":"leaf_1","input":"0x2adfa4c8f0","begin_ns":806515468395548,"packing_input_bytes":0,"m":2,"n":128,"k":256,"buffer_size":0,"copy_bytes":0,"total_ns":12833.000,"section_ns":[0.000,0.000,5333.000,4708.000,0.000],"section_calls":[0,0,4,1,0]}
repack: repack tensor  with q4_0_16x32
K1_DECODE_AUDIT {"ith":3,"nth":4,"weight":"leaf_0","activation":"leaf_1","input":"0x2adfa4c8f0","begin_ns":806515470121844,"packing_input_bytes":0,"m":2,"n":16,"k":2048,"buffer_size":0,"copy_bytes":0,"total_ns":11834.000,"section_ns":[0.000,0.000,0.000,9959.000,0.000],"section_calls":[0,0,0,1,0]}
K1_DECODE_AUDIT {"ith":2,"nth":4,"weight":"leaf_0","activation":"leaf_1","input":"0x2adfa4c8f0","begin_ns":806515470120011,"packing_input_bytes":0,"m":2,"n":16,"k":2048,"buffer_size":0,"copy_bytes":0,"total_ns":13709.000,"section_ns":[0.000,0.000,0.000,10958.000,0.000],"section_calls":[0,0,0,1,0]}
K1_DECODE_AUDIT {"ith":1,"nth":4,"weight":"leaf_0","activation":"leaf_1","input":"0x2adfa4c8f0","begin_ns":806515470120053,"packing_input_bytes":0,"m":2,"n":16,"k":2048,"buffer_size":0,"copy_bytes":0,"total_ns":13583.000,"section_ns":[0.000,0.000,0.000,11042.000,0.000],"section_calls":[0,0,0,1,0]}
K1_DECODE_AUDIT {"ith":0,"nth":4,"weight":"leaf_0","activation":"leaf_1","input":"0x2adfa4c8f0","begin_ns":806515470120011,"packing_input_bytes":16384,"m":2,"n":16,"k":2048,"buffer_size":0,"copy_bytes":0,"total_ns":25376.000,"section_ns":[8500.000,0.000,11500.000,2084.000,0.000],"section_calls":[2,0,2,1,0]}
repack: repack tensor  with q4_0_16x32
K1_DECODE_AUDIT {"ith":3,"nth":4,"weight":"leaf_0","activation":"leaf_1","input":"0x2adfa4c8f0","begin_ns":806515472728082,"packing_input_bytes":0,"m":2,"n":32,"k":2048,"buffer_size":0,"copy_bytes":0,"total_ns":10000.000,"section_ns":[0.000,0.000,0.000,7875.000,0.000],"section_calls":[0,0,0,1,0]}
K1_DECODE_AUDIT {"ith":2,"nth":4,"weight":"leaf_0","activation":"leaf_1","input":"0x2adfa4c8f0","begin_ns":806515472724082,"packing_input_bytes":0,"m":2,"n":32,"k":2048,"buffer_size":0,"copy_bytes":0,"total_ns":14125.000,"section_ns":[0.000,0.000,0.000,11042.000,0.000],"section_calls":[0,0,0,1,0]}
K1_DECODE_AUDIT {"ith":0,"nth":4,"weight":"leaf_0","activation":"leaf_1","input":"0x2adfa4c8f0","begin_ns":806515472724082,"packing_input_bytes":16384,"m":2,"n":32,"k":2048,"buffer_size":0,"copy_bytes":0,"total_ns":27167.000,"section_ns":[9501.000,0.000,12709.000,1583.000,0.000],"section_calls":[2,0,2,1,0]}
K1_DECODE_AUDIT {"ith":1,"nth":4,"weight":"leaf_0","activation":"leaf_1","input":"0x2adfa4c8f0","begin_ns":806515472724040,"packing_input_bytes":0,"m":2,"n":32,"k":2048,"buffer_size":0,"copy_bytes":0,"total_ns":27626.000,"section_ns":[0.000,0.000,13125.000,11584.000,0.000],"section_calls":[0,0,2,1,0]}
repack: repack tensor  with q4_0_16x32
K1_DECODE_AUDIT {"ith":1,"nth":4,"weight":"leaf_0","activation":"leaf_1","input":"0x2adfa4c8f0","begin_ns":806515480156325,"packing_input_bytes":0,"m":2,"n":128,"k":2048,"buffer_size":0,"copy_bytes":0,"total_ns":44543.000,"section_ns":[0.000,0.000,29043.000,11167.000,0.000],"section_calls":[0,0,4,1,0]}
K1_DECODE_AUDIT {"ith":0,"nth":4,"weight":"leaf_0","activation":"leaf_1","input":"0x2adfa4c8f0","begin_ns":806515480156325,"packing_input_bytes":16384,"m":2,"n":128,"k":2048,"buffer_size":0,"copy_bytes":0,"total_ns":44001.000,"section_ns":[8625.000,0.000,28544.000,2083.000,0.000],"section_calls":[2,0,4,1,0]}
K1_DECODE_AUDIT {"ith":3,"nth":4,"weight":"leaf_0","activation":"leaf_1","input":"0x2adfa4c8f0","begin_ns":806515480157033,"packing_input_bytes":0,"m":2,"n":128,"k":2048,"buffer_size":0,"copy_bytes":0,"total_ns":42918.000,"section_ns":[0.000,0.000,28250.000,11167.000,0.000],"section_calls":[0,0,4,1,0]}
K1_DECODE_AUDIT {"ith":2,"nth":4,"weight":"leaf_0","activation":"leaf_1","input":"0x2adfa4c8f0","begin_ns":806515480156367,"packing_input_bytes":0,"m":2,"n":128,"k":2048,"buffer_size":0,"copy_bytes":0,"total_ns":46251.000,"section_ns":[0.000,0.000,31002.000,11167.000,0.000],"section_calls":[0,0,4,1,0]}
repack: repack tensor  with q4_0_16x32
K1_DECODE_AUDIT {"ith":1,"nth":4,"weight":"leaf_0","activation":"leaf_1","input":"0x2adfa4c8f0","begin_ns":806515481421609,"packing_input_bytes":0,"m":3,"n":16,"k":32,"buffer_size":0,"copy_bytes":0,"total_ns":7459.000,"section_ns":[0.000,0.000,0.000,4417.000,0.000],"section_calls":[0,0,0,1,0]}
K1_DECODE_AUDIT {"ith":2,"nth":4,"weight":"leaf_0","activation":"leaf_1","input":"0x2adfa4c8f0","begin_ns":806515481421609,"packing_input_bytes":0,"m":3,"n":16,"k":32,"buffer_size":0,"copy_bytes":0,"total_ns":7667.000,"section_ns":[0.000,0.000,0.000,4501.000,0.000],"section_calls":[0,0,0,1,0]}
K1_DECODE_AUDIT {"ith":3,"nth":4,"weight":"leaf_0","activation":"leaf_1","input":"0x2adfa4c8f0","begin_ns":806515481421693,"packing_input_bytes":0,"m":3,"n":16,"k":32,"buffer_size":0,"copy_bytes":0,"total_ns":7375.000,"section_ns":[0.000,0.000,0.000,4584.000,0.000],"section_calls":[0,0,0,1,0]}
K1_DECODE_AUDIT {"ith":0,"nth":4,"weight":"leaf_0","activation":"leaf_1","input":"0x2adfa4c8f0","begin_ns":806515481421651,"packing_input_bytes":384,"m":3,"n":16,"k":32,"buffer_size":0,"copy_bytes":0,"total_ns":10500.000,"section_ns":[2542.000,0.000,2292.000,1167.000,0.000],"section_calls":[3,0,3,1,0]}
repack: repack tensor  with q4_0_16x32
K1_DECODE_AUDIT {"ith":3,"nth":4,"weight":"leaf_0","activation":"leaf_1","input":"0x2adfa4c8f0","begin_ns":806515482257340,"packing_input_bytes":0,"m":3,"n":32,"k":32,"buffer_size":0,"copy_bytes":0,"total_ns":6501.000,"section_ns":[0.000,0.000,0.000,4292.000,0.000],"section_calls":[0,0,0,1,0]}
K1_DECODE_AUDIT {"ith":2,"nth":4,"weight":"leaf_0","activation":"leaf_1","input":"0x2adfa4c8f0","begin_ns":806515482257299,"packing_input_bytes":0,"m":3,"n":32,"k":32,"buffer_size":0,"copy_bytes":0,"total_ns":6625.000,"section_ns":[0.000,0.000,0.000,4417.000,0.000],"section_calls":[0,0,0,1,0]}
K1_DECODE_AUDIT {"ith":0,"nth":4,"weight":"leaf_0","activation":"leaf_1","input":"0x2adfa4c8f0","begin_ns":806515482258090,"packing_input_bytes":384,"m":3,"n":32,"k":32,"buffer_size":0,"copy_bytes":0,"total_ns":8209.000,"section_ns":[2167.000,0.000,1791.000,1125.000,0.000],"section_calls":[3,0,3,1,0]}
K1_DECODE_AUDIT {"ith":1,"nth":4,"weight":"leaf_0","activation":"leaf_1","input":"0x2adfa4c8f0","begin_ns":806515482257382,"packing_input_bytes":0,"m":3,"n":32,"k":32,"buffer_size":0,"copy_bytes":0,"total_ns":8917.000,"section_ns":[0.000,0.000,2042.000,4208.000,0.000],"section_calls":[0,0,3,1,0]}
repack: repack tensor  with q4_0_16x32
K1_DECODE_AUDIT {"ith":0,"nth":4,"weight":"leaf_0","activation":"leaf_1","input":"0x2adfa4c8f0","begin_ns":806515483159198,"packing_input_bytes":384,"m":3,"n":128,"k":32,"buffer_size":0,"copy_bytes":0,"total_ns":9084.000,"section_ns":[1875.000,0.000,2584.000,1125.000,0.000],"section_calls":[3,0,6,1,0]}
K1_DECODE_AUDIT {"ith":3,"nth":4,"weight":"leaf_0","activation":"leaf_1","input":"0x2adfa4c8f0","begin_ns":806515483159157,"packing_input_bytes":0,"m":3,"n":128,"k":32,"buffer_size":0,"copy_bytes":0,"total_ns":9458.000,"section_ns":[0.000,0.000,2958.000,3417.000,0.000],"section_calls":[0,0,6,1,0]}
K1_DECODE_AUDIT {"ith":1,"nth":4,"weight":"leaf_0","activation":"leaf_1","input":"0x2adfa4c8f0","begin_ns":806515483159115,"packing_input_bytes":0,"m":3,"n":128,"k":32,"buffer_size":0,"copy_bytes":0,"total_ns":9542.000,"section_ns":[0.000,0.000,2960.000,3417.000,0.000],"section_calls":[0,0,6,1,0]}
K1_DECODE_AUDIT {"ith":2,"nth":4,"weight":"leaf_0","activation":"leaf_1","input":"0x2adfa4c8f0","begin_ns":806515483159073,"packing_input_bytes":0,"m":3,"n":128,"k":32,"buffer_size":0,"copy_bytes":0,"total_ns":9542.000,"section_ns":[0.000,0.000,2875.000,3458.000,0.000],"section_calls":[0,0,6,1,0]}
repack: repack tensor  with q4_0_16x32
K1_DECODE_AUDIT {"ith":1,"nth":4,"weight":"leaf_0","activation":"leaf_1","input":"0x2adfa4c8f0","begin_ns":806515483966595,"packing_input_bytes":0,"m":3,"n":16,"k":64,"buffer_size":0,"copy_bytes":0,"total_ns":6709.000,"section_ns":[0.000,0.000,0.000,4500.000,0.000],"section_calls":[0,0,0,1,0]}
K1_DECODE_AUDIT {"ith":2,"nth":4,"weight":"leaf_0","activation":"leaf_1","input":"0x2adfa4c8f0","begin_ns":806515483966637,"packing_input_bytes":0,"m":3,"n":16,"k":64,"buffer_size":0,"copy_bytes":0,"total_ns":6917.000,"section_ns":[0.000,0.000,0.000,4625.000,0.000],"section_calls":[0,0,0,1,0]}
K1_DECODE_AUDIT {"ith":3,"nth":4,"weight":"leaf_0","activation":"leaf_1","input":"0x2adfa4c8f0","begin_ns":806515483966678,"packing_input_bytes":0,"m":3,"n":16,"k":64,"buffer_size":0,"copy_bytes":0,"total_ns":6917.000,"section_ns":[0.000,0.000,0.000,4834.000,0.000],"section_calls":[0,0,0,1,0]}
K1_DECODE_AUDIT {"ith":0,"nth":4,"weight":"leaf_0","activation":"leaf_1","input":"0x2adfa4c8f0","begin_ns":806515483966637,"packing_input_bytes":768,"m":3,"n":16,"k":64,"buffer_size":0,"copy_bytes":0,"total_ns":9833.000,"section_ns":[2669.000,0.000,2666.000,1083.000,0.000],"section_calls":[3,0,3,1,0]}
repack: repack tensor  with q4_0_16x32
K1_DECODE_AUDIT {"ith":3,"nth":4,"weight":"leaf_0","activation":"leaf_1","input":"0x2adfa4c8f0","begin_ns":806515484905204,"packing_input_bytes":0,"m":3,"n":32,"k":64,"buffer_size":0,"copy_bytes":0,"total_ns":7542.000,"section_ns":[0.000,0.000,0.000,4959.000,0.000],"section_calls":[0,0,0,1,0]}
K1_DECODE_AUDIT {"ith":2,"nth":4,"weight":"leaf_0","activation":"leaf_1","input":"0x2adfa4c8f0","begin_ns":806515484905204,"packing_input_bytes":0,"m":3,"n":32,"k":64,"buffer_size":0,"copy_bytes":0,"total_ns":7625.000,"section_ns":[0.000,0.000,0.000,4917.000,0.000],"section_calls":[0,0,0,1,0]}
K1_DECODE_AUDIT {"ith":0,"nth":4,"weight":"leaf_0","activation":"leaf_1","input":"0x2adfa4c8f0","begin_ns":806515484906329,"packing_input_bytes":768,"m":3,"n":32,"k":64,"buffer_size":0,"copy_bytes":0,"total_ns":9625.000,"section_ns":[2750.000,0.000,2834.000,1125.000,0.000],"section_calls":[3,0,3,1,0]}
K1_DECODE_AUDIT {"ith":1,"nth":4,"weight":"leaf_0","activation":"leaf_1","input":"0x2adfa4c8f0","begin_ns":806515484905246,"packing_input_bytes":0,"m":3,"n":32,"k":64,"buffer_size":0,"copy_bytes":0,"total_ns":10708.000,"section_ns":[0.000,0.000,2833.000,4958.000,0.000],"section_calls":[0,0,3,1,0]}
repack: repack tensor  with q4_0_16x32
K1_DECODE_AUDIT {"ith":1,"nth":4,"weight":"leaf_0","activation":"leaf_1","input":"0x2adfa4c8f0","begin_ns":806515485865355,"packing_input_bytes":0,"m":3,"n":128,"k":64,"buffer_size":0,"copy_bytes":0,"total_ns":12209.000,"section_ns":[0.000,0.000,3252.000,5625.000,0.000],"section_calls":[0,0,6,1,0]}
K1_DECODE_AUDIT {"ith":3,"nth":4,"weight":"leaf_0","activation":"leaf_1","input":"0x2adfa4c8f0","begin_ns":806515485865313,"packing_input_bytes":0,"m":3,"n":128,"k":64,"buffer_size":0,"copy_bytes":0,"total_ns":12501.000,"section_ns":[0.000,0.000,3459.000,5500.000,0.000],"section_calls":[0,0,6,1,0]}
K1_DECODE_AUDIT {"ith":2,"nth":4,"weight":"leaf_0","activation":"leaf_1","input":"0x2adfa4c8f0","begin_ns":806515485865313,"packing_input_bytes":0,"m":3,"n":128,"k":64,"buffer_size":0,"copy_bytes":0,"total_ns":12459.000,"section_ns":[0.000,0.000,3165.000,5458.000,0.000],"section_calls":[0,0,6,1,0]}
K1_DECODE_AUDIT {"ith":0,"nth":4,"weight":"leaf_0","activation":"leaf_1","input":"0x2adfa4c8f0","begin_ns":806515485867438,"packing_input_bytes":768,"m":3,"n":128,"k":64,"buffer_size":0,"copy_bytes":0,"total_ns":9959.000,"section_ns":[2501.000,0.000,3000.000,1208.000,0.000],"section_calls":[3,0,6,1,0]}
repack: repack tensor  with q4_0_16x32
K1_DECODE_AUDIT {"ith":2,"nth":4,"weight":"leaf_0","activation":"leaf_1","input":"0x2adfa4c8f0","begin_ns":806515486869507,"packing_input_bytes":0,"m":3,"n":16,"k":256,"buffer_size":0,"copy_bytes":0,"total_ns":8625.000,"section_ns":[0.000,0.000,0.000,6375.000,0.000],"section_calls":[0,0,0,1,0]}
K1_DECODE_AUDIT {"ith":3,"nth":4,"weight":"leaf_0","activation":"leaf_1","input":"0x2adfa4c8f0","begin_ns":806515486875216,"packing_input_bytes":0,"m":3,"n":16,"k":256,"buffer_size":0,"copy_bytes":0,"total_ns":3000.000,"section_ns":[0.000,0.000,0.000,1208.000,0.000],"section_calls":[0,0,0,1,0]}
K1_DECODE_AUDIT {"ith":1,"nth":4,"weight":"leaf_0","activation":"leaf_1","input":"0x2adfa4c8f0","begin_ns":806515486869591,"packing_input_bytes":0,"m":3,"n":16,"k":256,"buffer_size":0,"copy_bytes":0,"total_ns":8708.000,"section_ns":[0.000,0.000,0.000,6625.000,0.000],"section_calls":[0,0,0,1,0]}
K1_DECODE_AUDIT {"ith":0,"nth":4,"weight":"leaf_0","activation":"leaf_1","input":"0x2adfa4c8f0","begin_ns":806515486869549,"packing_input_bytes":3072,"m":3,"n":16,"k":256,"buffer_size":0,"copy_bytes":0,"total_ns":13167.000,"section_ns":[3542.000,0.000,3917.000,2458.000,0.000],"section_calls":[3,0,3,1,0]}
repack: repack tensor  with q4_0_16x32
K1_DECODE_AUDIT {"ith":3,"nth":4,"weight":"leaf_0","activation":"leaf_1","input":"0x2adfa4c8f0","begin_ns":806515487832783,"packing_input_bytes":0,"m":3,"n":32,"k":256,"buffer_size":0,"copy_bytes":0,"total_ns":6209.000,"section_ns":[0.000,0.000,0.000,4583.000,0.000],"section_calls":[0,0,0,1,0]}
K1_DECODE_AUDIT {"ith":2,"nth":4,"weight":"leaf_0","activation":"leaf_1","input":"0x2adfa4c8f0","begin_ns":806515487831325,"packing_input_bytes":0,"m":3,"n":32,"k":256,"buffer_size":0,"copy_bytes":0,"total_ns":7583.000,"section_ns":[0.000,0.000,0.000,5292.000,0.000],"section_calls":[0,0,0,1,0]}
K1_DECODE_AUDIT {"ith":0,"nth":4,"weight":"leaf_0","activation":"leaf_1","input":"0x2adfa4c8f0","begin_ns":806515487831242,"packing_input_bytes":3072,"m":3,"n":32,"k":256,"buffer_size":0,"copy_bytes":0,"total_ns":11667.000,"section_ns":[3499.000,0.000,3541.000,1167.000,0.000],"section_calls":[3,0,3,1,0]}
K1_DECODE_AUDIT {"ith":1,"nth":4,"weight":"leaf_0","activation":"leaf_1","input":"0x2adfa4c8f0","begin_ns":806515487831283,"packing_input_bytes":0,"m":3,"n":32,"k":256,"buffer_size":0,"copy_bytes":0,"total_ns":11751.000,"section_ns":[0.000,0.000,3751.000,5416.000,0.000],"section_calls":[0,0,3,1,0]}
repack: repack tensor  with q4_0_16x32
K1_DECODE_AUDIT {"ith":0,"nth":4,"weight":"leaf_0","activation":"leaf_1","input":"0x2adfa4c8f0","begin_ns":806515489494037,"packing_input_bytes":3072,"m":3,"n":128,"k":256,"buffer_size":0,"copy_bytes":0,"total_ns":15250.000,"section_ns":[4417.000,0.000,5582.000,1459.000,0.000],"section_calls":[3,0,6,1,0]}
K1_DECODE_AUDIT {"ith":2,"nth":4,"weight":"leaf_0","activation":"leaf_1","input":"0x2adfa4c8f0","begin_ns":806515489493953,"packing_input_bytes":0,"m":3,"n":128,"k":256,"buffer_size":0,"copy_bytes":0,"total_ns":16876.000,"section_ns":[0.000,0.000,7084.000,6000.000,0.000],"section_calls":[0,0,6,1,0]}
K1_DECODE_AUDIT {"ith":3,"nth":4,"weight":"leaf_0","activation":"leaf_1","input":"0x2adfa4c8f0","begin_ns":806515489495037,"packing_input_bytes":0,"m":3,"n":128,"k":256,"buffer_size":0,"copy_bytes":0,"total_ns":14917.000,"section_ns":[0.000,0.000,6168.000,6292.000,0.000],"section_calls":[0,0,6,1,0]}
K1_DECODE_AUDIT {"ith":1,"nth":4,"weight":"leaf_0","activation":"leaf_1","input":"0x2adfa4c8f0","begin_ns":806515489493995,"packing_input_bytes":0,"m":3,"n":128,"k":256,"buffer_size":0,"copy_bytes":0,"total_ns":17209.000,"section_ns":[0.000,0.000,7501.000,6500.000,0.000],"section_calls":[0,0,6,1,0]}
repack: repack tensor  with q4_0_16x32
K1_DECODE_AUDIT {"ith":1,"nth":4,"weight":"leaf_0","activation":"leaf_1","input":"0x2adfa4c8f0","begin_ns":806515491213833,"packing_input_bytes":0,"m":3,"n":16,"k":2048,"buffer_size":0,"copy_bytes":0,"total_ns":17251.000,"section_ns":[0.000,0.000,0.000,14376.000,0.000],"section_calls":[0,0,0,1,0]}
K1_DECODE_AUDIT {"ith":3,"nth":4,"weight":"leaf_0","activation":"leaf_1","input":"0x2adfa4c8f0","begin_ns":806515491215083,"packing_input_bytes":0,"m":3,"n":16,"k":2048,"buffer_size":0,"copy_bytes":0,"total_ns":16001.000,"section_ns":[0.000,0.000,0.000,13959.000,0.000],"section_calls":[0,0,0,1,0]}
K1_DECODE_AUDIT {"ith":2,"nth":4,"weight":"leaf_0","activation":"leaf_1","input":"0x2adfa4c8f0","begin_ns":806515491213958,"packing_input_bytes":0,"m":3,"n":16,"k":2048,"buffer_size":0,"copy_bytes":0,"total_ns":17126.000,"section_ns":[0.000,0.000,0.000,14459.000,0.000],"section_calls":[0,0,0,1,0]}
K1_DECODE_AUDIT {"ith":0,"nth":4,"weight":"leaf_0","activation":"leaf_1","input":"0x2adfa4c8f0","begin_ns":806515491213875,"packing_input_bytes":24576,"m":3,"n":16,"k":2048,"buffer_size":0,"copy_bytes":0,"total_ns":35751.000,"section_ns":[11666.000,0.000,18126.000,1751.000,0.000],"section_calls":[3,0,3,1,0]}
repack: repack tensor  with q4_0_16x32
K1_DECODE_AUDIT {"ith":3,"nth":4,"weight":"leaf_0","activation":"leaf_1","input":"0x2adfa4c8f0","begin_ns":806515493829529,"packing_input_bytes":0,"m":3,"n":32,"k":2048,"buffer_size":0,"copy_bytes":0,"total_ns":17209.000,"section_ns":[0.000,0.000,0.000,14792.000,0.000],"section_calls":[0,0,0,1,0]}
K1_DECODE_AUDIT {"ith":2,"nth":4,"weight":"leaf_0","activation":"leaf_1","input":"0x2adfa4c8f0","begin_ns":806515493829571,"packing_input_bytes":0,"m":3,"n":32,"k":2048,"buffer_size":0,"copy_bytes":0,"total_ns":17251.000,"section_ns":[0.000,0.000,0.000,14709.000,0.000],"section_calls":[0,0,0,1,0]}
K1_DECODE_AUDIT {"ith":0,"nth":4,"weight":"leaf_0","activation":"leaf_1","input":"0x2adfa4c8f0","begin_ns":806515493829654,"packing_input_bytes":24576,"m":3,"n":32,"k":2048,"buffer_size":0,"copy_bytes":0,"total_ns":35501.000,"section_ns":[12084.000,0.000,17917.000,1875.000,0.000],"section_calls":[3,0,3,1,0]}
K1_DECODE_AUDIT {"ith":1,"nth":4,"weight":"leaf_0","activation":"leaf_1","input":"0x2adfa4c8f0","begin_ns":806515493829613,"packing_input_bytes":0,"m":3,"n":32,"k":2048,"buffer_size":0,"copy_bytes":0,"total_ns":36667.000,"section_ns":[0.000,0.000,18959.000,14750.000,0.000],"section_calls":[0,0,3,1,0]}
repack: repack tensor  with q4_0_16x32
K1_DECODE_AUDIT {"ith":1,"nth":4,"weight":"leaf_0","activation":"leaf_1","input":"0x2adfa4c8f0","begin_ns":806515501224813,"packing_input_bytes":0,"m":3,"n":128,"k":2048,"buffer_size":0,"copy_bytes":0,"total_ns":82794.000,"section_ns":[0.000,0.000,41295.000,37501.000,0.000],"section_calls":[0,0,6,1,0]}
K1_DECODE_AUDIT {"ith":3,"nth":4,"weight":"leaf_0","activation":"leaf_1","input":"0x2adfa4c8f0","begin_ns":806515501226022,"packing_input_bytes":0,"m":3,"n":128,"k":2048,"buffer_size":0,"copy_bytes":0,"total_ns":82210.000,"section_ns":[0.000,0.000,41750.000,37459.000,0.000],"section_calls":[0,0,6,1,0]}
K1_DECODE_AUDIT {"ith":2,"nth":4,"weight":"leaf_0","activation":"leaf_1","input":"0x2adfa4c8f0","begin_ns":806515501261856,"packing_input_bytes":0,"m":3,"n":128,"k":2048,"buffer_size":0,"copy_bytes":0,"total_ns":46210.000,"section_ns":[0.000,0.000,41837.000,1291.000,0.000],"section_calls":[0,0,6,1,0]}
K1_DECODE_AUDIT {"ith":0,"nth":4,"weight":"leaf_0","activation":"leaf_1","input":"0x2adfa4c8f0","begin_ns":806515501224855,"packing_input_bytes":24576,"m":3,"n":128,"k":2048,"buffer_size":0,"copy_bytes":0,"total_ns":83544.000,"section_ns":[12666.000,0.000,41917.000,23834.000,0.000],"section_calls":[3,0,6,1,0]}
repack: repack tensor  with q4_0_16x32
K1_DECODE_AUDIT {"ith":3,"nth":4,"weight":"leaf_0","activation":"leaf_1","input":"0x2adfa4c8f0","begin_ns":806515502592767,"packing_input_bytes":0,"m":4,"n":16,"k":32,"buffer_size":0,"copy_bytes":0,"total_ns":3000.000,"section_ns":[0.000,0.000,0.000,1125.000,0.000],"section_calls":[0,0,0,1,0]}
K1_DECODE_AUDIT {"ith":2,"nth":4,"weight":"leaf_0","activation":"leaf_1","input":"0x2adfa4c8f0","begin_ns":806515502569808,"packing_input_bytes":0,"m":4,"n":16,"k":32,"buffer_size":0,"copy_bytes":0,"total_ns":26168.000,"section_ns":[0.000,0.000,0.000,24209.000,0.000],"section_calls":[0,0,0,1,0]}
K1_DECODE_AUDIT {"ith":1,"nth":4,"weight":"leaf_0","activation":"leaf_1","input":"0x2adfa4c8f0","begin_ns":806515502541391,"packing_input_bytes":0,"m":4,"n":16,"k":32,"buffer_size":0,"copy_bytes":0,"total_ns":54626.000,"section_ns":[0.000,0.000,0.000,52126.000,0.000],"section_calls":[0,0,0,1,0]}
K1_DECODE_AUDIT {"ith":0,"nth":4,"weight":"leaf_0","activation":"leaf_1","input":"0x2adfa4c8f0","begin_ns":806515502541224,"packing_input_bytes":512,"m":4,"n":16,"k":32,"buffer_size":0,"copy_bytes":0,"total_ns":57252.000,"section_ns":[2666.000,0.000,2250.000,48668.000,0.000],"section_calls":[1,0,1,1,0]}
repack: repack tensor  with q4_0_16x32
K1_DECODE_AUDIT {"ith":3,"nth":4,"weight":"leaf_0","activation":"leaf_1","input":"0x2adfa4c8f0","begin_ns":806515503439582,"packing_input_bytes":0,"m":4,"n":32,"k":32,"buffer_size":0,"copy_bytes":0,"total_ns":2750.000,"section_ns":[0.000,0.000,0.000,1167.000,0.000],"section_calls":[0,0,0,1,0]}
K1_DECODE_AUDIT {"ith":2,"nth":4,"weight":"leaf_0","activation":"leaf_1","input":"0x2adfa4c8f0","begin_ns":806515503434957,"packing_input_bytes":0,"m":4,"n":32,"k":32,"buffer_size":0,"copy_bytes":0,"total_ns":7625.000,"section_ns":[0.000,0.000,0.000,4834.000,0.000],"section_calls":[0,0,0,1,0]}
K1_DECODE_AUDIT {"ith":0,"nth":4,"weight":"leaf_0","activation":"leaf_1","input":"0x2adfa4c8f0","begin_ns":806515503434915,"packing_input_bytes":512,"m":4,"n":32,"k":32,"buffer_size":0,"copy_bytes":0,"total_ns":9292.000,"section_ns":[2209.000,0.000,1792.000,2417.000,0.000],"section_calls":[1,0,1,1,0]}
K1_DECODE_AUDIT {"ith":1,"nth":4,"weight":"leaf_0","activation":"leaf_1","input":"0x2adfa4c8f0","begin_ns":806515503434957,"packing_input_bytes":0,"m":4,"n":32,"k":32,"buffer_size":0,"copy_bytes":0,"total_ns":9333.000,"section_ns":[0.000,0.000,1667.000,5126.000,0.000],"section_calls":[0,0,1,1,0]}
repack: repack tensor  with q4_0_16x32
K1_DECODE_AUDIT {"ith":0,"nth":4,"weight":"leaf_0","activation":"leaf_1","input":"0x2adfa4c8f0","begin_ns":806515504373940,"packing_input_bytes":512,"m":4,"n":128,"k":32,"buffer_size":0,"copy_bytes":0,"total_ns":8834.000,"section_ns":[2000.000,0.000,2167.000,1125.000,0.000],"section_calls":[1,0,2,1,0]}
K1_DECODE_AUDIT {"ith":1,"nth":4,"weight":"leaf_0","activation":"leaf_1","input":"0x2adfa4c8f0","begin_ns":806515504374024,"packing_input_bytes":0,"m":4,"n":128,"k":32,"buffer_size":0,"copy_bytes":0,"total_ns":8833.000,"section_ns":[0.000,0.000,2209.000,3667.000,0.000],"section_calls":[0,0,2,1,0]}
K1_DECODE_AUDIT {"ith":2,"nth":4,"weight":"leaf_0","activation":"leaf_1","input":"0x2adfa4c8f0","begin_ns":806515504373982,"packing_input_bytes":0,"m":4,"n":128,"k":32,"buffer_size":0,"copy_bytes":0,"total_ns":8917.000,"section_ns":[0.000,0.000,2292.000,3792.000,0.000],"section_calls":[0,0,2,1,0]}
K1_DECODE_AUDIT {"ith":3,"nth":4,"weight":"leaf_0","activation":"leaf_1","input":"0x2adfa4c8f0","begin_ns":806515504374024,"packing_input_bytes":0,"m":4,"n":128,"k":32,"buffer_size":0,"copy_bytes":0,"total_ns":8708.000,"section_ns":[0.000,0.000,2084.000,4042.000,0.000],"section_calls":[0,0,2,1,0]}
repack: repack tensor  with q4_0_16x32
K1_DECODE_AUDIT {"ith":1,"nth":4,"weight":"leaf_0","activation":"leaf_1","input":"0x2adfa4c8f0","begin_ns":806515505245089,"packing_input_bytes":0,"m":4,"n":16,"k":64,"buffer_size":0,"copy_bytes":0,"total_ns":18042.000,"section_ns":[0.000,0.000,0.000,15959.000,0.000],"section_calls":[0,0,0,1,0]}
K1_DECODE_AUDIT {"ith":3,"nth":4,"weight":"leaf_0","activation":"leaf_1","input":"0x2adfa4c8f0","begin_ns":806515505259881,"packing_input_bytes":0,"m":4,"n":16,"k":64,"buffer_size":0,"copy_bytes":0,"total_ns":3250.000,"section_ns":[0.000,0.000,0.000,1292.000,0.000],"section_calls":[0,0,0,1,0]}
K1_DECODE_AUDIT {"ith":2,"nth":4,"weight":"leaf_0","activation":"leaf_1","input":"0x2adfa4c8f0","begin_ns":806515505245047,"packing_input_bytes":0,"m":4,"n":16,"k":64,"buffer_size":0,"copy_bytes":0,"total_ns":18126.000,"section_ns":[0.000,0.000,0.000,16000.000,0.000],"section_calls":[0,0,0,1,0]}
K1_DECODE_AUDIT {"ith":0,"nth":4,"weight":"leaf_0","activation":"leaf_1","input":"0x2adfa4c8f0","begin_ns":806515505249339,"packing_input_bytes":1024,"m":4,"n":16,"k":64,"buffer_size":0,"copy_bytes":0,"total_ns":16209.000,"section_ns":[2500.000,0.000,2125.000,8792.000,0.000],"section_calls":[1,0,1,1,0]}
repack: repack tensor  with q4_0_16x32
K1_DECODE_AUDIT {"ith":3,"nth":4,"weight":"leaf_0","activation":"leaf_1","input":"0x2adfa4c8f0","begin_ns":806515506112779,"packing_input_bytes":0,"m":4,"n":32,"k":64,"buffer_size":0,"copy_bytes":0,"total_ns":6125.000,"section_ns":[0.000,0.000,0.000,4042.000,0.000],"section_calls":[0,0,0,1,0]}
K1_DECODE_AUDIT {"ith":2,"nth":4,"weight":"leaf_0","activation":"leaf_1","input":"0x2adfa4c8f0","begin_ns":806515506112738,"packing_input_bytes":0,"m":4,"n":32,"k":64,"buffer_size":0,"copy_bytes":0,"total_ns":6208.000,"section_ns":[0.000,0.000,0.000,4125.000,0.000],"section_calls":[0,0,0,1,0]}
K1_DECODE_AUDIT {"ith":0,"nth":4,"weight":"leaf_0","activation":"leaf_1","input":"0x2adfa4c8f0","begin_ns":806515506112738,"packing_input_bytes":1024,"m":4,"n":32,"k":64,"buffer_size":0,"copy_bytes":0,"total_ns":7875.000,"section_ns":[2458.000,0.000,1667.000,1375.000,0.000],"section_calls":[1,0,1,1,0]}
K1_DECODE_AUDIT {"ith":1,"nth":4,"weight":"leaf_0","activation":"leaf_1","input":"0x2adfa4c8f0","begin_ns":806515506112821,"packing_input_bytes":0,"m":4,"n":32,"k":64,"buffer_size":0,"copy_bytes":0,"total_ns":8084.000,"section_ns":[0.000,0.000,1875.000,3917.000,0.000],"section_calls":[0,0,1,1,0]}
repack: repack tensor  with q4_0_16x32
K1_DECODE_AUDIT {"ith":1,"nth":4,"weight":"leaf_0","activation":"leaf_1","input":"0x2adfa4c8f0","begin_ns":806515507076555,"packing_input_bytes":0,"m":4,"n":128,"k":64,"buffer_size":0,"copy_bytes":0,"total_ns":26543.000,"section_ns":[0.000,0.000,2334.000,21417.000,0.000],"section_calls":[0,0,2,1,0]}
K1_DECODE_AUDIT {"ith":0,"nth":4,"weight":"leaf_0","activation":"leaf_1","input":"0x2adfa4c8f0","begin_ns":806515507094389,"packing_input_bytes":1024,"m":4,"n":128,"k":64,"buffer_size":0,"copy_bytes":0,"total_ns":9417.000,"section_ns":[2500.000,0.000,2958.000,1125.000,0.000],"section_calls":[1,0,2,1,0]}
K1_DECODE_AUDIT {"ith":3,"nth":4,"weight":"leaf_0","activation":"leaf_1","input":"0x2adfa4c8f0","begin_ns":806515507079764,"packing_input_bytes":0,"m":4,"n":128,"k":64,"buffer_size":0,"copy_bytes":0,"total_ns":23792.000,"section_ns":[0.000,0.000,2499.000,19292.000,0.000],"section_calls":[0,0,2,1,0]}
K1_DECODE_AUDIT {"ith":2,"nth":4,"weight":"leaf_0","activation":"leaf_1","input":"0x2adfa4c8f0","begin_ns":806515507076514,"packing_input_bytes":0,"m":4,"n":128,"k":64,"buffer_size":0,"copy_bytes":0,"total_ns":27126.000,"section_ns":[0.000,0.000,2542.000,21751.000,0.000],"section_calls":[0,0,2,1,0]}
repack: repack tensor  with q4_0_16x32
K1_DECODE_AUDIT {"ith":1,"nth":4,"weight":"leaf_0","activation":"leaf_1","input":"0x2adfa4c8f0","begin_ns":806515508140251,"packing_input_bytes":0,"m":4,"n":16,"k":256,"buffer_size":0,"copy_bytes":0,"total_ns":9584.000,"section_ns":[0.000,0.000,0.000,7459.000,0.000],"section_calls":[0,0,0,1,0]}
K1_DECODE_AUDIT {"ith":3,"nth":4,"weight":"leaf_0","activation":"leaf_1","input":"0x2adfa4c8f0","begin_ns":806515508140251,"packing_input_bytes":0,"m":4,"n":16,"k":256,"buffer_size":0,"copy_bytes":0,"total_ns":9667.000,"section_ns":[0.000,0.000,0.000,7667.000,0.000],"section_calls":[0,0,0,1,0]}
K1_DECODE_AUDIT {"ith":2,"nth":4,"weight":"leaf_0","activation":"leaf_1","input":"0x2adfa4c8f0","begin_ns":806515508140334,"packing_input_bytes":0,"m":4,"n":16,"k":256,"buffer_size":0,"copy_bytes":0,"total_ns":9542.000,"section_ns":[0.000,0.000,0.000,7500.000,0.000],"section_calls":[0,0,0,1,0]}
K1_DECODE_AUDIT {"ith":0,"nth":4,"weight":"leaf_0","activation":"leaf_1","input":"0x2adfa4c8f0","begin_ns":806515508140293,"packing_input_bytes":4096,"m":4,"n":16,"k":256,"buffer_size":0,"copy_bytes":0,"total_ns":12125.000,"section_ns":[5792.000,0.000,2500.000,1250.000,0.000],"section_calls":[1,0,1,1,0]}
repack: repack tensor  with q4_0_16x32
K1_DECODE_AUDIT {"ith":2,"nth":4,"weight":"leaf_0","activation":"leaf_1","input":"0x2adfa4c8f0","begin_ns":806515509191280,"packing_input_bytes":0,"m":4,"n":32,"k":256,"buffer_size":0,"copy_bytes":0,"total_ns":9916.000,"section_ns":[0.000,0.000,0.000,7833.000,0.000],"section_calls":[0,0,0,1,0]}
K1_DECODE_AUDIT {"ith":3,"nth":4,"weight":"leaf_0","activation":"leaf_1","input":"0x2adfa4c8f0","begin_ns":806515509191280,"packing_input_bytes":0,"m":4,"n":32,"k":256,"buffer_size":0,"copy_bytes":0,"total_ns":10333.000,"section_ns":[0.000,0.000,0.000,7875.000,0.000],"section_calls":[0,0,0,1,0]}
K1_DECODE_AUDIT {"ith":0,"nth":4,"weight":"leaf_0","activation":"leaf_1","input":"0x2adfa4c8f0","begin_ns":806515509191321,"packing_input_bytes":4096,"m":4,"n":32,"k":256,"buffer_size":0,"copy_bytes":0,"total_ns":12626.000,"section_ns":[5875.000,0.000,2542.000,1083.000,0.000],"section_calls":[1,0,1,1,0]}
K1_DECODE_AUDIT {"ith":1,"nth":4,"weight":"leaf_0","activation":"leaf_1","input":"0x2adfa4c8f0","begin_ns":806515509191363,"packing_input_bytes":0,"m":4,"n":32,"k":256,"buffer_size":0,"copy_bytes":0,"total_ns":13000.000,"section_ns":[0.000,0.000,2875.000,7667.000,0.000],"section_calls":[0,0,1,1,0]}
repack: repack tensor  with q4_0_16x32
K1_DECODE_AUDIT {"ith":0,"nth":4,"weight":"leaf_0","activation":"leaf_1","input":"0x2adfa4c8f0","begin_ns":806515510772989,"packing_input_bytes":4096,"m":4,"n":128,"k":256,"buffer_size":0,"copy_bytes":0,"total_ns":14084.000,"section_ns":[5500.000,0.000,3834.000,1167.000,0.000],"section_calls":[1,0,2,1,0]}
K1_DECODE_AUDIT {"ith":2,"nth":4,"weight":"leaf_0","activation":"leaf_1","input":"0x2adfa4c8f0","begin_ns":806515510772947,"packing_input_bytes":0,"m":4,"n":128,"k":256,"buffer_size":0,"copy_bytes":0,"total_ns":14626.000,"section_ns":[0.000,0.000,4209.000,7791.000,0.000],"section_calls":[0,0,2,1,0]}
K1_DECODE_AUDIT {"ith":1,"nth":4,"weight":"leaf_0","activation":"leaf_1","input":"0x2adfa4c8f0","begin_ns":806515510772447,"packing_input_bytes":0,"m":4,"n":128,"k":256,"buffer_size":0,"copy_bytes":0,"total_ns":15126.000,"section_ns":[0.000,0.000,4334.000,7959.000,0.000],"section_calls":[0,0,2,1,0]}
K1_DECODE_AUDIT {"ith":3,"nth":4,"weight":"leaf_0","activation":"leaf_1","input":"0x2adfa4c8f0","begin_ns":806515510773739,"packing_input_bytes":0,"m":4,"n":128,"k":256,"buffer_size":0,"copy_bytes":0,"total_ns":14459.000,"section_ns":[0.000,0.000,4875.000,7416.000,0.000],"section_calls":[0,0,2,1,0]}
repack: repack tensor  with q4_0_16x32
K1_DECODE_AUDIT {"ith":2,"nth":4,"weight":"leaf_0","activation":"leaf_1","input":"0x2adfa4c8f0","begin_ns":806515512634790,"packing_input_bytes":0,"m":4,"n":16,"k":2048,"buffer_size":0,"copy_bytes":0,"total_ns":36084.000,"section_ns":[0.000,0.000,0.000,33460.000,0.000],"section_calls":[0,0,0,1,0]}
K1_DECODE_AUDIT {"ith":3,"nth":4,"weight":"leaf_0","activation":"leaf_1","input":"0x2adfa4c8f0","begin_ns":806515512636623,"packing_input_bytes":0,"m":4,"n":16,"k":2048,"buffer_size":0,"copy_bytes":0,"total_ns":34293.000,"section_ns":[0.000,0.000,0.000,32501.000,0.000],"section_calls":[0,0,0,1,0]}
K1_DECODE_AUDIT {"ith":1,"nth":4,"weight":"leaf_0","activation":"leaf_1","input":"0x2adfa4c8f0","begin_ns":806515512634748,"packing_input_bytes":0,"m":4,"n":16,"k":2048,"buffer_size":0,"copy_bytes":0,"total_ns":36209.000,"section_ns":[0.000,0.000,0.000,33751.000,0.000],"section_calls":[0,0,0,1,0]}
K1_DECODE_AUDIT {"ith":0,"nth":4,"weight":"leaf_0","activation":"leaf_1","input":"0x2adfa4c8f0","begin_ns":806515512634623,"packing_input_bytes":32768,"m":4,"n":16,"k":2048,"buffer_size":0,"copy_bytes":0,"total_ns":46751.000,"section_ns":[31168.000,0.000,10209.000,1750.000,0.000],"section_calls":[1,0,1,1,0]}
repack: repack tensor  with q4_0_16x32
K1_DECODE_AUDIT {"ith":2,"nth":4,"weight":"leaf_0","activation":"leaf_1","input":"0x2adfa4c8f0","begin_ns":806515515279236,"packing_input_bytes":0,"m":4,"n":32,"k":2048,"buffer_size":0,"copy_bytes":0,"total_ns":36001.000,"section_ns":[0.000,0.000,0.000,33626.000,0.000],"section_calls":[0,0,0,1,0]}
K1_DECODE_AUDIT {"ith":3,"nth":4,"weight":"leaf_0","activation":"leaf_1","input":"0x2adfa4c8f0","begin_ns":806515515279195,"packing_input_bytes":0,"m":4,"n":32,"k":2048,"buffer_size":0,"copy_bytes":0,"total_ns":36042.000,"section_ns":[0.000,0.000,0.000,33709.000,0.000],"section_calls":[0,0,0,1,0]}
K1_DECODE_AUDIT {"ith":1,"nth":4,"weight":"leaf_0","activation":"leaf_1","input":"0x2adfa4c8f0","begin_ns":806515515279278,"packing_input_bytes":0,"m":4,"n":32,"k":2048,"buffer_size":0,"copy_bytes":0,"total_ns":46876.000,"section_ns":[0.000,0.000,10959.000,33543.000,0.000],"section_calls":[0,0,1,1,0]}
K1_DECODE_AUDIT {"ith":0,"nth":4,"weight":"leaf_0","activation":"leaf_1","input":"0x2adfa4c8f0","begin_ns":806515515279278,"packing_input_bytes":32768,"m":4,"n":32,"k":2048,"buffer_size":0,"copy_bytes":0,"total_ns":47460.000,"section_ns":[31584.000,0.000,11334.000,1667.000,0.000],"section_calls":[1,0,1,1,0]}
repack: repack tensor  with q4_0_16x32
K1_DECODE_AUDIT {"ith":0,"nth":4,"weight":"leaf_0","activation":"leaf_1","input":"0x2adfa4c8f0","begin_ns":806515522741189,"packing_input_bytes":32768,"m":4,"n":128,"k":2048,"buffer_size":0,"copy_bytes":0,"total_ns":59668.000,"section_ns":[31334.000,0.000,23333.000,2042.000,0.000],"section_calls":[1,0,2,1,0]}
K1_DECODE_AUDIT {"ith":3,"nth":4,"weight":"leaf_0","activation":"leaf_1","input":"0x2adfa4c8f0","begin_ns":806515522725813,"packing_input_bytes":0,"m":4,"n":128,"k":2048,"buffer_size":0,"copy_bytes":0,"total_ns":74419.000,"section_ns":[0.000,0.000,22459.000,47626.000,0.000],"section_calls":[0,0,2,1,0]}
K1_DECODE_AUDIT {"ith":2,"nth":4,"weight":"leaf_0","activation":"leaf_1","input":"0x2adfa4c8f0","begin_ns":806515522725772,"packing_input_bytes":0,"m":4,"n":128,"k":2048,"buffer_size":0,"copy_bytes":0,"total_ns":75210.000,"section_ns":[0.000,0.000,23500.000,47584.000,0.000],"section_calls":[0,0,2,1,0]}
K1_DECODE_AUDIT {"ith":1,"nth":4,"weight":"leaf_0","activation":"leaf_1","input":"0x2adfa4c8f0","begin_ns":806515522728647,"packing_input_bytes":0,"m":4,"n":128,"k":2048,"buffer_size":0,"copy_bytes":0,"total_ns":73877.000,"section_ns":[0.000,0.000,25084.000,45834.000,0.000],"section_calls":[0,0,2,1,0]}
repack: repack tensor  with q4_0_16x32
K1_DECODE_AUDIT {"ith":2,"nth":4,"weight":"leaf_0","activation":"leaf_1","input":"0x2adfa4c8f0","begin_ns":806515523905512,"packing_input_bytes":0,"m":7,"n":16,"k":32,"buffer_size":0,"copy_bytes":0,"total_ns":6875.000,"section_ns":[0.000,0.000,0.000,4125.000,0.000],"section_calls":[0,0,0,1,0]}
K1_DECODE_AUDIT {"ith":3,"nth":4,"weight":"leaf_0","activation":"leaf_1","input":"0x2adfa4c8f0","begin_ns":806515523906762,"packing_input_bytes":0,"m":7,"n":16,"k":32,"buffer_size":0,"copy_bytes":0,"total_ns":5584.000,"section_ns":[0.000,0.000,0.000,3750.000,0.000],"section_calls":[0,0,0,1,0]}
K1_DECODE_AUDIT {"ith":1,"nth":4,"weight":"leaf_0","activation":"leaf_1","input":"0x2adfa4c8f0","begin_ns":806515523905512,"packing_input_bytes":384,"m":7,"n":16,"k":32,"buffer_size":0,"copy_bytes":0,"total_ns":6584.000,"section_ns":[2124.000,0.000,0.000,1125.000,0.000],"section_calls":[3,0,0,1,0]}
K1_DECODE_AUDIT {"ith":0,"nth":4,"weight":"leaf_0","activation":"leaf_1","input":"0x2adfa4c8f0","begin_ns":806515523905470,"packing_input_bytes":512,"m":7,"n":16,"k":32,"buffer_size":0,"copy_bytes":0,"total_ns":11042.000,"section_ns":[2000.000,0.000,3874.000,1375.000,0.000],"section_calls":[1,0,4,1,0]}
repack: repack tensor  with q4_0_16x32
K1_DECODE_AUDIT {"ith":2,"nth":4,"weight":"leaf_0","activation":"leaf_1","input":"0x2adfa4c8f0","begin_ns":806515524834162,"packing_input_bytes":0,"m":7,"n":32,"k":32,"buffer_size":0,"copy_bytes":0,"total_ns":6834.000,"section_ns":[0.000,0.000,0.000,4001.000,0.000],"section_calls":[0,0,0,1,0]}
K1_DECODE_AUDIT {"ith":3,"nth":4,"weight":"leaf_0","activation":"leaf_1","input":"0x2adfa4c8f0","begin_ns":806515524834246,"packing_input_bytes":0,"m":7,"n":32,"k":32,"buffer_size":0,"copy_bytes":0,"total_ns":6750.000,"section_ns":[0.000,0.000,0.000,4167.000,0.000],"section_calls":[0,0,0,1,0]}
K1_DECODE_AUDIT {"ith":0,"nth":4,"weight":"leaf_0","activation":"leaf_1","input":"0x2adfa4c8f0","begin_ns":806515524834079,"packing_input_bytes":512,"m":7,"n":32,"k":32,"buffer_size":0,"copy_bytes":0,"total_ns":9959.000,"section_ns":[2417.000,0.000,2793.000,1209.000,0.000],"section_calls":[1,0,4,1,0]}
K1_DECODE_AUDIT {"ith":1,"nth":4,"weight":"leaf_0","activation":"leaf_1","input":"0x2adfa4c8f0","begin_ns":806515524834121,"packing_input_bytes":384,"m":7,"n":32,"k":32,"buffer_size":0,"copy_bytes":0,"total_ns":10292.000,"section_ns":[2166.000,0.000,3126.000,1166.000,0.000],"section_calls":[3,0,4,1,0]}
repack: repack tensor  with q4_0_16x32
K1_DECODE_AUDIT {"ith":0,"nth":4,"weight":"leaf_0","activation":"leaf_1","input":"0x2adfa4c8f0","begin_ns":806515525844898,"packing_input_bytes":512,"m":7,"n":128,"k":32,"buffer_size":0,"copy_bytes":0,"total_ns":10792.000,"section_ns":[2209.000,0.000,3957.000,1292.000,0.000],"section_calls":[1,0,8,1,0]}
K1_DECODE_AUDIT {"ith":3,"nth":4,"weight":"leaf_0","activation":"leaf_1","input":"0x2adfa4c8f0","begin_ns":806515525844940,"packing_input_bytes":0,"m":7,"n":128,"k":32,"buffer_size":0,"copy_bytes":0,"total_ns":11292.000,"section_ns":[0.000,0.000,4249.000,4001.000,0.000],"section_calls":[0,0,8,1,0]}
K1_DECODE_AUDIT {"ith":2,"nth":4,"weight":"leaf_0","activation":"leaf_1","input":"0x2adfa4c8f0","begin_ns":806515525844898,"packing_input_bytes":0,"m":7,"n":128,"k":32,"buffer_size":0,"copy_bytes":0,"total_ns":10792.000,"section_ns":[0.000,0.000,3583.000,4125.000,0.000],"section_calls":[0,0,8,1,0]}
K1_DECODE_AUDIT {"ith":1,"nth":4,"weight":"leaf_0","activation":"leaf_1","input":"0x2adfa4c8f0","begin_ns":806515525844856,"packing_input_bytes":384,"m":7,"n":128,"k":32,"buffer_size":0,"copy_bytes":0,"total_ns":11126.000,"section_ns":[2043.000,0.000,4167.000,1167.000,0.000],"section_calls":[3,0,8,1,0]}
repack: repack tensor  with q4_0_16x32
K1_DECODE_AUDIT {"ith":2,"nth":4,"weight":"leaf_0","activation":"leaf_1","input":"0x2adfa4c8f0","begin_ns":806515526712005,"packing_input_bytes":0,"m":7,"n":16,"k":64,"buffer_size":0,"copy_bytes":0,"total_ns":6583.000,"section_ns":[0.000,0.000,0.000,4875.000,0.000],"section_calls":[0,0,0,1,0]}
K1_DECODE_AUDIT {"ith":3,"nth":4,"weight":"leaf_0","activation":"leaf_1","input":"0x2adfa4c8f0","begin_ns":806515526711838,"packing_input_bytes":0,"m":7,"n":16,"k":64,"buffer_size":0,"copy_bytes":0,"total_ns":6834.000,"section_ns":[0.000,0.000,0.000,4875.000,0.000],"section_calls":[0,0,0,1,0]}
K1_DECODE_AUDIT {"ith":1,"nth":4,"weight":"leaf_0","activation":"leaf_1","input":"0x2adfa4c8f0","begin_ns":806515526711922,"packing_input_bytes":768,"m":7,"n":16,"k":64,"buffer_size":0,"copy_bytes":0,"total_ns":6666.000,"section_ns":[2541.000,0.000,0.000,1584.000,0.000],"section_calls":[3,0,0,1,0]}
K1_DECODE_AUDIT {"ith":0,"nth":4,"weight":"leaf_0","activation":"leaf_1","input":"0x2adfa4c8f0","begin_ns":806515526712047,"packing_input_bytes":1024,"m":7,"n":16,"k":64,"buffer_size":0,"copy_bytes":0,"total_ns":10375.000,"section_ns":[2625.000,0.000,3459.000,1125.000,0.000],"section_calls":[1,0,4,1,0]}
repack: repack tensor  with q4_0_16x32
K1_DECODE_AUDIT {"ith":3,"nth":4,"weight":"leaf_0","activation":"leaf_1","input":"0x2adfa4c8f0","begin_ns":806515527549028,"packing_input_bytes":0,"m":7,"n":32,"k":64,"buffer_size":0,"copy_bytes":0,"total_ns":2958.000,"section_ns":[0.000,0.000,0.000,1042.000,0.000],"section_calls":[0,0,0,1,0]}
K1_DECODE_AUDIT {"ith":2,"nth":4,"weight":"leaf_0","activation":"leaf_1","input":"0x2adfa4c8f0","begin_ns":806515527531527,"packing_input_bytes":0,"m":7,"n":32,"k":64,"buffer_size":0,"copy_bytes":0,"total_ns":20709.000,"section_ns":[0.000,0.000,0.000,18334.000,0.000],"section_calls":[0,0,0,1,0]}
K1_DECODE_AUDIT {"ith":0,"nth":4,"weight":"leaf_0","activation":"leaf_1","input":"0x2adfa4c8f0","begin_ns":806515527531486,"packing_input_bytes":1024,"m":7,"n":32,"k":64,"buffer_size":0,"copy_bytes":0,"total_ns":24542.000,"section_ns":[2417.000,0.000,3375.000,15459.000,0.000],"section_calls":[1,0,4,1,0]}
K1_DECODE_AUDIT {"ith":1,"nth":4,"weight":"leaf_0","activation":"leaf_1","input":"0x2adfa4c8f0","begin_ns":806515527531527,"packing_input_bytes":768,"m":7,"n":32,"k":64,"buffer_size":0,"copy_bytes":0,"total_ns":24668.000,"section_ns":[2249.000,0.000,3459.000,15625.000,0.000],"section_calls":[3,0,4,1,0]}
repack: repack tensor  with q4_0_16x32
K1_DECODE_AUDIT {"ith":0,"nth":4,"weight":"leaf_0","activation":"leaf_1","input":"0x2adfa4c8f0","begin_ns":806515528660558,"packing_input_bytes":1024,"m":7,"n":128,"k":64,"buffer_size":0,"copy_bytes":0,"total_ns":12250.000,"section_ns":[3042.000,0.000,4626.000,1167.000,0.000],"section_calls":[1,0,8,1,0]}
K1_DECODE_AUDIT {"ith":2,"nth":4,"weight":"leaf_0","activation":"leaf_1","input":"0x2adfa4c8f0","begin_ns":806515528660433,"packing_input_bytes":0,"m":7,"n":128,"k":64,"buffer_size":0,"copy_bytes":0,"total_ns":12750.000,"section_ns":[0.000,0.000,4874.000,4417.000,0.000],"section_calls":[0,0,8,1,0]}
K1_DECODE_AUDIT {"ith":3,"nth":4,"weight":"leaf_0","activation":"leaf_1","input":"0x2adfa4c8f0","begin_ns":806515528660474,"packing_input_bytes":0,"m":7,"n":128,"k":64,"buffer_size":0,"copy_bytes":0,"total_ns":12709.000,"section_ns":[0.000,0.000,4918.000,4625.000,0.000],"section_calls":[0,0,8,1,0]}
K1_DECODE_AUDIT {"ith":1,"nth":4,"weight":"leaf_0","activation":"leaf_1","input":"0x2adfa4c8f0","begin_ns":806515528660516,"packing_input_bytes":768,"m":7,"n":128,"k":64,"buffer_size":0,"copy_bytes":0,"total_ns":12292.000,"section_ns":[2792.000,0.000,4501.000,1250.000,0.000],"section_calls":[3,0,8,1,0]}
repack: repack tensor  with q4_0_16x32
K1_DECODE_AUDIT {"ith":2,"nth":4,"weight":"leaf_0","activation":"leaf_1","input":"0x2adfa4c8f0","begin_ns":806515529680127,"packing_input_bytes":0,"m":7,"n":16,"k":256,"buffer_size":0,"copy_bytes":0,"total_ns":9834.000,"section_ns":[0.000,0.000,0.000,7417.000,0.000],"section_calls":[0,0,0,1,0]}
K1_DECODE_AUDIT {"ith":3,"nth":4,"weight":"leaf_0","activation":"leaf_1","input":"0x2adfa4c8f0","begin_ns":806515529680169,"packing_input_bytes":0,"m":7,"n":16,"k":256,"buffer_size":0,"copy_bytes":0,"total_ns":9750.000,"section_ns":[0.000,0.000,0.000,7334.000,0.000],"section_calls":[0,0,0,1,0]}
K1_DECODE_AUDIT {"ith":1,"nth":4,"weight":"leaf_0","activation":"leaf_1","input":"0x2adfa4c8f0","begin_ns":806515529680210,"packing_input_bytes":3072,"m":7,"n":16,"k":256,"buffer_size":0,"copy_bytes":0,"total_ns":9792.000,"section_ns":[4084.000,0.000,0.000,3000.000,0.000],"section_calls":[3,0,0,1,0]}
K1_DECODE_AUDIT {"ith":0,"nth":4,"weight":"leaf_0","activation":"leaf_1","input":"0x2adfa4c8f0","begin_ns":806515529680127,"packing_input_bytes":4096,"m":7,"n":16,"k":256,"buffer_size":0,"copy_bytes":0,"total_ns":15959.000,"section_ns":[5791.000,0.000,5666.000,1250.000,0.000],"section_calls":[1,0,4,1,0]}
repack: repack tensor  with q4_0_16x32
K1_DECODE_AUDIT {"ith":2,"nth":4,"weight":"leaf_0","activation":"leaf_1","input":"0x2adfa4c8f0","begin_ns":806515530670987,"packing_input_bytes":0,"m":7,"n":32,"k":256,"buffer_size":0,"copy_bytes":0,"total_ns":10751.000,"section_ns":[0.000,0.000,0.000,8208.000,0.000],"section_calls":[0,0,0,1,0]}
K1_DECODE_AUDIT {"ith":3,"nth":4,"weight":"leaf_0","activation":"leaf_1","input":"0x2adfa4c8f0","begin_ns":806515530671071,"packing_input_bytes":0,"m":7,"n":32,"k":256,"buffer_size":0,"copy_bytes":0,"total_ns":10667.000,"section_ns":[0.000,0.000,0.000,8375.000,0.000],"section_calls":[0,0,0,1,0]}
K1_DECODE_AUDIT {"ith":1,"nth":4,"weight":"leaf_0","activation":"leaf_1","input":"0x2adfa4c8f0","begin_ns":806515530671029,"packing_input_bytes":3072,"m":7,"n":32,"k":256,"buffer_size":0,"copy_bytes":0,"total_ns":16042.000,"section_ns":[3501.000,0.000,5084.000,4083.000,0.000],"section_calls":[3,0,4,1,0]}
K1_DECODE_AUDIT {"ith":0,"nth":4,"weight":"leaf_0","activation":"leaf_1","input":"0x2adfa4c8f0","begin_ns":806515530671112,"packing_input_bytes":4096,"m":7,"n":32,"k":256,"buffer_size":0,"copy_bytes":0,"total_ns":16209.000,"section_ns":[6709.000,0.000,5208.000,1167.000,0.000],"section_calls":[1,0,4,1,0]}
repack: repack tensor  with q4_0_16x32
K1_DECODE_AUDIT {"ith":2,"nth":4,"weight":"leaf_0","activation":"leaf_1","input":"0x2adfa4c8f0","begin_ns":806515532379617,"packing_input_bytes":0,"m":7,"n":128,"k":256,"buffer_size":0,"copy_bytes":0,"total_ns":20917.000,"section_ns":[0.000,0.000,9375.000,7792.000,0.000],"section_calls":[0,0,8,1,0]}
K1_DECODE_AUDIT {"ith":0,"nth":4,"weight":"leaf_0","activation":"leaf_1","input":"0x2adfa4c8f0","begin_ns":806515532379659,"packing_input_bytes":4096,"m":7,"n":128,"k":256,"buffer_size":0,"copy_bytes":0,"total_ns":20917.000,"section_ns":[6000.000,0.000,9875.000,1292.000,0.000],"section_calls":[1,0,8,1,0]}
K1_DECODE_AUDIT {"ith":3,"nth":4,"weight":"leaf_0","activation":"leaf_1","input":"0x2adfa4c8f0","begin_ns":806515532379617,"packing_input_bytes":0,"m":7,"n":128,"k":256,"buffer_size":0,"copy_bytes":0,"total_ns":21042.000,"section_ns":[0.000,0.000,9417.000,7959.000,0.000],"section_calls":[0,0,8,1,0]}
K1_DECODE_AUDIT {"ith":1,"nth":4,"weight":"leaf_0","activation":"leaf_1","input":"0x2adfa4c8f0","begin_ns":806515532379700,"packing_input_bytes":3072,"m":7,"n":128,"k":256,"buffer_size":0,"copy_bytes":0,"total_ns":20751.000,"section_ns":[3542.000,0.000,9501.000,3959.000,0.000],"section_calls":[3,0,8,1,0]}
repack: repack tensor  with q4_0_16x32
K1_DECODE_AUDIT {"ith":2,"nth":4,"weight":"leaf_0","activation":"leaf_1","input":"0x2adfa4c8f0","begin_ns":806515534307878,"packing_input_bytes":0,"m":7,"n":16,"k":2048,"buffer_size":0,"copy_bytes":0,"total_ns":48584.000,"section_ns":[0.000,0.000,0.000,46168.000,0.000],"section_calls":[0,0,0,1,0]}
K1_DECODE_AUDIT {"ith":3,"nth":4,"weight":"leaf_0","activation":"leaf_1","input":"0x2adfa4c8f0","begin_ns":806515534307753,"packing_input_bytes":0,"m":7,"n":16,"k":2048,"buffer_size":0,"copy_bytes":0,"total_ns":49168.000,"section_ns":[0.000,0.000,0.000,47126.000,0.000],"section_calls":[0,0,0,1,0]}
K1_DECODE_AUDIT {"ith":1,"nth":4,"weight":"leaf_0","activation":"leaf_1","input":"0x2adfa4c8f0","begin_ns":806515534307711,"packing_input_bytes":24576,"m":7,"n":16,"k":2048,"buffer_size":0,"copy_bytes":0,"total_ns":49210.000,"section_ns":[13084.000,0.000,0.000,33418.000,0.000],"section_calls":[3,0,0,1,0]}
K1_DECODE_AUDIT {"ith":0,"nth":4,"weight":"leaf_0","activation":"leaf_1","input":"0x2adfa4c8f0","begin_ns":806515534320961,"packing_input_bytes":32768,"m":7,"n":16,"k":2048,"buffer_size":0,"copy_bytes":0,"total_ns":65794.000,"section_ns":[31501.000,0.000,29333.000,1750.000,0.000],"section_calls":[1,0,4,1,0]}
repack: repack tensor  with q4_0_16x32
K1_DECODE_AUDIT {"ith":2,"nth":4,"weight":"leaf_0","activation":"leaf_1","input":"0x2adfa4c8f0","begin_ns":806515537112495,"packing_input_bytes":0,"m":7,"n":32,"k":2048,"buffer_size":0,"copy_bytes":0,"total_ns":37293.000,"section_ns":[0.000,0.000,0.000,34625.000,0.000],"section_calls":[0,0,0,1,0]}
K1_DECODE_AUDIT {"ith":3,"nth":4,"weight":"leaf_0","activation":"leaf_1","input":"0x2adfa4c8f0","begin_ns":806515537112454,"packing_input_bytes":0,"m":7,"n":32,"k":2048,"buffer_size":0,"copy_bytes":0,"total_ns":37292.000,"section_ns":[0.000,0.000,0.000,34626.000,0.000],"section_calls":[0,0,0,1,0]}
K1_DECODE_AUDIT {"ith":1,"nth":4,"weight":"leaf_0","activation":"leaf_1","input":"0x2adfa4c8f0","begin_ns":806515537112245,"packing_input_bytes":24576,"m":7,"n":32,"k":2048,"buffer_size":0,"copy_bytes":0,"total_ns":67044.000,"section_ns":[12458.000,0.000,28625.000,21959.000,0.000],"section_calls":[3,0,4,1,0]}
K1_DECODE_AUDIT {"ith":0,"nth":4,"weight":"leaf_0","activation":"leaf_1","input":"0x2adfa4c8f0","begin_ns":806515537112204,"packing_input_bytes":32768,"m":7,"n":32,"k":2048,"buffer_size":0,"copy_bytes":0,"total_ns":69377.000,"section_ns":[32126.000,0.000,31459.000,1583.000,0.000],"section_calls":[1,0,4,1,0]}
repack: repack tensor  with q4_0_16x32
K1_DECODE_AUDIT {"ith":0,"nth":4,"weight":"leaf_0","activation":"leaf_1","input":"0x2adfa4c8f0","begin_ns":806515544625658,"packing_input_bytes":32768,"m":7,"n":128,"k":2048,"buffer_size":0,"copy_bytes":0,"total_ns":101586.000,"section_ns":[32459.000,0.000,61710.000,2208.000,0.000],"section_calls":[1,0,8,1,0]}
K1_DECODE_AUDIT {"ith":2,"nth":4,"weight":"leaf_0","activation":"leaf_1","input":"0x2adfa4c8f0","begin_ns":806515544625658,"packing_input_bytes":0,"m":7,"n":128,"k":2048,"buffer_size":0,"copy_bytes":0,"total_ns":101211.000,"section_ns":[0.000,0.000,61294.000,34876.000,0.000],"section_calls":[0,0,8,1,0]}
K1_DECODE_AUDIT {"ith":3,"nth":4,"weight":"leaf_0","activation":"leaf_1","input":"0x2adfa4c8f0","begin_ns":806515544626408,"packing_input_bytes":0,"m":7,"n":128,"k":2048,"buffer_size":0,"copy_bytes":0,"total_ns":101169.000,"section_ns":[0.000,0.000,62043.000,34834.000,0.000],"section_calls":[0,0,8,1,0]}
K1_DECODE_AUDIT {"ith":1,"nth":4,"weight":"leaf_0","activation":"leaf_1","input":"0x2adfa4c8f0","begin_ns":806515544625616,"packing_input_bytes":24576,"m":7,"n":128,"k":2048,"buffer_size":0,"copy_bytes":0,"total_ns":101669.000,"section_ns":[14377.000,0.000,61710.000,19959.000,0.000],"section_calls":[3,0,8,1,0]}
repack: repack tensor  with q4_0_16x32
K1_DECODE_AUDIT {"ith":1,"nth":4,"weight":"leaf_0","activation":"leaf_1","input":"0x2adfa4c8f0","begin_ns":806515546002153,"packing_input_bytes":512,"m":16,"n":16,"k":32,"buffer_size":0,"copy_bytes":0,"total_ns":65710.000,"section_ns":[3042.000,0.000,0.000,59210.000,0.000],"section_calls":[1,0,0,1,0]}
K1_DECODE_AUDIT {"ith":2,"nth":4,"weight":"leaf_0","activation":"leaf_1","input":"0x2adfa4c8f0","begin_ns":806515546062238,"packing_input_bytes":512,"m":16,"n":16,"k":32,"buffer_size":0,"copy_bytes":0,"total_ns":5584.000,"section_ns":[1292.000,0.000,0.000,1542.000,0.000],"section_calls":[1,0,0,1,0]}
K1_DECODE_AUDIT {"ith":3,"nth":4,"weight":"leaf_0","activation":"leaf_1","input":"0x2adfa4c8f0","begin_ns":806515546062280,"packing_input_bytes":512,"m":16,"n":16,"k":32,"buffer_size":0,"copy_bytes":0,"total_ns":5542.000,"section_ns":[1042.000,0.000,0.000,1708.000,0.000],"section_calls":[1,0,0,1,0]}
K1_DECODE_AUDIT {"ith":0,"nth":4,"weight":"leaf_0","activation":"leaf_1","input":"0x2adfa4c8f0","begin_ns":806515546002195,"packing_input_bytes":512,"m":16,"n":16,"k":32,"buffer_size":0,"copy_bytes":0,"total_ns":70127.000,"section_ns":[2667.000,0.000,3709.000,59377.000,0.000],"section_calls":[1,0,4,1,0]}
repack: repack tensor  with q4_0_16x32
K1_DECODE_AUDIT {"ith":3,"nth":4,"weight":"leaf_0","activation":"leaf_1","input":"0x2adfa4c8f0","begin_ns":806515546932762,"packing_input_bytes":512,"m":16,"n":32,"k":32,"buffer_size":0,"copy_bytes":0,"total_ns":4458.000,"section_ns":[1167.000,0.000,0.000,1292.000,0.000],"section_calls":[1,0,0,1,0]}
K1_DECODE_AUDIT {"ith":2,"nth":4,"weight":"leaf_0","activation":"leaf_1","input":"0x2adfa4c8f0","begin_ns":806515546930262,"packing_input_bytes":512,"m":16,"n":32,"k":32,"buffer_size":0,"copy_bytes":0,"total_ns":7125.000,"section_ns":[2166.000,0.000,0.000,1875.000,0.000],"section_calls":[1,0,0,1,0]}
K1_DECODE_AUDIT {"ith":1,"nth":4,"weight":"leaf_0","activation":"leaf_1","input":"0x2adfa4c8f0","begin_ns":806515546930179,"packing_input_bytes":512,"m":16,"n":32,"k":32,"buffer_size":0,"copy_bytes":0,"total_ns":10500.000,"section_ns":[2375.000,0.000,3083.000,1583.000,0.000],"section_calls":[1,0,4,1,0]}
K1_DECODE_AUDIT {"ith":0,"nth":4,"weight":"leaf_0","activation":"leaf_1","input":"0x2adfa4c8f0","begin_ns":806515546930220,"packing_input_bytes":512,"m":16,"n":32,"k":32,"buffer_size":0,"copy_bytes":0,"total_ns":10542.000,"section_ns":[2334.000,0.000,2916.000,1958.000,0.000],"section_calls":[1,0,4,1,0]}
repack: repack tensor  with q4_0_16x32
K1_DECODE_AUDIT {"ith":2,"nth":4,"weight":"leaf_0","activation":"leaf_1","input":"0x2adfa4c8f0","begin_ns":806515547876121,"packing_input_bytes":512,"m":16,"n":128,"k":32,"buffer_size":0,"copy_bytes":0,"total_ns":12417.000,"section_ns":[2791.000,0.000,4336.000,1792.000,0.000],"section_calls":[1,0,8,1,0]}
K1_DECODE_AUDIT {"ith":0,"nth":4,"weight":"leaf_0","activation":"leaf_1","input":"0x2adfa4c8f0","begin_ns":806515547876079,"packing_input_bytes":512,"m":16,"n":128,"k":32,"buffer_size":0,"copy_bytes":0,"total_ns":12709.000,"section_ns":[2750.000,0.000,4502.000,1791.000,0.000],"section_calls":[1,0,8,1,0]}
K1_DECODE_AUDIT {"ith":1,"nth":4,"weight":"leaf_0","activation":"leaf_1","input":"0x2adfa4c8f0","begin_ns":806515547876079,"packing_input_bytes":512,"m":16,"n":128,"k":32,"buffer_size":0,"copy_bytes":0,"total_ns":12792.000,"section_ns":[2625.000,0.000,4123.000,2583.000,0.000],"section_calls":[1,0,8,1,0]}
K1_DECODE_AUDIT {"ith":3,"nth":4,"weight":"leaf_0","activation":"leaf_1","input":"0x2adfa4c8f0","begin_ns":806515547879413,"packing_input_bytes":512,"m":16,"n":128,"k":32,"buffer_size":0,"copy_bytes":0,"total_ns":9792.000,"section_ns":[1208.000,0.000,4836.000,1083.000,0.000],"section_calls":[1,0,8,1,0]}
repack: repack tensor  with q4_0_16x32
K1_DECODE_AUDIT {"ith":1,"nth":4,"weight":"leaf_0","activation":"leaf_1","input":"0x2adfa4c8f0","begin_ns":806515548982276,"packing_input_bytes":1024,"m":16,"n":16,"k":64,"buffer_size":0,"copy_bytes":0,"total_ns":7208.000,"section_ns":[2666.000,0.000,0.000,1583.000,0.000],"section_calls":[1,0,0,1,0]}
K1_DECODE_AUDIT {"ith":2,"nth":4,"weight":"leaf_0","activation":"leaf_1","input":"0x2adfa4c8f0","begin_ns":806515548982318,"packing_input_bytes":1024,"m":16,"n":16,"k":64,"buffer_size":0,"copy_bytes":0,"total_ns":7208.000,"section_ns":[2500.000,0.000,0.000,1625.000,0.000],"section_calls":[1,0,0,1,0]}
K1_DECODE_AUDIT {"ith":3,"nth":4,"weight":"leaf_0","activation":"leaf_1","input":"0x2adfa4c8f0","begin_ns":806515548984484,"packing_input_bytes":1024,"m":16,"n":16,"k":64,"buffer_size":0,"copy_bytes":0,"total_ns":5042.000,"section_ns":[1792.000,0.000,0.000,1375.000,0.000],"section_calls":[1,0,0,1,0]}
K1_DECODE_AUDIT {"ith":0,"nth":4,"weight":"leaf_0","activation":"leaf_1","input":"0x2adfa4c8f0","begin_ns":806515548982318,"packing_input_bytes":1024,"m":16,"n":16,"k":64,"buffer_size":0,"copy_bytes":0,"total_ns":11083.000,"section_ns":[2542.000,0.000,3208.000,1500.000,0.000],"section_calls":[1,0,4,1,0]}
repack: repack tensor  with q4_0_16x32
K1_DECODE_AUDIT {"ith":3,"nth":4,"weight":"leaf_0","activation":"leaf_1","input":"0x2adfa4c8f0","begin_ns":806515549824965,"packing_input_bytes":1024,"m":16,"n":32,"k":64,"buffer_size":0,"copy_bytes":0,"total_ns":6751.000,"section_ns":[2792.000,0.000,0.000,1584.000,0.000],"section_calls":[1,0,0,1,0]}
K1_DECODE_AUDIT {"ith":2,"nth":4,"weight":"leaf_0","activation":"leaf_1","input":"0x2adfa4c8f0","begin_ns":806515549825007,"packing_input_bytes":1024,"m":16,"n":32,"k":64,"buffer_size":0,"copy_bytes":0,"total_ns":6709.000,"section_ns":[2251.000,0.000,0.000,1625.000,0.000],"section_calls":[1,0,0,1,0]}
K1_DECODE_AUDIT {"ith":1,"nth":4,"weight":"leaf_0","activation":"leaf_1","input":"0x2adfa4c8f0","begin_ns":806515549824924,"packing_input_bytes":1024,"m":16,"n":32,"k":64,"buffer_size":0,"copy_bytes":0,"total_ns":10333.000,"section_ns":[2459.000,0.000,2959.000,1417.000,0.000],"section_calls":[1,0,4,1,0]}
K1_DECODE_AUDIT {"ith":0,"nth":4,"weight":"leaf_0","activation":"leaf_1","input":"0x2adfa4c8f0","begin_ns":806515549824965,"packing_input_bytes":1024,"m":16,"n":32,"k":64,"buffer_size":0,"copy_bytes":0,"total_ns":11667.000,"section_ns":[2875.000,0.000,4333.000,1417.000,0.000],"section_calls":[1,0,4,1,0]}
repack: repack tensor  with q4_0_16x32
K1_DECODE_AUDIT {"ith":1,"nth":4,"weight":"leaf_0","activation":"leaf_1","input":"0x2adfa4c8f0","begin_ns":806515551068999,"packing_input_bytes":1024,"m":16,"n":128,"k":64,"buffer_size":0,"copy_bytes":0,"total_ns":14501.000,"section_ns":[1750.000,0.000,7127.000,1833.000,0.000],"section_calls":[1,0,8,1,0]}
K1_DECODE_AUDIT {"ith":0,"nth":4,"weight":"leaf_0","activation":"leaf_1","input":"0x2adfa4c8f0","begin_ns":806515550885953,"packing_input_bytes":1024,"m":16,"n":128,"k":64,"buffer_size":0,"copy_bytes":0,"total_ns":198088.000,"section_ns":[3250.000,0.000,7999.000,183088.000,0.000],"section_calls":[1,0,8,1,0]}
K1_DECODE_AUDIT {"ith":2,"nth":4,"weight":"leaf_0","activation":"leaf_1","input":"0x2adfa4c8f0","begin_ns":806515550885911,"packing_input_bytes":1024,"m":16,"n":128,"k":64,"buffer_size":0,"copy_bytes":0,"total_ns":197797.000,"section_ns":[2625.000,0.000,7500.000,183672.000,0.000],"section_calls":[1,0,8,1,0]}
K1_DECODE_AUDIT {"ith":3,"nth":4,"weight":"leaf_0","activation":"leaf_1","input":"0x2adfa4c8f0","begin_ns":806515550890619,"packing_input_bytes":1024,"m":16,"n":128,"k":64,"buffer_size":0,"copy_bytes":0,"total_ns":192839.000,"section_ns":[2041.000,0.000,7124.000,180380.000,0.000],"section_calls":[1,0,8,1,0]}
repack: repack tensor  with q4_0_16x32
K1_DECODE_AUDIT {"ith":1,"nth":4,"weight":"leaf_0","activation":"leaf_1","input":"0x2adfa4c8f0","begin_ns":806515552271115,"packing_input_bytes":4096,"m":16,"n":16,"k":256,"buffer_size":0,"copy_bytes":0,"total_ns":12875.000,"section_ns":[6416.000,0.000,0.000,3792.000,0.000],"section_calls":[1,0,0,1,0]}
K1_DECODE_AUDIT {"ith":3,"nth":4,"weight":"leaf_0","activation":"leaf_1","input":"0x2adfa4c8f0","begin_ns":806515552274199,"packing_input_bytes":4096,"m":16,"n":16,"k":256,"buffer_size":0,"copy_bytes":0,"total_ns":9625.000,"section_ns":[6500.000,0.000,0.000,1250.000,0.000],"section_calls":[1,0,0,1,0]}
K1_DECODE_AUDIT {"ith":2,"nth":4,"weight":"leaf_0","activation":"leaf_1","input":"0x2adfa4c8f0","begin_ns":806515552271157,"packing_input_bytes":4096,"m":16,"n":16,"k":256,"buffer_size":0,"copy_bytes":0,"total_ns":12833.000,"section_ns":[6500.000,0.000,0.000,3458.000,0.000],"section_calls":[1,0,0,1,0]}
K1_DECODE_AUDIT {"ith":0,"nth":4,"weight":"leaf_0","activation":"leaf_1","input":"0x2adfa4c8f0","begin_ns":806515552271115,"packing_input_bytes":4096,"m":16,"n":16,"k":256,"buffer_size":0,"copy_bytes":0,"total_ns":19584.000,"section_ns":[6917.000,0.000,6126.000,3000.000,0.000],"section_calls":[1,0,4,1,0]}
repack: repack tensor  with q4_0_16x32
K1_DECODE_AUDIT {"ith":2,"nth":4,"weight":"leaf_0","activation":"leaf_1","input":"0x2adfa4c8f0","begin_ns":806515553387437,"packing_input_bytes":4096,"m":16,"n":32,"k":256,"buffer_size":0,"copy_bytes":0,"total_ns":12500.000,"section_ns":[6709.000,0.000,0.000,3042.000,0.000],"section_calls":[1,0,0,1,0]}
K1_DECODE_AUDIT {"ith":3,"nth":4,"weight":"leaf_0","activation":"leaf_1","input":"0x2adfa4c8f0","begin_ns":806515553390646,"packing_input_bytes":4096,"m":16,"n":32,"k":256,"buffer_size":0,"copy_bytes":0,"total_ns":9083.000,"section_ns":[5333.000,0.000,0.000,1250.000,0.000],"section_calls":[1,0,0,1,0]}
K1_DECODE_AUDIT {"ith":0,"nth":4,"weight":"leaf_0","activation":"leaf_1","input":"0x2adfa4c8f0","begin_ns":806515553387395,"packing_input_bytes":4096,"m":16,"n":32,"k":256,"buffer_size":0,"copy_bytes":0,"total_ns":19293.000,"section_ns":[6667.000,0.000,6334.000,3042.000,0.000],"section_calls":[1,0,4,1,0]}
K1_DECODE_AUDIT {"ith":1,"nth":4,"weight":"leaf_0","activation":"leaf_1","input":"0x2adfa4c8f0","begin_ns":806515553387562,"packing_input_bytes":4096,"m":16,"n":32,"k":256,"buffer_size":0,"copy_bytes":0,"total_ns":19501.000,"section_ns":[6209.000,0.000,6709.000,3708.000,0.000],"section_calls":[1,0,4,1,0]}
repack: repack tensor  with q4_0_16x32
K1_DECODE_AUDIT {"ith":2,"nth":4,"weight":"leaf_0","activation":"leaf_1","input":"0x2adfa4c8f0","begin_ns":806515555044607,"packing_input_bytes":4096,"m":16,"n":128,"k":256,"buffer_size":0,"copy_bytes":0,"total_ns":25292.000,"section_ns":[6001.000,0.000,12957.000,2583.000,0.000],"section_calls":[1,0,8,1,0]}
K1_DECODE_AUDIT {"ith":0,"nth":4,"weight":"leaf_0","activation":"leaf_1","input":"0x2adfa4c8f0","begin_ns":806515555044607,"packing_input_bytes":4096,"m":16,"n":128,"k":256,"buffer_size":0,"copy_bytes":0,"total_ns":24626.000,"section_ns":[6542.000,0.000,12251.000,1791.000,0.000],"section_calls":[1,0,8,1,0]}
K1_DECODE_AUDIT {"ith":3,"nth":4,"weight":"leaf_0","activation":"leaf_1","input":"0x2adfa4c8f0","begin_ns":806515555045690,"packing_input_bytes":4096,"m":16,"n":128,"k":256,"buffer_size":0,"copy_bytes":0,"total_ns":24251.000,"section_ns":[6876.000,0.000,13042.000,1458.000,0.000],"section_calls":[1,0,8,1,0]}
K1_DECODE_AUDIT {"ith":1,"nth":4,"weight":"leaf_0","activation":"leaf_1","input":"0x2adfa4c8f0","begin_ns":806515555044649,"packing_input_bytes":4096,"m":16,"n":128,"k":256,"buffer_size":0,"copy_bytes":0,"total_ns":25625.000,"section_ns":[5625.000,0.000,13376.000,3000.000,0.000],"section_calls":[1,0,8,1,0]}
repack: repack tensor  with q4_0_16x32
K1_DECODE_AUDIT {"ith":2,"nth":4,"weight":"leaf_0","activation":"leaf_1","input":"0x2adfa4c8f0","begin_ns":806515557301918,"packing_input_bytes":32768,"m":16,"n":16,"k":2048,"buffer_size":0,"copy_bytes":0,"total_ns":43918.000,"section_ns":[37751.000,0.000,0.000,3084.000,0.000],"section_calls":[1,0,0,1,0]}
K1_DECODE_AUDIT {"ith":3,"nth":4,"weight":"leaf_0","activation":"leaf_1","input":"0x2adfa4c8f0","begin_ns":806515557302543,"packing_input_bytes":32768,"m":16,"n":16,"k":2048,"buffer_size":0,"copy_bytes":0,"total_ns":43668.000,"section_ns":[37626.000,0.000,0.000,3708.000,0.000],"section_calls":[1,0,0,1,0]}
K1_DECODE_AUDIT {"ith":1,"nth":4,"weight":"leaf_0","activation":"leaf_1","input":"0x2adfa4c8f0","begin_ns":806515557302002,"packing_input_bytes":32768,"m":16,"n":16,"k":2048,"buffer_size":0,"copy_bytes":0,"total_ns":44084.000,"section_ns":[37709.000,0.000,0.000,3542.000,0.000],"section_calls":[1,0,0,1,0]}
K1_DECODE_AUDIT {"ith":0,"nth":4,"weight":"leaf_0","activation":"leaf_1","input":"0x2adfa4c8f0","begin_ns":806515557302002,"packing_input_bytes":32768,"m":16,"n":16,"k":2048,"buffer_size":0,"copy_bytes":0,"total_ns":83544.000,"section_ns":[37167.000,0.000,39043.000,3875.000,0.000],"section_calls":[1,0,4,1,0]}
repack: repack tensor  with q4_0_16x32
K1_DECODE_AUDIT {"ith":3,"nth":4,"weight":"leaf_0","activation":"leaf_1","input":"0x3f654541b0","begin_ns":806515560773596,"packing_input_bytes":32768,"m":16,"n":32,"k":2048,"buffer_size":0,"copy_bytes":0,"total_ns":81627.000,"section_ns":[34667.000,0.000,0.000,43043.000,0.000],"section_calls":[1,0,0,1,0]}
K1_DECODE_AUDIT {"ith":2,"nth":4,"weight":"leaf_0","activation":"leaf_1","input":"0x3f654541b0","begin_ns":806515560819264,"packing_input_bytes":32768,"m":16,"n":32,"k":2048,"buffer_size":0,"copy_bytes":0,"total_ns":35667.000,"section_ns":[30793.000,0.000,0.000,1583.000,0.000],"section_calls":[1,0,0,1,0]}
K1_DECODE_AUDIT {"ith":1,"nth":4,"weight":"leaf_0","activation":"leaf_1","input":"0x3f654541b0","begin_ns":806515560773929,"packing_input_bytes":32768,"m":16,"n":32,"k":2048,"buffer_size":0,"copy_bytes":0,"total_ns":123754.000,"section_ns":[33834.000,0.000,41752.000,43793.000,0.000],"section_calls":[1,0,4,1,0]}
K1_DECODE_AUDIT {"ith":0,"nth":4,"weight":"leaf_0","activation":"leaf_1","input":"0x3f654541b0","begin_ns":806515560773721,"packing_input_bytes":32768,"m":16,"n":32,"k":2048,"buffer_size":0,"copy_bytes":0,"total_ns":126670.000,"section_ns":[34501.000,0.000,44168.000,43168.000,0.000],"section_calls":[1,0,4,1,0]}
repack: repack tensor  with q4_0_16x32
K1_DECODE_AUDIT {"ith":3,"nth":4,"weight":"leaf_0","activation":"leaf_1","input":"0x3f654521b0","begin_ns":806515568984069,"packing_input_bytes":32768,"m":16,"n":128,"k":2048,"buffer_size":0,"copy_bytes":0,"total_ns":149754.000,"section_ns":[32168.000,0.000,81377.000,30709.000,0.000],"section_calls":[1,0,8,1,0]}
K1_DECODE_AUDIT {"ith":1,"nth":4,"weight":"leaf_0","activation":"leaf_1","input":"0x3f654521b0","begin_ns":806515568984027,"packing_input_bytes":32768,"m":16,"n":128,"k":2048,"buffer_size":0,"copy_bytes":0,"total_ns":150796.000,"section_ns":[32501.000,0.000,82711.000,29917.000,0.000],"section_calls":[1,0,8,1,0]}
K1_DECODE_AUDIT {"ith":0,"nth":4,"weight":"leaf_0","activation":"leaf_1","input":"0x3f654521b0","begin_ns":806515568990527,"packing_input_bytes":32768,"m":16,"n":128,"k":2048,"buffer_size":0,"copy_bytes":0,"total_ns":149338.000,"section_ns":[32125.000,0.000,87793.000,25292.000,0.000],"section_calls":[1,0,8,1,0]}
K1_DECODE_AUDIT {"ith":2,"nth":4,"weight":"leaf_0","activation":"leaf_1","input":"0x3f654521b0","begin_ns":806515569012778,"packing_input_bytes":32768,"m":16,"n":128,"k":2048,"buffer_size":0,"copy_bytes":0,"total_ns":139379.000,"section_ns":[31584.000,0.000,99836.000,2167.000,0.000],"section_calls":[1,0,8,1,0]}
repack: repack tensor  with q4_0_16x32
K1_DECODE_AUDIT {"ith":3,"nth":4,"weight":"leaf_0","activation":"leaf_1","input":"0x2adfa4c8f0","begin_ns":806515570665364,"packing_input_bytes":1024,"m":32,"n":16,"k":32,"buffer_size":0,"copy_bytes":0,"total_ns":5500.000,"section_ns":[1750.000,0.000,0.000,1250.000,0.000],"section_calls":[2,0,0,1,0]}
K1_DECODE_AUDIT {"ith":2,"nth":4,"weight":"leaf_0","activation":"leaf_1","input":"0x2adfa4c8f0","begin_ns":806515570658281,"packing_input_bytes":1024,"m":32,"n":16,"k":32,"buffer_size":0,"copy_bytes":0,"total_ns":12917.000,"section_ns":[3542.000,0.000,0.000,5625.000,0.000],"section_calls":[2,0,0,1,0]}
K1_DECODE_AUDIT {"ith":0,"nth":4,"weight":"leaf_0","activation":"leaf_1","input":"0x2adfa4c8f0","begin_ns":806515570658322,"packing_input_bytes":1024,"m":32,"n":16,"k":32,"buffer_size":0,"copy_bytes":0,"total_ns":17126.000,"section_ns":[3375.000,0.000,3625.000,5834.000,0.000],"section_calls":[2,0,4,1,0]}
K1_DECODE_AUDIT {"ith":1,"nth":4,"weight":"leaf_0","activation":"leaf_1","input":"0x2adfa4c8f0","begin_ns":806515570658322,"packing_input_bytes":1024,"m":32,"n":16,"k":32,"buffer_size":0,"copy_bytes":0,"total_ns":17459.000,"section_ns":[3417.000,0.000,4000.000,5625.000,0.000],"section_calls":[2,0,4,1,0]}
repack: repack tensor  with q4_0_16x32
K1_DECODE_AUDIT {"ith":3,"nth":4,"weight":"leaf_0","activation":"leaf_1","input":"0x2adfa4c8f0","begin_ns":806515571644224,"packing_input_bytes":1024,"m":32,"n":32,"k":32,"buffer_size":0,"copy_bytes":0,"total_ns":8334.000,"section_ns":[1875.000,0.000,2916.000,1167.000,0.000],"section_calls":[2,0,4,1,0]}
K1_DECODE_AUDIT {"ith":0,"nth":4,"weight":"leaf_0","activation":"leaf_1","input":"0x2adfa4c8f0","begin_ns":806515571635599,"packing_input_bytes":1024,"m":32,"n":32,"k":32,"buffer_size":0,"copy_bytes":0,"total_ns":17250.000,"section_ns":[3083.000,0.000,2792.000,7792.000,0.000],"section_calls":[2,0,4,1,0]}
K1_DECODE_AUDIT {"ith":1,"nth":4,"weight":"leaf_0","activation":"leaf_1","input":"0x2adfa4c8f0","begin_ns":806515571635599,"packing_input_bytes":1024,"m":32,"n":32,"k":32,"buffer_size":0,"copy_bytes":0,"total_ns":17042.000,"section_ns":[2916.000,0.000,2625.000,7751.000,0.000],"section_calls":[2,0,4,1,0]}
K1_DECODE_AUDIT {"ith":2,"nth":4,"weight":"leaf_0","activation":"leaf_1","input":"0x2adfa4c8f0","begin_ns":806515571636057,"packing_input_bytes":1024,"m":32,"n":32,"k":32,"buffer_size":0,"copy_bytes":0,"total_ns":16834.000,"section_ns":[2917.000,0.000,2874.000,7875.000,0.000],"section_calls":[2,0,4,1,0]}
repack: repack tensor  with q4_0_16x32
K1_DECODE_AUDIT {"ith":1,"nth":4,"weight":"leaf_0","activation":"leaf_1","input":"0x2adfa4c8f0","begin_ns":806515572746337,"packing_input_bytes":1024,"m":32,"n":128,"k":32,"buffer_size":0,"copy_bytes":0,"total_ns":21334.000,"section_ns":[3709.000,0.000,10662.000,2250.000,0.000],"section_calls":[2,0,16,1,0]}
K1_DECODE_AUDIT {"ith":3,"nth":4,"weight":"leaf_0","activation":"leaf_1","input":"0x2adfa4c8f0","begin_ns":806515572749921,"packing_input_bytes":1024,"m":32,"n":128,"k":32,"buffer_size":0,"copy_bytes":0,"total_ns":18292.000,"section_ns":[1750.000,0.000,11292.000,1333.000,0.000],"section_calls":[2,0,16,1,0]}
K1_DECODE_AUDIT {"ith":0,"nth":4,"weight":"leaf_0","activation":"leaf_1","input":"0x2adfa4c8f0","begin_ns":806515572746296,"packing_input_bytes":1024,"m":32,"n":128,"k":32,"buffer_size":0,"copy_bytes":0,"total_ns":21542.000,"section_ns":[4000.000,0.000,10872.000,2000.000,0.000],"section_calls":[2,0,16,1,0]}
K1_DECODE_AUDIT {"ith":2,"nth":4,"weight":"leaf_0","activation":"leaf_1","input":"0x2adfa4c8f0","begin_ns":806515572746337,"packing_input_bytes":1024,"m":32,"n":128,"k":32,"buffer_size":0,"copy_bytes":0,"total_ns":21543.000,"section_ns":[3001.000,0.000,11003.000,2917.000,0.000],"section_calls":[2,0,16,1,0]}
repack: repack tensor  with q4_0_16x32
K1_DECODE_AUDIT {"ith":2,"nth":4,"weight":"leaf_0","activation":"leaf_1","input":"0x2adfa4c8f0","begin_ns":806515573814700,"packing_input_bytes":2048,"m":32,"n":16,"k":64,"buffer_size":0,"copy_bytes":0,"total_ns":12833.000,"section_ns":[3833.000,0.000,0.000,6166.000,0.000],"section_calls":[2,0,0,1,0]}
K1_DECODE_AUDIT {"ith":3,"nth":4,"weight":"leaf_0","activation":"leaf_1","input":"0x2adfa4c8f0","begin_ns":806515573820617,"packing_input_bytes":2048,"m":32,"n":16,"k":64,"buffer_size":0,"copy_bytes":0,"total_ns":6666.000,"section_ns":[2959.000,0.000,0.000,1500.000,0.000],"section_calls":[2,0,0,1,0]}
K1_DECODE_AUDIT {"ith":1,"nth":4,"weight":"leaf_0","activation":"leaf_1","input":"0x2adfa4c8f0","begin_ns":806515573814408,"packing_input_bytes":2048,"m":32,"n":16,"k":64,"buffer_size":0,"copy_bytes":0,"total_ns":17209.000,"section_ns":[4000.000,0.000,3792.000,6084.000,0.000],"section_calls":[2,0,4,1,0]}
K1_DECODE_AUDIT {"ith":0,"nth":4,"weight":"leaf_0","activation":"leaf_1","input":"0x2adfa4c8f0","begin_ns":806515573814450,"packing_input_bytes":2048,"m":32,"n":16,"k":64,"buffer_size":0,"copy_bytes":0,"total_ns":17584.000,"section_ns":[4583.000,0.000,4208.000,5500.000,0.000],"section_calls":[2,0,4,1,0]}
repack: repack tensor  with q4_0_16x32
K1_DECODE_AUDIT {"ith":1,"nth":4,"weight":"leaf_0","activation":"leaf_1","input":"0x2adfa4c8f0","begin_ns":806515574726766,"packing_input_bytes":2048,"m":32,"n":32,"k":64,"buffer_size":0,"copy_bytes":0,"total_ns":12167.000,"section_ns":[3875.000,0.000,3625.000,1375.000,0.000],"section_calls":[2,0,4,1,0]}
K1_DECODE_AUDIT {"ith":2,"nth":4,"weight":"leaf_0","activation":"leaf_1","input":"0x2adfa4c8f0","begin_ns":806515574726808,"packing_input_bytes":2048,"m":32,"n":32,"k":64,"buffer_size":0,"copy_bytes":0,"total_ns":12167.000,"section_ns":[3416.000,0.000,3876.000,1958.000,0.000],"section_calls":[2,0,4,1,0]}
K1_DECODE_AUDIT {"ith":0,"nth":4,"weight":"leaf_0","activation":"leaf_1","input":"0x2adfa4c8f0","begin_ns":806515574726808,"packing_input_bytes":2048,"m":32,"n":32,"k":64,"buffer_size":0,"copy_bytes":0,"total_ns":12375.000,"section_ns":[3333.000,0.000,4084.000,1750.000,0.000],"section_calls":[2,0,4,1,0]}
K1_DECODE_AUDIT {"ith":3,"nth":4,"weight":"leaf_0","activation":"leaf_1","input":"0x2adfa4c8f0","begin_ns":806515574727474,"packing_input_bytes":2048,"m":32,"n":32,"k":64,"buffer_size":0,"copy_bytes":0,"total_ns":11626.000,"section_ns":[3500.000,0.000,3916.000,1833.000,0.000],"section_calls":[2,0,4,1,0]}
repack: repack tensor  with q4_0_16x32
K1_DECODE_AUDIT {"ith":2,"nth":4,"weight":"leaf_0","activation":"leaf_1","input":"0x2adfa4c8f0","begin_ns":806515575794420,"packing_input_bytes":2048,"m":32,"n":128,"k":64,"buffer_size":0,"copy_bytes":0,"total_ns":20709.000,"section_ns":[3959.000,0.000,9458.000,2833.000,0.000],"section_calls":[2,0,16,1,0]}
K1_DECODE_AUDIT {"ith":3,"nth":4,"weight":"leaf_0","activation":"leaf_1","input":"0x2adfa4c8f0","begin_ns":806515575794628,"packing_input_bytes":2048,"m":32,"n":128,"k":64,"buffer_size":0,"copy_bytes":0,"total_ns":20959.000,"section_ns":[4624.000,0.000,10040.000,2125.000,0.000],"section_calls":[2,0,16,1,0]}
K1_DECODE_AUDIT {"ith":0,"nth":4,"weight":"leaf_0","activation":"leaf_1","input":"0x2adfa4c8f0","begin_ns":806515575794670,"packing_input_bytes":2048,"m":32,"n":128,"k":64,"buffer_size":0,"copy_bytes":0,"total_ns":20709.000,"section_ns":[5250.000,0.000,10128.000,1209.000,0.000],"section_calls":[2,0,16,1,0]}
K1_DECODE_AUDIT {"ith":1,"nth":4,"weight":"leaf_0","activation":"leaf_1","input":"0x2adfa4c8f0","begin_ns":806515575794420,"packing_input_bytes":2048,"m":32,"n":128,"k":64,"buffer_size":0,"copy_bytes":0,"total_ns":20792.000,"section_ns":[3709.000,0.000,9500.000,2917.000,0.000],"section_calls":[2,0,16,1,0]}
repack: repack tensor  with q4_0_16x32
K1_DECODE_AUDIT {"ith":2,"nth":4,"weight":"leaf_0","activation":"leaf_1","input":"0x2adfa4c8f0","begin_ns":806515577344295,"packing_input_bytes":8192,"m":32,"n":16,"k":256,"buffer_size":0,"copy_bytes":0,"total_ns":16793.000,"section_ns":[9958.000,0.000,0.000,3542.000,0.000],"section_calls":[2,0,0,1,0]}
K1_DECODE_AUDIT {"ith":3,"nth":4,"weight":"leaf_0","activation":"leaf_1","input":"0x2adfa4c8f0","begin_ns":806515577345837,"packing_input_bytes":8192,"m":32,"n":16,"k":256,"buffer_size":0,"copy_bytes":0,"total_ns":15334.000,"section_ns":[10208.000,0.000,0.000,2875.000,0.000],"section_calls":[2,0,0,1,0]}
K1_DECODE_AUDIT {"ith":1,"nth":4,"weight":"leaf_0","activation":"leaf_1","input":"0x2adfa4c8f0","begin_ns":806515577344295,"packing_input_bytes":8192,"m":32,"n":16,"k":256,"buffer_size":0,"copy_bytes":0,"total_ns":25001.000,"section_ns":[11875.000,0.000,7709.000,1500.000,0.000],"section_calls":[2,0,4,1,0]}
K1_DECODE_AUDIT {"ith":0,"nth":4,"weight":"leaf_0","activation":"leaf_1","input":"0x2adfa4c8f0","begin_ns":806515577344337,"packing_input_bytes":8192,"m":32,"n":16,"k":256,"buffer_size":0,"copy_bytes":0,"total_ns":24876.000,"section_ns":[10625.000,0.000,7501.000,3042.000,0.000],"section_calls":[2,0,4,1,0]}
repack: repack tensor  with q4_0_16x32
K1_DECODE_AUDIT {"ith":1,"nth":4,"weight":"leaf_0","activation":"leaf_1","input":"0x2adfa4c8f0","begin_ns":806515578551245,"packing_input_bytes":8192,"m":32,"n":32,"k":256,"buffer_size":0,"copy_bytes":0,"total_ns":23042.000,"section_ns":[11000.000,0.000,6248.000,1750.000,0.000],"section_calls":[2,0,4,1,0]}
K1_DECODE_AUDIT {"ith":0,"nth":4,"weight":"leaf_0","activation":"leaf_1","input":"0x2adfa4c8f0","begin_ns":806515578551245,"packing_input_bytes":8192,"m":32,"n":32,"k":256,"buffer_size":0,"copy_bytes":0,"total_ns":23459.000,"section_ns":[11208.000,0.000,6541.000,1666.000,0.000],"section_calls":[2,0,4,1,0]}
K1_DECODE_AUDIT {"ith":2,"nth":4,"weight":"leaf_0","activation":"leaf_1","input":"0x2adfa4c8f0","begin_ns":806515578551203,"packing_input_bytes":8192,"m":32,"n":32,"k":256,"buffer_size":0,"copy_bytes":0,"total_ns":23626.000,"section_ns":[10750.000,0.000,6708.000,2209.000,0.000],"section_calls":[2,0,4,1,0]}
K1_DECODE_AUDIT {"ith":3,"nth":4,"weight":"leaf_0","activation":"leaf_1","input":"0x2adfa4c8f0","begin_ns":806515578551287,"packing_input_bytes":8192,"m":32,"n":32,"k":256,"buffer_size":0,"copy_bytes":0,"total_ns":22959.000,"section_ns":[10875.000,0.000,6125.000,2291.000,0.000],"section_calls":[2,0,4,1,0]}
repack: repack tensor  with q4_0_16x32
K1_DECODE_AUDIT {"ith":1,"nth":4,"weight":"leaf_0","activation":"leaf_1","input":"0x2adfa4c8f0","begin_ns":806515580402045,"packing_input_bytes":8192,"m":32,"n":128,"k":256,"buffer_size":0,"copy_bytes":0,"total_ns":41376.000,"section_ns":[10916.000,0.000,23794.000,1584.000,0.000],"section_calls":[2,0,16,1,0]}
K1_DECODE_AUDIT {"ith":3,"nth":4,"weight":"leaf_0","activation":"leaf_1","input":"0x2adfa4c8f0","begin_ns":806515580402003,"packing_input_bytes":8192,"m":32,"n":128,"k":256,"buffer_size":0,"copy_bytes":0,"total_ns":41793.000,"section_ns":[9750.000,0.000,24252.000,2876.000,0.000],"section_calls":[2,0,16,1,0]}
K1_DECODE_AUDIT {"ith":0,"nth":4,"weight":"leaf_0","activation":"leaf_1","input":"0x2adfa4c8f0","begin_ns":806515580402087,"packing_input_bytes":8192,"m":32,"n":128,"k":256,"buffer_size":0,"copy_bytes":0,"total_ns":42126.000,"section_ns":[10041.000,0.000,24629.000,2583.000,0.000],"section_calls":[2,0,16,1,0]}
K1_DECODE_AUDIT {"ith":2,"nth":4,"weight":"leaf_0","activation":"leaf_1","input":"0x2adfa4c8f0","begin_ns":806515580402003,"packing_input_bytes":8192,"m":32,"n":128,"k":256,"buffer_size":0,"copy_bytes":0,"total_ns":41960.000,"section_ns":[10875.000,0.000,24291.000,1751.000,0.000],"section_calls":[2,0,16,1,0]}
repack: repack tensor  with q4_0_16x32
K1_DECODE_AUDIT {"ith":3,"nth":4,"weight":"leaf_0","activation":"leaf_1","input":"0x3f654341b0","begin_ns":806515583351667,"packing_input_bytes":65536,"m":32,"n":16,"k":2048,"buffer_size":0,"copy_bytes":0,"total_ns":79085.000,"section_ns":[71418.000,0.000,0.000,4166.000,0.000],"section_calls":[2,0,0,1,0]}
K1_DECODE_AUDIT {"ith":2,"nth":4,"weight":"leaf_0","activation":"leaf_1","input":"0x3f654341b0","begin_ns":806515583351500,"packing_input_bytes":65536,"m":32,"n":16,"k":2048,"buffer_size":0,"copy_bytes":0,"total_ns":79336.000,"section_ns":[71294.000,0.000,0.000,4166.000,0.000],"section_calls":[2,0,0,1,0]}
K1_DECODE_AUDIT {"ith":1,"nth":4,"weight":"leaf_0","activation":"leaf_1","input":"0x3f654341b0","begin_ns":806515583351792,"packing_input_bytes":65536,"m":32,"n":16,"k":2048,"buffer_size":0,"copy_bytes":0,"total_ns":120670.000,"section_ns":[71336.000,0.000,40833.000,3916.000,0.000],"section_calls":[2,0,4,1,0]}
K1_DECODE_AUDIT {"ith":0,"nth":4,"weight":"leaf_0","activation":"leaf_1","input":"0x3f654341b0","begin_ns":806515583351625,"packing_input_bytes":65536,"m":32,"n":16,"k":2048,"buffer_size":0,"copy_bytes":0,"total_ns":119920.000,"section_ns":[71419.000,0.000,40209.000,4125.000,0.000],"section_calls":[2,0,4,1,0]}
repack: repack tensor  with q4_0_16x32
K1_DECODE_AUDIT {"ith":3,"nth":4,"weight":"leaf_0","activation":"leaf_1","input":"0x3f654331b0","begin_ns":806515587616074,"packing_input_bytes":65536,"m":32,"n":32,"k":2048,"buffer_size":0,"copy_bytes":0,"total_ns":118628.000,"section_ns":[67543.000,0.000,43002.000,4209.000,0.000],"section_calls":[2,0,4,1,0]}
K1_DECODE_AUDIT {"ith":2,"nth":4,"weight":"leaf_0","activation":"leaf_1","input":"0x3f654331b0","begin_ns":806515587614699,"packing_input_bytes":65536,"m":32,"n":32,"k":2048,"buffer_size":0,"copy_bytes":0,"total_ns":120837.000,"section_ns":[67419.000,0.000,44210.000,4333.000,0.000],"section_calls":[2,0,4,1,0]}
K1_DECODE_AUDIT {"ith":0,"nth":4,"weight":"leaf_0","activation":"leaf_1","input":"0x3f654331b0","begin_ns":806515587614616,"packing_input_bytes":65536,"m":32,"n":32,"k":2048,"buffer_size":0,"copy_bytes":0,"total_ns":123878.000,"section_ns":[67752.000,0.000,47044.000,4167.000,0.000],"section_calls":[2,0,4,1,0]}
K1_DECODE_AUDIT {"ith":1,"nth":4,"weight":"leaf_0","activation":"leaf_1","input":"0x3f654331b0","begin_ns":806515587614657,"packing_input_bytes":65536,"m":32,"n":32,"k":2048,"buffer_size":0,"copy_bytes":0,"total_ns":135796.000,"section_ns":[68043.000,0.000,59211.000,3876.000,0.000],"section_calls":[2,0,4,1,0]}
repack: repack tensor  with q4_0_16x32
K1_DECODE_AUDIT {"ith":1,"nth":4,"weight":"leaf_0","activation":"leaf_1","input":"0x3f654301b0","begin_ns":806515596624444,"packing_input_bytes":65536,"m":32,"n":128,"k":2048,"buffer_size":0,"copy_bytes":0,"total_ns":268132.000,"section_ns":[63252.000,0.000,174213.000,24375.000,0.000],"section_calls":[2,0,16,1,0]}
K1_DECODE_AUDIT {"ith":0,"nth":4,"weight":"leaf_0","activation":"leaf_1","input":"0x3f654301b0","begin_ns":806515596616568,"packing_input_bytes":65536,"m":32,"n":128,"k":2048,"buffer_size":0,"copy_bytes":0,"total_ns":275758.000,"section_ns":[64168.000,0.000,174590.000,29167.000,0.000],"section_calls":[2,0,16,1,0]}
K1_DECODE_AUDIT {"ith":3,"nth":4,"weight":"leaf_0","activation":"leaf_1","input":"0x3f654301b0","begin_ns":806515596616527,"packing_input_bytes":65536,"m":32,"n":128,"k":2048,"buffer_size":0,"copy_bytes":0,"total_ns":281507.000,"section_ns":[64709.000,0.000,180254.000,28667.000,0.000],"section_calls":[2,0,16,1,0]}
K1_DECODE_AUDIT {"ith":2,"nth":4,"weight":"leaf_0","activation":"leaf_1","input":"0x3f654301b0","begin_ns":806515596646111,"packing_input_bytes":65536,"m":32,"n":128,"k":2048,"buffer_size":0,"copy_bytes":0,"total_ns":270591.000,"section_ns":[63211.000,0.000,198963.000,2166.000,0.000],"section_calls":[2,0,16,1,0]}
repack: repack tensor  with q4_0_16x32
K1_DECODE_AUDIT {"ith":1,"nth":4,"weight":"leaf_0","activation":"leaf_1","input":"0x2adfa4c8f0","begin_ns":806515602868988,"packing_input_bytes":2560,"m":1,"n":64,"k":2560,"buffer_size":0,"copy_bytes":0,"total_ns":21626.000,"section_ns":[3042.000,0.000,12792.000,2875.000,0.000],"section_calls":[1,0,1,1,0]}
K1_DECODE_AUDIT {"ith":0,"nth":4,"weight":"leaf_0","activation":"leaf_1","input":"0x2adfa4c8f0","begin_ns":806515602866071,"packing_input_bytes":2560,"m":1,"n":64,"k":2560,"buffer_size":0,"copy_bytes":0,"total_ns":24626.000,"section_ns":[4375.000,0.000,12750.000,3417.000,0.000],"section_calls":[1,0,1,1,0]}
K1_DECODE_AUDIT {"ith":2,"nth":4,"weight":"leaf_0","activation":"leaf_1","input":"0x2adfa4c8f0","begin_ns":806515602867696,"packing_input_bytes":2560,"m":1,"n":64,"k":2560,"buffer_size":0,"copy_bytes":0,"total_ns":23043.000,"section_ns":[3917.000,0.000,12917.000,3291.000,0.000],"section_calls":[1,0,1,1,0]}
K1_DECODE_AUDIT {"ith":3,"nth":4,"weight":"leaf_0","activation":"leaf_1","input":"0x2adfa4c8f0","begin_ns":806515602866030,"packing_input_bytes":2560,"m":1,"n":64,"k":2560,"buffer_size":0,"copy_bytes":0,"total_ns":24792.000,"section_ns":[4417.000,0.000,12959.000,3167.000,0.000],"section_calls":[1,0,1,1,0]}
repack: repack tensor  with q4_0_16x32
K1_DECODE_AUDIT {"ith":2,"nth":4,"weight":"leaf_0","activation":"leaf_1","input":"0x2adfa4c8f0","begin_ns":806515612438206,"packing_input_bytes":2560,"m":1,"n":128,"k":2560,"buffer_size":0,"copy_bytes":0,"total_ns":47501.000,"section_ns":[2042.000,0.000,24417.000,18042.000,0.000],"section_calls":[1,0,1,1,0]}
K1_DECODE_AUDIT {"ith":0,"nth":4,"weight":"leaf_0","activation":"leaf_1","input":"0x2adfa4c8f0","begin_ns":806515612453706,"packing_input_bytes":2560,"m":1,"n":128,"k":2560,"buffer_size":0,"copy_bytes":0,"total_ns":32001.000,"section_ns":[3375.000,0.000,24709.000,1458.000,0.000],"section_calls":[1,0,1,1,0]}
K1_DECODE_AUDIT {"ith":1,"nth":4,"weight":"leaf_0","activation":"leaf_1","input":"0x2adfa4c8f0","begin_ns":806515612432289,"packing_input_bytes":2560,"m":1,"n":128,"k":2560,"buffer_size":0,"copy_bytes":0,"total_ns":53377.000,"section_ns":[4083.000,0.000,24542.000,20834.000,0.000],"section_calls":[1,0,1,1,0]}
K1_DECODE_AUDIT {"ith":3,"nth":4,"weight":"leaf_0","activation":"leaf_1","input":"0x2adfa4c8f0","begin_ns":806515612432331,"packing_input_bytes":2560,"m":1,"n":128,"k":2560,"buffer_size":0,"copy_bytes":0,"total_ns":53543.000,"section_ns":[4042.000,0.000,24501.000,20542.000,0.000],"section_calls":[1,0,1,1,0]}
repack: repack tensor  with q4_0_16x32
K1_DECODE_AUDIT {"ith":1,"nth":4,"weight":"leaf_0","activation":"leaf_1","input":"0x2adfa4c8f0","begin_ns":806515623618926,"packing_input_bytes":6144,"m":1,"n":64,"k":6144,"buffer_size":0,"copy_bytes":0,"total_ns":53377.000,"section_ns":[8625.000,0.000,28209.000,12292.000,0.000],"section_calls":[1,0,1,1,0]}
K1_DECODE_AUDIT {"ith":3,"nth":4,"weight":"leaf_0","activation":"leaf_1","input":"0x2adfa4c8f0","begin_ns":806515623620634,"packing_input_bytes":6144,"m":1,"n":64,"k":6144,"buffer_size":0,"copy_bytes":0,"total_ns":51627.000,"section_ns":[7834.000,0.000,28209.000,12667.000,0.000],"section_calls":[1,0,1,1,0]}
K1_DECODE_AUDIT {"ith":2,"nth":4,"weight":"leaf_0","activation":"leaf_1","input":"0x2adfa4c8f0","begin_ns":806515623635135,"packing_input_bytes":6144,"m":1,"n":64,"k":6144,"buffer_size":0,"copy_bytes":0,"total_ns":37126.000,"section_ns":[4375.000,0.000,28167.000,1541.000,0.000],"section_calls":[1,0,1,1,0]}
K1_DECODE_AUDIT {"ith":0,"nth":4,"weight":"leaf_0","activation":"leaf_1","input":"0x2adfa4c8f0","begin_ns":806515623618926,"packing_input_bytes":6144,"m":1,"n":64,"k":6144,"buffer_size":0,"copy_bytes":0,"total_ns":53418.000,"section_ns":[7916.000,0.000,28210.000,12917.000,0.000],"section_calls":[1,0,1,1,0]}
repack: repack tensor  with q4_0_16x32
K1_DECODE_AUDIT {"ith":1,"nth":4,"weight":"leaf_0","activation":"leaf_1","input":"0x2adfa4c8f0","begin_ns":806515645748318,"packing_input_bytes":6144,"m":1,"n":128,"k":6144,"buffer_size":0,"copy_bytes":0,"total_ns":63710.000,"section_ns":[4375.000,0.000,55252.000,1500.000,0.000],"section_calls":[1,0,1,1,0]}
K1_DECODE_AUDIT {"ith":2,"nth":4,"weight":"leaf_0","activation":"leaf_1","input":"0x2adfa4c8f0","begin_ns":806515645714859,"packing_input_bytes":6144,"m":1,"n":128,"k":6144,"buffer_size":0,"copy_bytes":0,"total_ns":96961.000,"section_ns":[7084.000,0.000,54877.000,29459.000,0.000],"section_calls":[1,0,1,1,0]}
K1_DECODE_AUDIT {"ith":0,"nth":4,"weight":"leaf_0","activation":"leaf_1","input":"0x2adfa4c8f0","begin_ns":806515645714817,"packing_input_bytes":6144,"m":1,"n":128,"k":6144,"buffer_size":0,"copy_bytes":0,"total_ns":97503.000,"section_ns":[7417.000,0.000,55127.000,29501.000,0.000],"section_calls":[1,0,1,1,0]}
K1_DECODE_AUDIT {"ith":3,"nth":4,"weight":"leaf_0","activation":"leaf_1","input":"0x2adfa4c8f0","begin_ns":806515645732234,"packing_input_bytes":6144,"m":1,"n":128,"k":6144,"buffer_size":0,"copy_bytes":0,"total_ns":83086.000,"section_ns":[4250.000,0.000,58543.000,17917.000,0.000],"section_calls":[1,0,1,1,0]}
repack: repack tensor  with q4_0_16x32
K1_DECODE_AUDIT {"ith":1,"nth":4,"weight":"leaf_0","activation":"leaf_1","input":"0x2adfa4c8f0","begin_ns":806515661823463,"packing_input_bytes":9216,"m":1,"n":64,"k":9216,"buffer_size":0,"copy_bytes":0,"total_ns":61960.000,"section_ns":[11625.000,0.000,41418.000,3250.000,0.000],"section_calls":[1,0,1,1,0]}
K1_DECODE_AUDIT {"ith":2,"nth":4,"weight":"leaf_0","activation":"leaf_1","input":"0x2adfa4c8f0","begin_ns":806515661823463,"packing_input_bytes":9216,"m":1,"n":64,"k":9216,"buffer_size":0,"copy_bytes":0,"total_ns":61751.000,"section_ns":[9792.000,0.000,41334.000,5833.000,0.000],"section_calls":[1,0,1,1,0]}
K1_DECODE_AUDIT {"ith":0,"nth":4,"weight":"leaf_0","activation":"leaf_1","input":"0x2adfa4c8f0","begin_ns":806515661829546,"packing_input_bytes":9216,"m":1,"n":64,"k":9216,"buffer_size":0,"copy_bytes":0,"total_ns":55835.000,"section_ns":[7584.000,0.000,41376.000,1542.000,0.000],"section_calls":[1,0,1,1,0]}
K1_DECODE_AUDIT {"ith":3,"nth":4,"weight":"leaf_0","activation":"leaf_1","input":"0x2adfa4c8f0","begin_ns":806515661823421,"packing_input_bytes":9216,"m":1,"n":64,"k":9216,"buffer_size":0,"copy_bytes":0,"total_ns":62293.000,"section_ns":[9500.000,0.000,41834.000,6042.000,0.000],"section_calls":[1,0,1,1,0]}
repack: repack tensor  with q4_0_16x32
K1_DECODE_AUDIT {"ith":0,"nth":4,"weight":"leaf_0","activation":"leaf_1","input":"0x2adfa4c8f0","begin_ns":806515694328928,"packing_input_bytes":9216,"m":1,"n":128,"k":9216,"buffer_size":0,"copy_bytes":0,"total_ns":137754.000,"section_ns":[5417.000,0.000,110461.000,17667.000,0.000],"section_calls":[1,0,1,1,0]}
K1_DECODE_AUDIT {"ith":3,"nth":4,"weight":"leaf_0","activation":"leaf_1","input":"0x2adfa4c8f0","begin_ns":806515694304177,"packing_input_bytes":9216,"m":1,"n":128,"k":9216,"buffer_size":0,"copy_bytes":0,"total_ns":162755.000,"section_ns":[10042.000,0.000,110337.000,35835.000,0.000],"section_calls":[1,0,1,1,0]}
K1_DECODE_AUDIT {"ith":2,"nth":4,"weight":"leaf_0","activation":"leaf_1","input":"0x2adfa4c8f0","begin_ns":806515694304219,"packing_input_bytes":9216,"m":1,"n":128,"k":9216,"buffer_size":0,"copy_bytes":0,"total_ns":162838.000,"section_ns":[8542.000,0.000,110628.000,37292.000,0.000],"section_calls":[1,0,1,1,0]}
K1_DECODE_AUDIT {"ith":1,"nth":4,"weight":"leaf_0","activation":"leaf_1","input":"0x2adfa4c8f0","begin_ns":806515694346887,"packing_input_bytes":9216,"m":1,"n":128,"k":9216,"buffer_size":0,"copy_bytes":0,"total_ns":136004.000,"section_ns":[4167.000,0.000,126545.000,1708.000,0.000],"section_calls":[1,0,1,1,0]}
repack: repack tensor  with q4_0_16x32
K1_DECODE_AUDIT {"ith":1,"nth":4,"weight":"leaf_0","activation":"leaf_1","input":"0x2adfa4c8f0","begin_ns":806515700173170,"packing_input_bytes":0,"m":3,"n":64,"k":2560,"buffer_size":0,"copy_bytes":0,"total_ns":54168.000,"section_ns":[0.000,0.000,28542.000,20793.000,0.000],"section_calls":[0,0,3,1,0]}
K1_DECODE_AUDIT {"ith":3,"nth":4,"weight":"leaf_0","activation":"leaf_1","input":"0x2adfa4c8f0","begin_ns":806515700192629,"packing_input_bytes":0,"m":3,"n":64,"k":2560,"buffer_size":0,"copy_bytes":0,"total_ns":34084.000,"section_ns":[0.000,0.000,27834.000,3500.000,0.000],"section_calls":[0,0,3,1,0]}
K1_DECODE_AUDIT {"ith":2,"nth":4,"weight":"leaf_0","activation":"leaf_1","input":"0x2adfa4c8f0","begin_ns":806515700173170,"packing_input_bytes":0,"m":3,"n":64,"k":2560,"buffer_size":0,"copy_bytes":0,"total_ns":53585.000,"section_ns":[0.000,0.000,27959.000,20792.000,0.000],"section_calls":[0,0,3,1,0]}
K1_DECODE_AUDIT {"ith":0,"nth":4,"weight":"leaf_0","activation":"leaf_1","input":"0x2adfa4c8f0","begin_ns":806515700174670,"packing_input_bytes":30720,"m":3,"n":64,"k":2560,"buffer_size":0,"copy_bytes":0,"total_ns":51876.000,"section_ns":[18126.000,0.000,27835.000,1958.000,0.000],"section_calls":[3,0,3,1,0]}
repack: repack tensor  with q4_0_16x32
K1_DECODE_AUDIT {"ith":0,"nth":4,"weight":"leaf_0","activation":"leaf_1","input":"0x2adfa4c8f0","begin_ns":806515709452547,"packing_input_bytes":30720,"m":3,"n":128,"k":2560,"buffer_size":0,"copy_bytes":0,"total_ns":77794.000,"section_ns":[15209.000,0.000,55377.000,1958.000,0.000],"section_calls":[3,0,6,1,0]}
K1_DECODE_AUDIT {"ith":3,"nth":4,"weight":"leaf_0","activation":"leaf_1","input":"0x2adfa4c8f0","begin_ns":806515709452505,"packing_input_bytes":0,"m":3,"n":128,"k":2560,"buffer_size":0,"copy_bytes":0,"total_ns":77752.000,"section_ns":[0.000,0.000,55128.000,17792.000,0.000],"section_calls":[0,0,6,1,0]}
K1_DECODE_AUDIT {"ith":2,"nth":4,"weight":"leaf_0","activation":"leaf_1","input":"0x2adfa4c8f0","begin_ns":806515709452422,"packing_input_bytes":0,"m":3,"n":128,"k":2560,"buffer_size":0,"copy_bytes":0,"total_ns":77585.000,"section_ns":[0.000,0.000,54793.000,17667.000,0.000],"section_calls":[0,0,6,1,0]}
K1_DECODE_AUDIT {"ith":1,"nth":4,"weight":"leaf_0","activation":"leaf_1","input":"0x2adfa4c8f0","begin_ns":806515709460839,"packing_input_bytes":0,"m":3,"n":128,"k":2560,"buffer_size":0,"copy_bytes":0,"total_ns":69168.000,"section_ns":[0.000,0.000,54835.000,11084.000,0.000],"section_calls":[0,0,6,1,0]}
repack: repack tensor  with q4_0_16x32
K1_DECODE_AUDIT {"ith":1,"nth":4,"weight":"leaf_0","activation":"leaf_1","input":"0x2adfa4c8f0","begin_ns":806515720553515,"packing_input_bytes":0,"m":3,"n":64,"k":6144,"buffer_size":0,"copy_bytes":0,"total_ns":109961.000,"section_ns":[0.000,0.000,69336.000,35792.000,0.000],"section_calls":[0,0,3,1,0]}
K1_DECODE_AUDIT {"ith":2,"nth":4,"weight":"leaf_0","activation":"leaf_1","input":"0x2adfa4c8f0","begin_ns":806515720553473,"packing_input_bytes":0,"m":3,"n":64,"k":6144,"buffer_size":0,"copy_bytes":0,"total_ns":113086.000,"section_ns":[0.000,0.000,72419.000,35876.000,0.000],"section_calls":[0,0,3,1,0]}
K1_DECODE_AUDIT {"ith":3,"nth":4,"weight":"leaf_0","activation":"leaf_1","input":"0x2adfa4c8f0","begin_ns":806515720560265,"packing_input_bytes":0,"m":3,"n":64,"k":6144,"buffer_size":0,"copy_bytes":0,"total_ns":106253.000,"section_ns":[0.000,0.000,72335.000,30959.000,0.000],"section_calls":[0,0,3,1,0]}
K1_DECODE_AUDIT {"ith":0,"nth":4,"weight":"leaf_0","activation":"leaf_1","input":"0x2adfa4c8f0","begin_ns":806515720553515,"packing_input_bytes":73728,"m":3,"n":64,"k":6144,"buffer_size":0,"copy_bytes":0,"total_ns":112836.000,"section_ns":[32168.000,0.000,72127.000,2917.000,0.000],"section_calls":[3,0,3,1,0]}
repack: repack tensor  with q4_0_16x32
K1_DECODE_AUDIT {"ith":2,"nth":4,"weight":"leaf_0","activation":"leaf_1","input":"0x2adfa4c8f0","begin_ns":806515741182116,"packing_input_bytes":0,"m":3,"n":128,"k":6144,"buffer_size":0,"copy_bytes":0,"total_ns":159588.000,"section_ns":[0.000,0.000,127962.000,28043.000,0.000],"section_calls":[0,0,6,1,0]}
K1_DECODE_AUDIT {"ith":1,"nth":4,"weight":"leaf_0","activation":"leaf_1","input":"0x2adfa4c8f0","begin_ns":806515741170949,"packing_input_bytes":0,"m":3,"n":128,"k":6144,"buffer_size":0,"copy_bytes":0,"total_ns":173838.000,"section_ns":[0.000,0.000,130920.000,37418.000,0.000],"section_calls":[0,0,6,1,0]}
K1_DECODE_AUDIT {"ith":3,"nth":4,"weight":"leaf_0","activation":"leaf_1","input":"0x2adfa4c8f0","begin_ns":806515741170907,"packing_input_bytes":0,"m":3,"n":128,"k":6144,"buffer_size":0,"copy_bytes":0,"total_ns":171880.000,"section_ns":[0.000,0.000,129419.000,37543.000,0.000],"section_calls":[0,0,6,1,0]}
K1_DECODE_AUDIT {"ith":0,"nth":4,"weight":"leaf_0","activation":"leaf_1","input":"0x2adfa4c8f0","begin_ns":806515741170907,"packing_input_bytes":73728,"m":3,"n":128,"k":6144,"buffer_size":0,"copy_bytes":0,"total_ns":173630.000,"section_ns":[33709.000,0.000,130837.000,2542.000,0.000],"section_calls":[3,0,6,1,0]}
repack: repack tensor  with q4_0_16x32
K1_DECODE_AUDIT {"ith":2,"nth":4,"weight":"leaf_0","activation":"leaf_1","input":"0x2adfa4c8f0","begin_ns":806515757572311,"packing_input_bytes":0,"m":3,"n":64,"k":9216,"buffer_size":0,"copy_bytes":0,"total_ns":146712.000,"section_ns":[0.000,0.000,99086.000,44626.000,0.000],"section_calls":[0,0,3,1,0]}
K1_DECODE_AUDIT {"ith":1,"nth":4,"weight":"leaf_0","activation":"leaf_1","input":"0x2adfa4c8f0","begin_ns":806515757563894,"packing_input_bytes":0,"m":3,"n":64,"k":9216,"buffer_size":0,"copy_bytes":0,"total_ns":155879.000,"section_ns":[0.000,0.000,99878.000,51418.000,0.000],"section_calls":[0,0,3,1,0]}
K1_DECODE_AUDIT {"ith":0,"nth":4,"weight":"leaf_0","activation":"leaf_1","input":"0x2adfa4c8f0","begin_ns":806515757563852,"packing_input_bytes":110592,"m":3,"n":64,"k":9216,"buffer_size":0,"copy_bytes":0,"total_ns":153921.000,"section_ns":[47961.000,0.000,97836.000,2666.000,0.000],"section_calls":[3,0,3,1,0]}
K1_DECODE_AUDIT {"ith":3,"nth":4,"weight":"leaf_0","activation":"leaf_1","input":"0x2adfa4c8f0","begin_ns":806515757563852,"packing_input_bytes":0,"m":3,"n":64,"k":9216,"buffer_size":0,"copy_bytes":0,"total_ns":155629.000,"section_ns":[0.000,0.000,99629.000,51459.000,0.000],"section_calls":[0,0,3,1,0]}
repack: repack tensor  with q4_0_16x32
K1_DECODE_AUDIT {"ith":2,"nth":4,"weight":"leaf_0","activation":"leaf_1","input":"0x2adfa4c8f0","begin_ns":806515788718364,"packing_input_bytes":0,"m":3,"n":128,"k":9216,"buffer_size":0,"copy_bytes":0,"total_ns":294175.000,"section_ns":[0.000,0.000,217507.000,72377.000,0.000],"section_calls":[0,0,6,1,0]}
K1_DECODE_AUDIT {"ith":1,"nth":4,"weight":"leaf_0","activation":"leaf_1","input":"0x2adfa4c8f0","begin_ns":806515788716156,"packing_input_bytes":0,"m":3,"n":128,"k":9216,"buffer_size":0,"copy_bytes":0,"total_ns":294425.000,"section_ns":[0.000,0.000,215631.000,73460.000,0.000],"section_calls":[0,0,6,1,0]}
K1_DECODE_AUDIT {"ith":3,"nth":4,"weight":"leaf_0","activation":"leaf_1","input":"0x2adfa4c8f0","begin_ns":806515788716031,"packing_input_bytes":0,"m":3,"n":128,"k":9216,"buffer_size":0,"copy_bytes":0,"total_ns":294466.000,"section_ns":[0.000,0.000,215755.000,73419.000,0.000],"section_calls":[0,0,6,1,0]}
K1_DECODE_AUDIT {"ith":0,"nth":4,"weight":"leaf_0","activation":"leaf_1","input":"0x2adfa4c8f0","begin_ns":806515788740198,"packing_input_bytes":110592,"m":3,"n":128,"k":9216,"buffer_size":0,"copy_bytes":0,"total_ns":270549.000,"section_ns":[47252.000,0.000,215798.000,2708.000,0.000],"section_calls":[3,0,6,1,0]}
repack: repack tensor  with q4_0_16x32
K1_DECODE_AUDIT {"ith":2,"nth":4,"weight":"leaf_0","activation":"leaf_1","input":"0x3f654221b0","begin_ns":806515795853641,"packing_input_bytes":81920,"m":32,"n":64,"k":2560,"buffer_size":0,"copy_bytes":0,"total_ns":250632.000,"section_ns":[80585.000,0.000,162296.000,2001.000,0.000],"section_calls":[2,0,8,1,0]}
K1_DECODE_AUDIT {"ith":0,"nth":4,"weight":"leaf_0","activation":"leaf_1","input":"0x3f654221b0","begin_ns":806515795839641,"packing_input_bytes":81920,"m":32,"n":64,"k":2560,"buffer_size":0,"copy_bytes":0,"total_ns":277341.000,"section_ns":[84044.000,0.000,174672.000,11667.000,0.000],"section_calls":[2,0,8,1,0]}
K1_DECODE_AUDIT {"ith":1,"nth":4,"weight":"leaf_0","activation":"leaf_1","input":"0x3f654221b0","begin_ns":806515795839683,"packing_input_bytes":81920,"m":32,"n":64,"k":2560,"buffer_size":0,"copy_bytes":0,"total_ns":277882.000,"section_ns":[84377.000,0.000,129545.000,11750.000,0.000],"section_calls":[2,0,8,1,0]}
K1_DECODE_AUDIT {"ith":3,"nth":4,"weight":"leaf_0","activation":"leaf_1","input":"0x3f654221b0","begin_ns":806515795839683,"packing_input_bytes":81920,"m":32,"n":64,"k":2560,"buffer_size":0,"copy_bytes":0,"total_ns":281757.000,"section_ns":[84378.000,0.000,179214.000,11458.000,0.000],"section_calls":[2,0,8,1,0]}
repack: repack tensor  with q4_0_16x32
K1_DECODE_AUDIT {"ith":3,"nth":4,"weight":"leaf_0","activation":"leaf_1","input":"0x3f654201b0","begin_ns":806515806985027,"packing_input_bytes":81920,"m":32,"n":128,"k":2560,"buffer_size":0,"copy_bytes":0,"total_ns":342926.000,"section_ns":[84627.000,0.000,228092.000,23292.000,0.000],"section_calls":[2,0,16,1,0]}
K1_DECODE_AUDIT {"ith":1,"nth":4,"weight":"leaf_0","activation":"leaf_1","input":"0x3f654201b0","begin_ns":806515806985277,"packing_input_bytes":81920,"m":32,"n":128,"k":2560,"buffer_size":0,"copy_bytes":0,"total_ns":347926.000,"section_ns":[83835.000,0.000,232257.000,24001.000,0.000],"section_calls":[2,0,16,1,0]}
K1_DECODE_AUDIT {"ith":0,"nth":4,"weight":"leaf_0","activation":"leaf_1","input":"0x3f654201b0","begin_ns":806515806987152,"packing_input_bytes":81920,"m":32,"n":128,"k":2560,"buffer_size":0,"copy_bytes":0,"total_ns":346426.000,"section_ns":[82337.000,0.000,232796.000,25000.000,0.000],"section_calls":[2,0,16,1,0]}
K1_DECODE_AUDIT {"ith":2,"nth":4,"weight":"leaf_0","activation":"leaf_1","input":"0x3f654201b0","begin_ns":806515807010902,"packing_input_bytes":81920,"m":32,"n":128,"k":2560,"buffer_size":0,"copy_bytes":0,"total_ns":349385.000,"section_ns":[80585.000,0.000,260382.000,2084.000,0.000],"section_calls":[2,0,16,1,0]}
repack: repack tensor  with q4_0_16x32
K1_DECODE_AUDIT {"ith":3,"nth":4,"weight":"leaf_0","activation":"leaf_1","input":"0x3f653b21b0","begin_ns":806515821596590,"packing_input_bytes":196608,"m":32,"n":64,"k":6144,"buffer_size":0,"copy_bytes":0,"total_ns":519347.000,"section_ns":[230423.000,0.000,248465.000,33918.000,0.000],"section_calls":[2,0,8,1,0]}
K1_DECODE_AUDIT {"ith":0,"nth":4,"weight":"leaf_0","activation":"leaf_1","input":"0x3f653b21b0","begin_ns":806515821628799,"packing_input_bytes":196608,"m":32,"n":64,"k":6144,"buffer_size":0,"copy_bytes":0,"total_ns":496305.000,"section_ns":[224090.000,0.000,258673.000,3166.000,0.000],"section_calls":[2,0,8,1,0]}
K1_DECODE_AUDIT {"ith":2,"nth":4,"weight":"leaf_0","activation":"leaf_1","input":"0x3f653b21b0","begin_ns":806515821593173,"packing_input_bytes":196608,"m":32,"n":64,"k":6144,"buffer_size":0,"copy_bytes":0,"total_ns":544890.000,"section_ns":[236673.000,0.000,271340.000,29668.000,0.000],"section_calls":[2,0,8,1,0]}
K1_DECODE_AUDIT {"ith":1,"nth":4,"weight":"leaf_0","activation":"leaf_1","input":"0x3f653b21b0","begin_ns":806515821593423,"packing_input_bytes":196608,"m":32,"n":64,"k":6144,"buffer_size":0,"copy_bytes":0,"total_ns":604433.000,"section_ns":[232048.000,0.000,330551.000,33584.000,0.000],"section_calls":[2,0,8,1,0]}
repack: repack tensor  with q4_0_16x32
K1_DECODE_AUDIT {"ith":1,"nth":4,"weight":"leaf_0","activation":"leaf_1","input":"0x3f653b01b0","begin_ns":806515846083838,"packing_input_bytes":196608,"m":32,"n":128,"k":6144,"buffer_size":0,"copy_bytes":0,"total_ns":777187.000,"section_ns":[221797.000,0.000,505971.000,40334.000,0.000],"section_calls":[2,0,16,1,0]}
K1_DECODE_AUDIT {"ith":3,"nth":4,"weight":"leaf_0","activation":"leaf_1","input":"0x3f653b01b0","begin_ns":806515846083796,"packing_input_bytes":196608,"m":32,"n":128,"k":6144,"buffer_size":0,"copy_bytes":0,"total_ns":783813.000,"section_ns":[217965.000,0.000,512223.000,44876.000,0.000],"section_calls":[2,0,16,1,0]}
K1_DECODE_AUDIT {"ith":2,"nth":4,"weight":"leaf_0","activation":"leaf_1","input":"0x3f653b01b0","begin_ns":806515846131172,"packing_input_bytes":196608,"m":32,"n":128,"k":6144,"buffer_size":0,"copy_bytes":0,"total_ns":735437.000,"section_ns":[212173.000,0.000,512098.000,2125.000,0.000],"section_calls":[2,0,16,1,0]}
K1_DECODE_AUDIT {"ith":0,"nth":4,"weight":"leaf_0","activation":"leaf_1","input":"0x3f653b01b0","begin_ns":806515846086713,"packing_input_bytes":196608,"m":32,"n":128,"k":6144,"buffer_size":0,"copy_bytes":0,"total_ns":787438.000,"section_ns":[217256.000,0.000,518557.000,43918.000,0.000],"section_calls":[2,0,16,1,0]}
repack: repack tensor  with q4_0_16x32
K1_DECODE_AUDIT {"ith":3,"nth":4,"weight":"leaf_0","activation":"leaf_1","input":"0x3f653521b0","begin_ns":806515867595796,"packing_input_bytes":294912,"m":32,"n":64,"k":9216,"buffer_size":0,"copy_bytes":0,"total_ns":825398.000,"section_ns":[360801.000,0.000,434093.000,21750.000,0.000],"section_calls":[2,0,8,1,0]}
K1_DECODE_AUDIT {"ith":0,"nth":4,"weight":"leaf_0","activation":"leaf_1","input":"0x3f653521b0","begin_ns":806515867595796,"packing_input_bytes":294912,"m":32,"n":64,"k":9216,"buffer_size":0,"copy_bytes":0,"total_ns":828814.000,"section_ns":[356677.000,0.000,438221.000,24959.000,0.000],"section_calls":[2,0,8,1,0]}
K1_DECODE_AUDIT {"ith":2,"nth":4,"weight":"leaf_0","activation":"leaf_1","input":"0x3f653521b0","begin_ns":806515867625839,"packing_input_bytes":294912,"m":32,"n":64,"k":9216,"buffer_size":0,"copy_bytes":0,"total_ns":814272.000,"section_ns":[348677.000,0.000,454302.000,3250.000,0.000],"section_calls":[2,0,8,1,0]}
K1_DECODE_AUDIT {"ith":1,"nth":4,"weight":"leaf_0","activation":"leaf_1","input":"0x3f653521b0","begin_ns":806515867600296,"packing_input_bytes":294912,"m":32,"n":64,"k":9216,"buffer_size":0,"copy_bytes":0,"total_ns":876524.000,"section_ns":[356509.000,0.000,489762.000,22543.000,0.000],"section_calls":[2,0,8,1,0]}
repack: repack tensor  with q4_0_16x32
K1_DECODE_AUDIT {"ith":1,"nth":4,"weight":"leaf_0","activation":"leaf_1","input":"0x3f653501b0","begin_ns":806515904894558,"packing_input_bytes":294912,"m":32,"n":128,"k":9216,"buffer_size":0,"copy_bytes":0,"total_ns":1095488.000,"section_ns":[361592.000,0.000,718727.000,4250.000,0.000],"section_calls":[2,0,16,1,0]}
K1_DECODE_AUDIT {"ith":0,"nth":4,"weight":"leaf_0","activation":"leaf_1","input":"0x3f653501b0","begin_ns":806515904894600,"packing_input_bytes":294912,"m":32,"n":128,"k":9216,"buffer_size":0,"copy_bytes":0,"total_ns":1106113.000,"section_ns":[359260.000,0.000,728768.000,7000.000,0.000],"section_calls":[2,0,16,1,0]}
K1_DECODE_AUDIT {"ith":3,"nth":4,"weight":"leaf_0","activation":"leaf_1","input":"0x3f653501b0","begin_ns":806515904894558,"packing_input_bytes":294912,"m":32,"n":128,"k":9216,"buffer_size":0,"copy_bytes":0,"total_ns":1107989.000,"section_ns":[360885.000,0.000,731187.000,4750.000,0.000],"section_calls":[2,0,16,1,0]}
K1_DECODE_AUDIT {"ith":2,"nth":4,"weight":"leaf_0","activation":"leaf_1","input":"0x3f653501b0","begin_ns":806515904894600,"packing_input_bytes":294912,"m":32,"n":128,"k":9216,"buffer_size":0,"copy_bytes":0,"total_ns":1133322.000,"section_ns":[361051.000,0.000,756062.000,5584.000,0.000],"section_calls":[2,0,16,1,0]}
repack: repack tensor  with q8_0_16x32
repack: repack tensor  with q8_0_16x32
PASS: 104 production graph cases; input/output/scratch guards
