CPU_RISCV64_SPACEMIT: num_cores: 8, num_perfer_cores: 4, perfer_core_arch_id: a03c, exclude_main_thread: 0, use_ime1: 1, use_ime2: 0, mem_backend: HPAGE, cpu_mask: f, aicpu_id_offset: 0
CPU_RISCV64_SPACEMIT: alloc_chunk: open(/dev/tcm_sync_mem) failed, errno=2
CPU_RISCV64_SPACEMIT: failed to allocate init_barrier from shared mem, falling back to heap
repack: repack tensor  with q4_0_16x32
K1_GEMM_ROUTE mode=3 phase=single eligible=1 bypass=1 buffer_size=131072
K1_DECODE_AUDIT {"ith":2,"nth":4,"weight":"leaf_0","activation":"leaf_1","input":"0x3f622fe1b0","begin_ns":808843439429949,"packing_input_bytes":0,"m":1,"n":16,"k":32,"buffer_size":0,"copy_bytes":0,"total_ns":111544.000,"section_ns":[0.000,0.000,0.000,92336.000,0.000],"section_calls":[0,0,0,1,0]}
K1_DECODE_AUDIT {"ith":1,"nth":4,"weight":"leaf_0","activation":"leaf_1","input":"0x3f622fe1b0","begin_ns":808843439425365,"packing_input_bytes":0,"m":1,"n":16,"k":32,"buffer_size":0,"copy_bytes":0,"total_ns":116003.000,"section_ns":[0.000,0.000,0.000,93669.000,0.000],"section_calls":[0,0,0,1,0]}
K1_DECODE_AUDIT {"ith":3,"nth":4,"weight":"leaf_0","activation":"leaf_1","input":"0x3f622fe1b0","begin_ns":808843439536493,"packing_input_bytes":0,"m":1,"n":16,"k":32,"buffer_size":0,"copy_bytes":0,"total_ns":5000.000,"section_ns":[0.000,0.000,0.000,2042.000,0.000],"section_calls":[0,0,0,1,0]}
K1_DECODE_AUDIT {"ith":0,"nth":4,"weight":"leaf_0","activation":"leaf_1","input":"0x3f622fe1b0","begin_ns":808843439425365,"packing_input_bytes":128,"m":1,"n":16,"k":32,"buffer_size":0,"copy_bytes":0,"total_ns":119587.000,"section_ns":[2333.000,0.000,3000.000,2125.000,0.000],"section_calls":[1,0,1,1,0]}
repack: repack tensor  with q4_0_16x32
K1_DECODE_AUDIT {"ith":2,"nth":4,"weight":"leaf_0","activation":"leaf_1","input":"0x2ac51027b0","begin_ns":808843441230622,"packing_input_bytes":0,"m":1,"n":32,"k":32,"buffer_size":0,"copy_bytes":0,"total_ns":6750.000,"section_ns":[0.000,0.000,0.000,3417.000,0.000],"section_calls":[0,0,0,1,0]}
K1_DECODE_AUDIT {"ith":3,"nth":4,"weight":"leaf_0","activation":"leaf_1","input":"0x2ac51027b0","begin_ns":808843441230580,"packing_input_bytes":0,"m":1,"n":32,"k":32,"buffer_size":0,"copy_bytes":0,"total_ns":6834.000,"section_ns":[0.000,0.000,0.000,3333.000,0.000],"section_calls":[0,0,0,1,0]}
K1_DECODE_AUDIT {"ith":1,"nth":4,"weight":"leaf_0","activation":"leaf_1","input":"0x2ac51027b0","begin_ns":808843441230664,"packing_input_bytes":0,"m":1,"n":32,"k":32,"buffer_size":0,"copy_bytes":0,"total_ns":8583.000,"section_ns":[0.000,0.000,1625.000,3458.000,0.000],"section_calls":[0,0,1,1,0]}
K1_DECODE_AUDIT {"ith":0,"nth":4,"weight":"leaf_0","activation":"leaf_1","input":"0x2ac51027b0","begin_ns":808843441230664,"packing_input_bytes":128,"m":1,"n":32,"k":32,"buffer_size":0,"copy_bytes":0,"total_ns":8500.000,"section_ns":[1166.000,0.000,1417.000,1458.000,0.000],"section_calls":[1,0,1,1,0]}
repack: repack tensor  with q4_0_16x32
K1_DECODE_AUDIT {"ith":0,"nth":4,"weight":"leaf_0","activation":"leaf_1","input":"0x2ac59028f0","begin_ns":808843442290067,"packing_input_bytes":128,"m":1,"n":128,"k":32,"buffer_size":0,"copy_bytes":0,"total_ns":6834.000,"section_ns":[1041.000,0.000,1417.000,958.000,0.000],"section_calls":[1,0,1,1,0]}
K1_DECODE_AUDIT {"ith":1,"nth":4,"weight":"leaf_0","activation":"leaf_1","input":"0x2ac59028f0","begin_ns":808843442290109,"packing_input_bytes":0,"m":1,"n":128,"k":32,"buffer_size":0,"copy_bytes":0,"total_ns":7250.000,"section_ns":[0.000,0.000,1834.000,2417.000,0.000],"section_calls":[0,0,1,1,0]}
K1_DECODE_AUDIT {"ith":2,"nth":4,"weight":"leaf_0","activation":"leaf_1","input":"0x2ac59028f0","begin_ns":808843442290150,"packing_input_bytes":0,"m":1,"n":128,"k":32,"buffer_size":0,"copy_bytes":0,"total_ns":6751.000,"section_ns":[0.000,0.000,1209.000,2583.000,0.000],"section_calls":[0,0,1,1,0]}
K1_DECODE_AUDIT {"ith":3,"nth":4,"weight":"leaf_0","activation":"leaf_1","input":"0x2ac59028f0","begin_ns":808843442290109,"packing_input_bytes":0,"m":1,"n":128,"k":32,"buffer_size":0,"copy_bytes":0,"total_ns":6875.000,"section_ns":[0.000,0.000,1417.000,2500.000,0.000],"section_calls":[0,0,1,1,0]}
repack: repack tensor  with q4_0_16x32
K1_DECODE_AUDIT {"ith":1,"nth":4,"weight":"leaf_0","activation":"leaf_1","input":"0x2ac59028f0","begin_ns":808843443159340,"packing_input_bytes":128,"m":1,"n":16,"k":64,"buffer_size":0,"copy_bytes":0,"total_ns":4750.000,"section_ns":[1000.000,0.000,0.000,1208.000,0.000],"section_calls":[1,0,0,1,0]}
K1_DECODE_AUDIT {"ith":2,"nth":4,"weight":"leaf_0","activation":"leaf_1","input":"0x2ac59028f0","begin_ns":808843443159424,"packing_input_bytes":0,"m":1,"n":16,"k":64,"buffer_size":0,"copy_bytes":0,"total_ns":5083.000,"section_ns":[0.000,0.000,0.000,2792.000,0.000],"section_calls":[0,0,0,1,0]}
K1_DECODE_AUDIT {"ith":3,"nth":4,"weight":"leaf_0","activation":"leaf_1","input":"0x2ac59028f0","begin_ns":808843443159382,"packing_input_bytes":0,"m":1,"n":16,"k":64,"buffer_size":0,"copy_bytes":0,"total_ns":5042.000,"section_ns":[0.000,0.000,0.000,2833.000,0.000],"section_calls":[0,0,0,1,0]}
K1_DECODE_AUDIT {"ith":0,"nth":4,"weight":"leaf_0","activation":"leaf_1","input":"0x2ac59028f0","begin_ns":808843443159340,"packing_input_bytes":128,"m":1,"n":16,"k":64,"buffer_size":0,"copy_bytes":0,"total_ns":6709.000,"section_ns":[834.000,0.000,1750.000,1208.000,0.000],"section_calls":[1,0,1,1,0]}
repack: repack tensor  with q4_0_16x32
K1_DECODE_AUDIT {"ith":3,"nth":4,"weight":"leaf_0","activation":"leaf_1","input":"0x2ac59028f0","begin_ns":808843443975404,"packing_input_bytes":0,"m":1,"n":32,"k":64,"buffer_size":0,"copy_bytes":0,"total_ns":5208.000,"section_ns":[0.000,0.000,0.000,2958.000,0.000],"section_calls":[0,0,0,1,0]}
K1_DECODE_AUDIT {"ith":2,"nth":4,"weight":"leaf_0","activation":"leaf_1","input":"0x2ac59028f0","begin_ns":808843443975487,"packing_input_bytes":0,"m":1,"n":32,"k":64,"buffer_size":0,"copy_bytes":0,"total_ns":5125.000,"section_ns":[0.000,0.000,0.000,2875.000,0.000],"section_calls":[0,0,0,1,0]}
K1_DECODE_AUDIT {"ith":1,"nth":4,"weight":"leaf_0","activation":"leaf_1","input":"0x2ac59028f0","begin_ns":808843443975446,"packing_input_bytes":128,"m":1,"n":32,"k":64,"buffer_size":0,"copy_bytes":0,"total_ns":6583.000,"section_ns":[1208.000,0.000,1708.000,1209.000,0.000],"section_calls":[1,0,1,1,0]}
K1_DECODE_AUDIT {"ith":0,"nth":4,"weight":"leaf_0","activation":"leaf_1","input":"0x2ac59028f0","begin_ns":808843443975446,"packing_input_bytes":128,"m":1,"n":32,"k":64,"buffer_size":0,"copy_bytes":0,"total_ns":6458.000,"section_ns":[958.000,0.000,1667.000,1167.000,0.000],"section_calls":[1,0,1,1,0]}
repack: repack tensor  with q4_0_16x32
K1_DECODE_AUDIT {"ith":0,"nth":4,"weight":"leaf_0","activation":"leaf_1","input":"0x2ac59028f0","begin_ns":808843445154269,"packing_input_bytes":128,"m":1,"n":128,"k":64,"buffer_size":0,"copy_bytes":0,"total_ns":9375.000,"section_ns":[1125.000,0.000,2083.000,2375.000,0.000],"section_calls":[1,0,1,1,0]}
K1_DECODE_AUDIT {"ith":3,"nth":4,"weight":"leaf_0","activation":"leaf_1","input":"0x2ac59028f0","begin_ns":808843445154352,"packing_input_bytes":0,"m":1,"n":128,"k":64,"buffer_size":0,"copy_bytes":0,"total_ns":9292.000,"section_ns":[0.000,0.000,2000.000,3916.000,0.000],"section_calls":[0,0,1,1,0]}
K1_DECODE_AUDIT {"ith":1,"nth":4,"weight":"leaf_0","activation":"leaf_1","input":"0x2ac59028f0","begin_ns":808843445154311,"packing_input_bytes":128,"m":1,"n":128,"k":64,"buffer_size":0,"copy_bytes":0,"total_ns":9417.000,"section_ns":[1500.000,0.000,2084.000,1834.000,0.000],"section_calls":[1,0,1,1,0]}
K1_DECODE_AUDIT {"ith":2,"nth":4,"weight":"leaf_0","activation":"leaf_1","input":"0x2ac59028f0","begin_ns":808843445154352,"packing_input_bytes":0,"m":1,"n":128,"k":64,"buffer_size":0,"copy_bytes":0,"total_ns":9584.000,"section_ns":[0.000,0.000,2375.000,4083.000,0.000],"section_calls":[0,0,1,1,0]}
repack: repack tensor  with q4_0_16x32
K1_DECODE_AUDIT {"ith":3,"nth":4,"weight":"leaf_0","activation":"leaf_1","input":"0x2ac59028f0","begin_ns":808843446075544,"packing_input_bytes":256,"m":1,"n":16,"k":256,"buffer_size":0,"copy_bytes":0,"total_ns":5458.000,"section_ns":[958.000,0.000,0.000,1292.000,0.000],"section_calls":[1,0,0,1,0]}
K1_DECODE_AUDIT {"ith":1,"nth":4,"weight":"leaf_0","activation":"leaf_1","input":"0x2ac59028f0","begin_ns":808843446075627,"packing_input_bytes":256,"m":1,"n":16,"k":256,"buffer_size":0,"copy_bytes":0,"total_ns":5500.000,"section_ns":[1500.000,0.000,0.000,1416.000,0.000],"section_calls":[1,0,0,1,0]}
K1_DECODE_AUDIT {"ith":2,"nth":4,"weight":"leaf_0","activation":"leaf_1","input":"0x2ac59028f0","begin_ns":808843446075585,"packing_input_bytes":256,"m":1,"n":16,"k":256,"buffer_size":0,"copy_bytes":0,"total_ns":5375.000,"section_ns":[1125.000,0.000,0.000,1584.000,0.000],"section_calls":[1,0,0,1,0]}
K1_DECODE_AUDIT {"ith":0,"nth":4,"weight":"leaf_0","activation":"leaf_1","input":"0x2ac59028f0","begin_ns":808843446075669,"packing_input_bytes":256,"m":1,"n":16,"k":256,"buffer_size":0,"copy_bytes":0,"total_ns":7333.000,"section_ns":[1375.000,0.000,1875.000,1333.000,0.000],"section_calls":[1,0,1,1,0]}
repack: repack tensor  with q4_0_16x32
K1_DECODE_AUDIT {"ith":2,"nth":4,"weight":"leaf_0","activation":"leaf_1","input":"0x2ac59028f0","begin_ns":808843447087696,"packing_input_bytes":256,"m":1,"n":32,"k":256,"buffer_size":0,"copy_bytes":0,"total_ns":5667.000,"section_ns":[1334.000,0.000,0.000,1958.000,0.000],"section_calls":[1,0,0,1,0]}
K1_DECODE_AUDIT {"ith":3,"nth":4,"weight":"leaf_0","activation":"leaf_1","input":"0x2ac59028f0","begin_ns":808843447087738,"packing_input_bytes":256,"m":1,"n":32,"k":256,"buffer_size":0,"copy_bytes":0,"total_ns":5625.000,"section_ns":[1291.000,0.000,0.000,1917.000,0.000],"section_calls":[1,0,0,1,0]}
K1_DECODE_AUDIT {"ith":0,"nth":4,"weight":"leaf_0","activation":"leaf_1","input":"0x2ac59028f0","begin_ns":808843447087654,"packing_input_bytes":256,"m":1,"n":32,"k":256,"buffer_size":0,"copy_bytes":0,"total_ns":8209.000,"section_ns":[1417.000,0.000,2125.000,2083.000,0.000],"section_calls":[1,0,1,1,0]}
K1_DECODE_AUDIT {"ith":1,"nth":4,"weight":"leaf_0","activation":"leaf_1","input":"0x2ac59028f0","begin_ns":808843447087654,"packing_input_bytes":256,"m":1,"n":32,"k":256,"buffer_size":0,"copy_bytes":0,"total_ns":8042.000,"section_ns":[1291.000,0.000,2000.000,1875.000,0.000],"section_calls":[1,0,1,1,0]}
repack: repack tensor  with q4_0_16x32
K1_DECODE_AUDIT {"ith":2,"nth":4,"weight":"leaf_0","activation":"leaf_1","input":"0x2ac59028f0","begin_ns":808843448910661,"packing_input_bytes":256,"m":1,"n":128,"k":256,"buffer_size":0,"copy_bytes":0,"total_ns":10292.000,"section_ns":[1500.000,0.000,3416.000,2000.000,0.000],"section_calls":[1,0,1,1,0]}
K1_DECODE_AUDIT {"ith":3,"nth":4,"weight":"leaf_0","activation":"leaf_1","input":"0x2ac59028f0","begin_ns":808843448911203,"packing_input_bytes":256,"m":1,"n":128,"k":256,"buffer_size":0,"copy_bytes":0,"total_ns":9959.000,"section_ns":[1625.000,0.000,3584.000,2000.000,0.000],"section_calls":[1,0,1,1,0]}
K1_DECODE_AUDIT {"ith":1,"nth":4,"weight":"leaf_0","activation":"leaf_1","input":"0x2ac59028f0","begin_ns":808843448910620,"packing_input_bytes":256,"m":1,"n":128,"k":256,"buffer_size":0,"copy_bytes":0,"total_ns":10708.000,"section_ns":[1500.000,0.000,3750.000,2209.000,0.000],"section_calls":[1,0,1,1,0]}
K1_DECODE_AUDIT {"ith":0,"nth":4,"weight":"leaf_0","activation":"leaf_1","input":"0x2ac59028f0","begin_ns":808843448910661,"packing_input_bytes":256,"m":1,"n":128,"k":256,"buffer_size":0,"copy_bytes":0,"total_ns":10292.000,"section_ns":[1667.000,0.000,3417.000,1875.000,0.000],"section_calls":[1,0,1,1,0]}
repack: repack tensor  with q4_0_16x32
K1_DECODE_AUDIT {"ith":2,"nth":4,"weight":"leaf_0","activation":"leaf_1","input":"0x2ac59028f0","begin_ns":808843450616332,"packing_input_bytes":2048,"m":1,"n":16,"k":2048,"buffer_size":0,"copy_bytes":0,"total_ns":8042.000,"section_ns":[3834.000,0.000,0.000,1125.000,0.000],"section_calls":[1,0,0,1,0]}
K1_DECODE_AUDIT {"ith":3,"nth":4,"weight":"leaf_0","activation":"leaf_1","input":"0x2ac59028f0","begin_ns":808843450616374,"packing_input_bytes":2048,"m":1,"n":16,"k":2048,"buffer_size":0,"copy_bytes":0,"total_ns":8167.000,"section_ns":[2458.000,0.000,0.000,2626.000,0.000],"section_calls":[1,0,0,1,0]}
K1_DECODE_AUDIT {"ith":1,"nth":4,"weight":"leaf_0","activation":"leaf_1","input":"0x2ac59028f0","begin_ns":808843450616416,"packing_input_bytes":2048,"m":1,"n":16,"k":2048,"buffer_size":0,"copy_bytes":0,"total_ns":8125.000,"section_ns":[3041.000,0.000,0.000,2208.000,0.000],"section_calls":[1,0,0,1,0]}
K1_DECODE_AUDIT {"ith":0,"nth":4,"weight":"leaf_0","activation":"leaf_1","input":"0x2ac59028f0","begin_ns":808843450616332,"packing_input_bytes":2048,"m":1,"n":16,"k":2048,"buffer_size":0,"copy_bytes":0,"total_ns":15042.000,"section_ns":[3084.000,0.000,6792.000,2000.000,0.000],"section_calls":[1,0,1,1,0]}
repack: repack tensor  with q4_0_16x32
K1_DECODE_AUDIT {"ith":3,"nth":4,"weight":"leaf_0","activation":"leaf_1","input":"0x2ac59028f0","begin_ns":808843453392865,"packing_input_bytes":2048,"m":1,"n":32,"k":2048,"buffer_size":0,"copy_bytes":0,"total_ns":7500.000,"section_ns":[2750.000,0.000,0.000,1250.000,0.000],"section_calls":[1,0,0,1,0]}
K1_DECODE_AUDIT {"ith":2,"nth":4,"weight":"leaf_0","activation":"leaf_1","input":"0x2ac59028f0","begin_ns":808843453392865,"packing_input_bytes":2048,"m":1,"n":32,"k":2048,"buffer_size":0,"copy_bytes":0,"total_ns":7417.000,"section_ns":[2708.000,0.000,0.000,1584.000,0.000],"section_calls":[1,0,0,1,0]}
K1_DECODE_AUDIT {"ith":1,"nth":4,"weight":"leaf_0","activation":"leaf_1","input":"0x2ac59028f0","begin_ns":808843453392824,"packing_input_bytes":2048,"m":1,"n":32,"k":2048,"buffer_size":0,"copy_bytes":0,"total_ns":14500.000,"section_ns":[3000.000,0.000,6708.000,1334.000,0.000],"section_calls":[1,0,1,1,0]}
K1_DECODE_AUDIT {"ith":0,"nth":4,"weight":"leaf_0","activation":"leaf_1","input":"0x2ac59028f0","begin_ns":808843453392782,"packing_input_bytes":2048,"m":1,"n":32,"k":2048,"buffer_size":0,"copy_bytes":0,"total_ns":14584.000,"section_ns":[2625.000,0.000,6542.000,1375.000,0.000],"section_calls":[1,0,1,1,0]}
repack: repack tensor  with q4_0_16x32
K1_DECODE_AUDIT {"ith":2,"nth":4,"weight":"leaf_0","activation":"leaf_1","input":"0x2ac59028f0","begin_ns":808843461704838,"packing_input_bytes":2048,"m":1,"n":128,"k":2048,"buffer_size":0,"copy_bytes":0,"total_ns":38085.000,"section_ns":[3208.000,0.000,19667.000,11084.000,0.000],"section_calls":[1,0,1,1,0]}
K1_DECODE_AUDIT {"ith":0,"nth":4,"weight":"leaf_0","activation":"leaf_1","input":"0x2ac59028f0","begin_ns":808843461704880,"packing_input_bytes":2048,"m":1,"n":128,"k":2048,"buffer_size":0,"copy_bytes":0,"total_ns":38001.000,"section_ns":[4000.000,0.000,19667.000,10417.000,0.000],"section_calls":[1,0,1,1,0]}
K1_DECODE_AUDIT {"ith":1,"nth":4,"weight":"leaf_0","activation":"leaf_1","input":"0x2ac59028f0","begin_ns":808843461717589,"packing_input_bytes":2048,"m":1,"n":128,"k":2048,"buffer_size":0,"copy_bytes":0,"total_ns":25292.000,"section_ns":[1417.000,0.000,19626.000,1334.000,0.000],"section_calls":[1,0,1,1,0]}
K1_DECODE_AUDIT {"ith":3,"nth":4,"weight":"leaf_0","activation":"leaf_1","input":"0x2ac59028f0","begin_ns":808843461704797,"packing_input_bytes":2048,"m":1,"n":128,"k":2048,"buffer_size":0,"copy_bytes":0,"total_ns":38084.000,"section_ns":[3708.000,0.000,19625.000,11167.000,0.000],"section_calls":[1,0,1,1,0]}
repack: repack tensor  with q4_0_16x32
K1_GEMM_ROUTE mode=3 phase=prefill eligible=1 bypass=1 buffer_size=131072
K1_DECODE_AUDIT {"ith":1,"nth":4,"weight":"leaf_0","activation":"leaf_1","input":"0x2ac59028f0","begin_ns":808843462837494,"packing_input_bytes":0,"m":2,"n":16,"k":32,"buffer_size":0,"copy_bytes":0,"total_ns":27376.000,"section_ns":[0.000,0.000,0.000,24459.000,0.000],"section_calls":[0,0,0,1,0]}
K1_DECODE_AUDIT {"ith":2,"nth":4,"weight":"leaf_0","activation":"leaf_1","input":"0x2ac59028f0","begin_ns":808843462837452,"packing_input_bytes":0,"m":2,"n":16,"k":32,"buffer_size":0,"copy_bytes":0,"total_ns":27459.000,"section_ns":[0.000,0.000,0.000,24542.000,0.000],"section_calls":[0,0,0,1,0]}
K1_DECODE_AUDIT {"ith":3,"nth":4,"weight":"leaf_0","activation":"leaf_1","input":"0x2ac59028f0","begin_ns":808843462844536,"packing_input_bytes":0,"m":2,"n":16,"k":32,"buffer_size":0,"copy_bytes":0,"total_ns":20334.000,"section_ns":[0.000,0.000,0.000,18126.000,0.000],"section_calls":[0,0,0,1,0]}
K1_DECODE_AUDIT {"ith":0,"nth":4,"weight":"leaf_0","activation":"leaf_1","input":"0x2ac59028f0","begin_ns":808843462837494,"packing_input_bytes":256,"m":2,"n":16,"k":32,"buffer_size":0,"copy_bytes":0,"total_ns":28292.000,"section_ns":[1625.000,0.000,1124.000,1333.000,0.000],"section_calls":[2,0,2,1,0]}
repack: repack tensor  with q4_0_16x32
K1_DECODE_AUDIT {"ith":2,"nth":4,"weight":"leaf_0","activation":"leaf_1","input":"0x2ac59028f0","begin_ns":808843463730143,"packing_input_bytes":0,"m":2,"n":32,"k":32,"buffer_size":0,"copy_bytes":0,"total_ns":6292.000,"section_ns":[0.000,0.000,0.000,3708.000,0.000],"section_calls":[0,0,0,1,0]}
K1_DECODE_AUDIT {"ith":3,"nth":4,"weight":"leaf_0","activation":"leaf_1","input":"0x2ac59028f0","begin_ns":808843463730101,"packing_input_bytes":0,"m":2,"n":32,"k":32,"buffer_size":0,"copy_bytes":0,"total_ns":6209.000,"section_ns":[0.000,0.000,0.000,3083.000,0.000],"section_calls":[0,0,0,1,0]}
K1_DECODE_AUDIT {"ith":0,"nth":4,"weight":"leaf_0","activation":"leaf_1","input":"0x2ac59028f0","begin_ns":808843463730143,"packing_input_bytes":256,"m":2,"n":32,"k":32,"buffer_size":0,"copy_bytes":0,"total_ns":8125.000,"section_ns":[1541.000,0.000,1667.000,1416.000,0.000],"section_calls":[2,0,2,1,0]}
K1_DECODE_AUDIT {"ith":1,"nth":4,"weight":"leaf_0","activation":"leaf_1","input":"0x2ac59028f0","begin_ns":808843463730059,"packing_input_bytes":0,"m":2,"n":32,"k":32,"buffer_size":0,"copy_bytes":0,"total_ns":8292.000,"section_ns":[0.000,0.000,1832.000,3541.000,0.000],"section_calls":[0,0,2,1,0]}
repack: repack tensor  with q4_0_16x32
K1_DECODE_AUDIT {"ith":0,"nth":4,"weight":"leaf_0","activation":"leaf_1","input":"0x2ac59028f0","begin_ns":808843464685752,"packing_input_bytes":256,"m":2,"n":128,"k":32,"buffer_size":0,"copy_bytes":0,"total_ns":9917.000,"section_ns":[1208.000,0.000,1876.000,2833.000,0.000],"section_calls":[2,0,4,1,0]}
K1_DECODE_AUDIT {"ith":1,"nth":4,"weight":"leaf_0","activation":"leaf_1","input":"0x2ac59028f0","begin_ns":808843464685710,"packing_input_bytes":0,"m":2,"n":128,"k":32,"buffer_size":0,"copy_bytes":0,"total_ns":10250.000,"section_ns":[0.000,0.000,2166.000,5000.000,0.000],"section_calls":[0,0,4,1,0]}
K1_DECODE_AUDIT {"ith":3,"nth":4,"weight":"leaf_0","activation":"leaf_1","input":"0x2ac59028f0","begin_ns":808843464690127,"packing_input_bytes":0,"m":2,"n":128,"k":32,"buffer_size":0,"copy_bytes":0,"total_ns":5833.000,"section_ns":[0.000,0.000,2208.000,1208.000,0.000],"section_calls":[0,0,4,1,0]}
K1_DECODE_AUDIT {"ith":2,"nth":4,"weight":"leaf_0","activation":"leaf_1","input":"0x2ac59028f0","begin_ns":808843464686002,"packing_input_bytes":0,"m":2,"n":128,"k":32,"buffer_size":0,"copy_bytes":0,"total_ns":10208.000,"section_ns":[0.000,0.000,2542.000,4750.000,0.000],"section_calls":[0,0,4,1,0]}
repack: repack tensor  with q4_0_16x32
K1_DECODE_AUDIT {"ith":1,"nth":4,"weight":"leaf_0","activation":"leaf_1","input":"0x2ac59028f0","begin_ns":808843465610652,"packing_input_bytes":0,"m":2,"n":16,"k":64,"buffer_size":0,"copy_bytes":0,"total_ns":6917.000,"section_ns":[0.000,0.000,0.000,4375.000,0.000],"section_calls":[0,0,0,1,0]}
K1_DECODE_AUDIT {"ith":2,"nth":4,"weight":"leaf_0","activation":"leaf_1","input":"0x2ac59028f0","begin_ns":808843465610610,"packing_input_bytes":0,"m":2,"n":16,"k":64,"buffer_size":0,"copy_bytes":0,"total_ns":7042.000,"section_ns":[0.000,0.000,0.000,4417.000,0.000],"section_calls":[0,0,0,1,0]}
K1_DECODE_AUDIT {"ith":3,"nth":4,"weight":"leaf_0","activation":"leaf_1","input":"0x2ac59028f0","begin_ns":808843465613152,"packing_input_bytes":0,"m":2,"n":16,"k":64,"buffer_size":0,"copy_bytes":0,"total_ns":4542.000,"section_ns":[0.000,0.000,0.000,2959.000,0.000],"section_calls":[0,0,0,1,0]}
K1_DECODE_AUDIT {"ith":0,"nth":4,"weight":"leaf_0","activation":"leaf_1","input":"0x2ac59028f0","begin_ns":808843465610610,"packing_input_bytes":512,"m":2,"n":16,"k":64,"buffer_size":0,"copy_bytes":0,"total_ns":8875.000,"section_ns":[2584.000,0.000,1583.000,1167.000,0.000],"section_calls":[2,0,2,1,0]}
repack: repack tensor  with q4_0_16x32
K1_DECODE_AUDIT {"ith":3,"nth":4,"weight":"leaf_0","activation":"leaf_1","input":"0x2ac59028f0","begin_ns":808843466426715,"packing_input_bytes":0,"m":2,"n":32,"k":64,"buffer_size":0,"copy_bytes":0,"total_ns":6417.000,"section_ns":[0.000,0.000,0.000,4041.000,0.000],"section_calls":[0,0,0,1,0]}
K1_DECODE_AUDIT {"ith":2,"nth":4,"weight":"leaf_0","activation":"leaf_1","input":"0x2ac59028f0","begin_ns":808843466426757,"packing_input_bytes":0,"m":2,"n":32,"k":64,"buffer_size":0,"copy_bytes":0,"total_ns":6458.000,"section_ns":[0.000,0.000,0.000,3958.000,0.000],"section_calls":[0,0,0,1,0]}
K1_DECODE_AUDIT {"ith":0,"nth":4,"weight":"leaf_0","activation":"leaf_1","input":"0x2ac59028f0","begin_ns":808843466426715,"packing_input_bytes":512,"m":2,"n":32,"k":64,"buffer_size":0,"copy_bytes":0,"total_ns":8250.000,"section_ns":[2208.000,0.000,1500.000,1375.000,0.000],"section_calls":[2,0,2,1,0]}
K1_DECODE_AUDIT {"ith":1,"nth":4,"weight":"leaf_0","activation":"leaf_1","input":"0x2ac59028f0","begin_ns":808843466426799,"packing_input_bytes":0,"m":2,"n":32,"k":64,"buffer_size":0,"copy_bytes":0,"total_ns":8375.000,"section_ns":[0.000,0.000,1834.000,3916.000,0.000],"section_calls":[0,0,2,1,0]}
repack: repack tensor  with q4_0_16x32
K1_DECODE_AUDIT {"ith":3,"nth":4,"weight":"leaf_0","activation":"leaf_1","input":"0x2ac59028f0","begin_ns":808843467406408,"packing_input_bytes":0,"m":2,"n":128,"k":64,"buffer_size":0,"copy_bytes":0,"total_ns":8167.000,"section_ns":[0.000,0.000,2626.000,3208.000,0.000],"section_calls":[0,0,4,1,0]}
K1_DECODE_AUDIT {"ith":2,"nth":4,"weight":"leaf_0","activation":"leaf_1","input":"0x2ac59028f0","begin_ns":808843467404742,"packing_input_bytes":0,"m":2,"n":128,"k":64,"buffer_size":0,"copy_bytes":0,"total_ns":10333.000,"section_ns":[0.000,0.000,3084.000,4083.000,0.000],"section_calls":[0,0,4,1,0]}
K1_DECODE_AUDIT {"ith":0,"nth":4,"weight":"leaf_0","activation":"leaf_1","input":"0x2ac59028f0","begin_ns":808843467404825,"packing_input_bytes":512,"m":2,"n":128,"k":64,"buffer_size":0,"copy_bytes":0,"total_ns":10083.000,"section_ns":[2500.000,0.000,3041.000,1209.000,0.000],"section_calls":[2,0,4,1,0]}
K1_DECODE_AUDIT {"ith":1,"nth":4,"weight":"leaf_0","activation":"leaf_1","input":"0x2ac59028f0","begin_ns":808843467404700,"packing_input_bytes":0,"m":2,"n":128,"k":64,"buffer_size":0,"copy_bytes":0,"total_ns":10250.000,"section_ns":[0.000,0.000,3001.000,4166.000,0.000],"section_calls":[0,0,4,1,0]}
repack: repack tensor  with q4_0_16x32
K1_DECODE_AUDIT {"ith":2,"nth":4,"weight":"leaf_0","activation":"leaf_1","input":"0x2ac59028f0","begin_ns":808843468391518,"packing_input_bytes":0,"m":2,"n":16,"k":256,"buffer_size":0,"copy_bytes":0,"total_ns":7959.000,"section_ns":[0.000,0.000,0.000,5209.000,0.000],"section_calls":[0,0,0,1,0]}
K1_DECODE_AUDIT {"ith":1,"nth":4,"weight":"leaf_0","activation":"leaf_1","input":"0x2ac59028f0","begin_ns":808843468391726,"packing_input_bytes":0,"m":2,"n":16,"k":256,"buffer_size":0,"copy_bytes":0,"total_ns":7501.000,"section_ns":[0.000,0.000,0.000,5042.000,0.000],"section_calls":[0,0,0,1,0]}
K1_DECODE_AUDIT {"ith":3,"nth":4,"weight":"leaf_0","activation":"leaf_1","input":"0x2ac59028f0","begin_ns":808843468392601,"packing_input_bytes":0,"m":2,"n":16,"k":256,"buffer_size":0,"copy_bytes":0,"total_ns":6626.000,"section_ns":[0.000,0.000,0.000,4167.000,0.000],"section_calls":[0,0,0,1,0]}
K1_DECODE_AUDIT {"ith":0,"nth":4,"weight":"leaf_0","activation":"leaf_1","input":"0x2ac59028f0","begin_ns":808843468391893,"packing_input_bytes":2048,"m":2,"n":16,"k":256,"buffer_size":0,"copy_bytes":0,"total_ns":10084.000,"section_ns":[3001.000,0.000,2500.000,1250.000,0.000],"section_calls":[2,0,2,1,0]}
repack: repack tensor  with q4_0_16x32
K1_DECODE_AUDIT {"ith":3,"nth":4,"weight":"leaf_0","activation":"leaf_1","input":"0x2ac59028f0","begin_ns":808843469426754,"packing_input_bytes":0,"m":2,"n":32,"k":256,"buffer_size":0,"copy_bytes":0,"total_ns":7500.000,"section_ns":[0.000,0.000,0.000,4833.000,0.000],"section_calls":[0,0,0,1,0]}
K1_DECODE_AUDIT {"ith":2,"nth":4,"weight":"leaf_0","activation":"leaf_1","input":"0x2ac59028f0","begin_ns":808843469426837,"packing_input_bytes":0,"m":2,"n":32,"k":256,"buffer_size":0,"copy_bytes":0,"total_ns":7376.000,"section_ns":[0.000,0.000,0.000,4542.000,0.000],"section_calls":[0,0,0,1,0]}
K1_DECODE_AUDIT {"ith":1,"nth":4,"weight":"leaf_0","activation":"leaf_1","input":"0x2ac59028f0","begin_ns":808843469426796,"packing_input_bytes":0,"m":2,"n":32,"k":256,"buffer_size":0,"copy_bytes":0,"total_ns":10250.000,"section_ns":[0.000,0.000,2584.000,4666.000,0.000],"section_calls":[0,0,2,1,0]}
K1_DECODE_AUDIT {"ith":0,"nth":4,"weight":"leaf_0","activation":"leaf_1","input":"0x2ac59028f0","begin_ns":808843469426796,"packing_input_bytes":2048,"m":2,"n":32,"k":256,"buffer_size":0,"copy_bytes":0,"total_ns":9625.000,"section_ns":[2751.000,0.000,2375.000,1125.000,0.000],"section_calls":[2,0,2,1,0]}
repack: repack tensor  with q4_0_16x32
K1_DECODE_AUDIT {"ith":0,"nth":4,"weight":"leaf_0","activation":"leaf_1","input":"0x2ac59028f0","begin_ns":808843471031589,"packing_input_bytes":2048,"m":2,"n":128,"k":256,"buffer_size":0,"copy_bytes":0,"total_ns":13125.000,"section_ns":[2625.000,0.000,4292.000,2792.000,0.000],"section_calls":[2,0,4,1,0]}
K1_DECODE_AUDIT {"ith":3,"nth":4,"weight":"leaf_0","activation":"leaf_1","input":"0x2ac59028f0","begin_ns":808843471036672,"packing_input_bytes":0,"m":2,"n":128,"k":256,"buffer_size":0,"copy_bytes":0,"total_ns":9084.000,"section_ns":[0.000,0.000,5584.000,1125.000,0.000],"section_calls":[0,0,4,1,0]}
K1_DECODE_AUDIT {"ith":2,"nth":4,"weight":"leaf_0","activation":"leaf_1","input":"0x2ac59028f0","begin_ns":808843471031839,"packing_input_bytes":0,"m":2,"n":128,"k":256,"buffer_size":0,"copy_bytes":0,"total_ns":13834.000,"section_ns":[0.000,0.000,5294.000,5500.000,0.000],"section_calls":[0,0,4,1,0]}
K1_DECODE_AUDIT {"ith":1,"nth":4,"weight":"leaf_0","activation":"leaf_1","input":"0x2ac59028f0","begin_ns":808843471031547,"packing_input_bytes":0,"m":2,"n":128,"k":256,"buffer_size":0,"copy_bytes":0,"total_ns":14126.000,"section_ns":[0.000,0.000,5334.000,5541.000,0.000],"section_calls":[0,0,4,1,0]}
repack: repack tensor  with q4_0_16x32
K1_DECODE_AUDIT {"ith":1,"nth":4,"weight":"leaf_0","activation":"leaf_1","input":"0x2ac59028f0","begin_ns":808843472809428,"packing_input_bytes":0,"m":2,"n":16,"k":2048,"buffer_size":0,"copy_bytes":0,"total_ns":13626.000,"section_ns":[0.000,0.000,0.000,10334.000,0.000],"section_calls":[0,0,0,1,0]}
K1_DECODE_AUDIT {"ith":2,"nth":4,"weight":"leaf_0","activation":"leaf_1","input":"0x2ac59028f0","begin_ns":808843472809637,"packing_input_bytes":0,"m":2,"n":16,"k":2048,"buffer_size":0,"copy_bytes":0,"total_ns":13458.000,"section_ns":[0.000,0.000,0.000,10500.000,0.000],"section_calls":[0,0,0,1,0]}
K1_DECODE_AUDIT {"ith":3,"nth":4,"weight":"leaf_0","activation":"leaf_1","input":"0x2ac59028f0","begin_ns":808843472809470,"packing_input_bytes":0,"m":2,"n":16,"k":2048,"buffer_size":0,"copy_bytes":0,"total_ns":13625.000,"section_ns":[0.000,0.000,0.000,10084.000,0.000],"section_calls":[0,0,0,1,0]}
K1_DECODE_AUDIT {"ith":0,"nth":4,"weight":"leaf_0","activation":"leaf_1","input":"0x2ac59028f0","begin_ns":808843472809595,"packing_input_bytes":16384,"m":2,"n":16,"k":2048,"buffer_size":0,"copy_bytes":0,"total_ns":25042.000,"section_ns":[8209.000,0.000,11293.000,1708.000,0.000],"section_calls":[2,0,2,1,0]}
repack: repack tensor  with q4_0_16x32
K1_DECODE_AUDIT {"ith":2,"nth":4,"weight":"leaf_0","activation":"leaf_1","input":"0x2ac59028f0","begin_ns":808843475387248,"packing_input_bytes":0,"m":2,"n":32,"k":2048,"buffer_size":0,"copy_bytes":0,"total_ns":14125.000,"section_ns":[0.000,0.000,0.000,11376.000,0.000],"section_calls":[0,0,0,1,0]}
K1_DECODE_AUDIT {"ith":3,"nth":4,"weight":"leaf_0","activation":"leaf_1","input":"0x2ac59028f0","begin_ns":808843475389623,"packing_input_bytes":0,"m":2,"n":32,"k":2048,"buffer_size":0,"copy_bytes":0,"total_ns":11667.000,"section_ns":[0.000,0.000,0.000,9709.000,0.000],"section_calls":[0,0,0,1,0]}
K1_DECODE_AUDIT {"ith":0,"nth":4,"weight":"leaf_0","activation":"leaf_1","input":"0x2ac59028f0","begin_ns":808843475387331,"packing_input_bytes":16384,"m":2,"n":32,"k":2048,"buffer_size":0,"copy_bytes":0,"total_ns":26584.000,"section_ns":[8959.000,0.000,12083.000,1958.000,0.000],"section_calls":[2,0,2,1,0]}
K1_DECODE_AUDIT {"ith":1,"nth":4,"weight":"leaf_0","activation":"leaf_1","input":"0x2ac59028f0","begin_ns":808843475387289,"packing_input_bytes":0,"m":2,"n":32,"k":2048,"buffer_size":0,"copy_bytes":0,"total_ns":27668.000,"section_ns":[0.000,0.000,13293.000,11834.000,0.000],"section_calls":[0,0,2,1,0]}
repack: repack tensor  with q4_0_16x32
K1_DECODE_AUDIT {"ith":0,"nth":4,"weight":"leaf_0","activation":"leaf_1","input":"0x2ac59028f0","begin_ns":808843482715319,"packing_input_bytes":16384,"m":2,"n":128,"k":2048,"buffer_size":0,"copy_bytes":0,"total_ns":63252.000,"section_ns":[9251.000,0.000,28749.000,19959.000,0.000],"section_calls":[2,0,4,1,0]}
K1_DECODE_AUDIT {"ith":1,"nth":4,"weight":"leaf_0","activation":"leaf_1","input":"0x2ac59028f0","begin_ns":808843482734445,"packing_input_bytes":0,"m":2,"n":128,"k":2048,"buffer_size":0,"copy_bytes":0,"total_ns":45209.000,"section_ns":[0.000,0.000,29751.000,12334.000,0.000],"section_calls":[0,0,4,1,0]}
K1_DECODE_AUDIT {"ith":3,"nth":4,"weight":"leaf_0","activation":"leaf_1","input":"0x2ac59028f0","begin_ns":808843482715278,"packing_input_bytes":0,"m":2,"n":128,"k":2048,"buffer_size":0,"copy_bytes":0,"total_ns":64085.000,"section_ns":[0.000,0.000,29543.000,30001.000,0.000],"section_calls":[0,0,4,1,0]}
K1_DECODE_AUDIT {"ith":2,"nth":4,"weight":"leaf_0","activation":"leaf_1","input":"0x2ac59028f0","begin_ns":808843482746112,"packing_input_bytes":0,"m":2,"n":128,"k":2048,"buffer_size":0,"copy_bytes":0,"total_ns":34334.000,"section_ns":[0.000,0.000,30501.000,1334.000,0.000],"section_calls":[0,0,4,1,0]}
repack: repack tensor  with q4_0_16x32
K1_DECODE_AUDIT {"ith":3,"nth":4,"weight":"leaf_0","activation":"leaf_1","input":"0x2ac59028f0","begin_ns":808843483968353,"packing_input_bytes":0,"m":3,"n":16,"k":32,"buffer_size":0,"copy_bytes":0,"total_ns":6875.000,"section_ns":[0.000,0.000,0.000,4542.000,0.000],"section_calls":[0,0,0,1,0]}
K1_DECODE_AUDIT {"ith":2,"nth":4,"weight":"leaf_0","activation":"leaf_1","input":"0x2ac59028f0","begin_ns":808843483968186,"packing_input_bytes":0,"m":3,"n":16,"k":32,"buffer_size":0,"copy_bytes":0,"total_ns":6834.000,"section_ns":[0.000,0.000,0.000,4208.000,0.000],"section_calls":[0,0,0,1,0]}
K1_DECODE_AUDIT {"ith":1,"nth":4,"weight":"leaf_0","activation":"leaf_1","input":"0x2ac59028f0","begin_ns":808843483968270,"packing_input_bytes":0,"m":3,"n":16,"k":32,"buffer_size":0,"copy_bytes":0,"total_ns":6792.000,"section_ns":[0.000,0.000,0.000,4376.000,0.000],"section_calls":[0,0,0,1,0]}
K1_DECODE_AUDIT {"ith":0,"nth":4,"weight":"leaf_0","activation":"leaf_1","input":"0x2ac59028f0","begin_ns":808843483968311,"packing_input_bytes":384,"m":3,"n":16,"k":32,"buffer_size":0,"copy_bytes":0,"total_ns":9417.000,"section_ns":[2292.000,0.000,2333.000,1250.000,0.000],"section_calls":[3,0,3,1,0]}
repack: repack tensor  with q4_0_16x32
K1_DECODE_AUDIT {"ith":3,"nth":4,"weight":"leaf_0","activation":"leaf_1","input":"0x2ac59028f0","begin_ns":808843484889044,"packing_input_bytes":0,"m":3,"n":32,"k":32,"buffer_size":0,"copy_bytes":0,"total_ns":6917.000,"section_ns":[0.000,0.000,0.000,4125.000,0.000],"section_calls":[0,0,0,1,0]}
K1_DECODE_AUDIT {"ith":2,"nth":4,"weight":"leaf_0","activation":"leaf_1","input":"0x2ac59028f0","begin_ns":808843484888961,"packing_input_bytes":0,"m":3,"n":32,"k":32,"buffer_size":0,"copy_bytes":0,"total_ns":7042.000,"section_ns":[0.000,0.000,0.000,4291.000,0.000],"section_calls":[0,0,0,1,0]}
K1_DECODE_AUDIT {"ith":1,"nth":4,"weight":"leaf_0","activation":"leaf_1","input":"0x2ac59028f0","begin_ns":808843484888919,"packing_input_bytes":0,"m":3,"n":32,"k":32,"buffer_size":0,"copy_bytes":0,"total_ns":9209.000,"section_ns":[0.000,0.000,2042.000,3792.000,0.000],"section_calls":[0,0,3,1,0]}
K1_DECODE_AUDIT {"ith":0,"nth":4,"weight":"leaf_0","activation":"leaf_1","input":"0x2ac59028f0","begin_ns":808843484888919,"packing_input_bytes":384,"m":3,"n":32,"k":32,"buffer_size":0,"copy_bytes":0,"total_ns":9001.000,"section_ns":[2334.000,0.000,1749.000,1167.000,0.000],"section_calls":[3,0,3,1,0]}
repack: repack tensor  with q4_0_16x32
K1_DECODE_AUDIT {"ith":0,"nth":4,"weight":"leaf_0","activation":"leaf_1","input":"0x2ac59028f0","begin_ns":808843485801152,"packing_input_bytes":384,"m":3,"n":128,"k":32,"buffer_size":0,"copy_bytes":0,"total_ns":9876.000,"section_ns":[1750.000,0.000,2957.000,1167.000,0.000],"section_calls":[3,0,6,1,0]}
K1_DECODE_AUDIT {"ith":1,"nth":4,"weight":"leaf_0","activation":"leaf_1","input":"0x2ac59028f0","begin_ns":808843485801152,"packing_input_bytes":0,"m":3,"n":128,"k":32,"buffer_size":0,"copy_bytes":0,"total_ns":10251.000,"section_ns":[0.000,0.000,3333.000,3417.000,0.000],"section_calls":[0,0,6,1,0]}
K1_DECODE_AUDIT {"ith":2,"nth":4,"weight":"leaf_0","activation":"leaf_1","input":"0x2ac59028f0","begin_ns":808843485801194,"packing_input_bytes":0,"m":3,"n":128,"k":32,"buffer_size":0,"copy_bytes":0,"total_ns":10042.000,"section_ns":[0.000,0.000,3084.000,3417.000,0.000],"section_calls":[0,0,6,1,0]}
K1_DECODE_AUDIT {"ith":3,"nth":4,"weight":"leaf_0","activation":"leaf_1","input":"0x2ac59028f0","begin_ns":808843485801402,"packing_input_bytes":0,"m":3,"n":128,"k":32,"buffer_size":0,"copy_bytes":0,"total_ns":10084.000,"section_ns":[0.000,0.000,3333.000,3250.000,0.000],"section_calls":[0,0,6,1,0]}
repack: repack tensor  with q4_0_16x32
K1_DECODE_AUDIT {"ith":2,"nth":4,"weight":"leaf_0","activation":"leaf_1","input":"0x2ac59028f0","begin_ns":808843486615632,"packing_input_bytes":0,"m":3,"n":16,"k":64,"buffer_size":0,"copy_bytes":0,"total_ns":6751.000,"section_ns":[0.000,0.000,0.000,4458.000,0.000],"section_calls":[0,0,0,1,0]}
K1_DECODE_AUDIT {"ith":3,"nth":4,"weight":"leaf_0","activation":"leaf_1","input":"0x2ac59028f0","begin_ns":808843486616466,"packing_input_bytes":0,"m":3,"n":16,"k":64,"buffer_size":0,"copy_bytes":0,"total_ns":5917.000,"section_ns":[0.000,0.000,0.000,3875.000,0.000],"section_calls":[0,0,0,1,0]}
K1_DECODE_AUDIT {"ith":1,"nth":4,"weight":"leaf_0","activation":"leaf_1","input":"0x2ac59028f0","begin_ns":808843486615549,"packing_input_bytes":0,"m":3,"n":16,"k":64,"buffer_size":0,"copy_bytes":0,"total_ns":6875.000,"section_ns":[0.000,0.000,0.000,4250.000,0.000],"section_calls":[0,0,0,1,0]}
K1_DECODE_AUDIT {"ith":0,"nth":4,"weight":"leaf_0","activation":"leaf_1","input":"0x2ac59028f0","begin_ns":808843486615549,"packing_input_bytes":768,"m":3,"n":16,"k":64,"buffer_size":0,"copy_bytes":0,"total_ns":9667.000,"section_ns":[2626.000,0.000,2541.000,1125.000,0.000],"section_calls":[3,0,3,1,0]}
repack: repack tensor  with q4_0_16x32
K1_DECODE_AUDIT {"ith":2,"nth":4,"weight":"leaf_0","activation":"leaf_1","input":"0x2ac59028f0","begin_ns":808843487421737,"packing_input_bytes":0,"m":3,"n":32,"k":64,"buffer_size":0,"copy_bytes":0,"total_ns":6751.000,"section_ns":[0.000,0.000,0.000,4708.000,0.000],"section_calls":[0,0,0,1,0]}
K1_DECODE_AUDIT {"ith":3,"nth":4,"weight":"leaf_0","activation":"leaf_1","input":"0x2ac59028f0","begin_ns":808843487421696,"packing_input_bytes":0,"m":3,"n":32,"k":64,"buffer_size":0,"copy_bytes":0,"total_ns":6833.000,"section_ns":[0.000,0.000,0.000,4375.000,0.000],"section_calls":[0,0,0,1,0]}
K1_DECODE_AUDIT {"ith":0,"nth":4,"weight":"leaf_0","activation":"leaf_1","input":"0x2ac59028f0","begin_ns":808843487421654,"packing_input_bytes":768,"m":3,"n":32,"k":64,"buffer_size":0,"copy_bytes":0,"total_ns":8959.000,"section_ns":[2541.000,0.000,1791.000,1167.000,0.000],"section_calls":[3,0,3,1,0]}
K1_DECODE_AUDIT {"ith":1,"nth":4,"weight":"leaf_0","activation":"leaf_1","input":"0x2ac59028f0","begin_ns":808843487421612,"packing_input_bytes":0,"m":3,"n":32,"k":64,"buffer_size":0,"copy_bytes":0,"total_ns":9542.000,"section_ns":[0.000,0.000,2208.000,4500.000,0.000],"section_calls":[0,0,3,1,0]}
repack: repack tensor  with q4_0_16x32
K1_DECODE_AUDIT {"ith":0,"nth":4,"weight":"leaf_0","activation":"leaf_1","input":"0x2ac59028f0","begin_ns":808843488420056,"packing_input_bytes":768,"m":3,"n":128,"k":64,"buffer_size":0,"copy_bytes":0,"total_ns":10167.000,"section_ns":[2209.000,0.000,3084.000,1292.000,0.000],"section_calls":[3,0,6,1,0]}
K1_DECODE_AUDIT {"ith":3,"nth":4,"weight":"leaf_0","activation":"leaf_1","input":"0x2ac59028f0","begin_ns":808843488419973,"packing_input_bytes":0,"m":3,"n":128,"k":64,"buffer_size":0,"copy_bytes":0,"total_ns":10875.000,"section_ns":[0.000,0.000,3624.000,3709.000,0.000],"section_calls":[0,0,6,1,0]}
K1_DECODE_AUDIT {"ith":1,"nth":4,"weight":"leaf_0","activation":"leaf_1","input":"0x2ac59028f0","begin_ns":808843488420014,"packing_input_bytes":0,"m":3,"n":128,"k":64,"buffer_size":0,"copy_bytes":0,"total_ns":10667.000,"section_ns":[0.000,0.000,3501.000,3750.000,0.000],"section_calls":[0,0,6,1,0]}
K1_DECODE_AUDIT {"ith":2,"nth":4,"weight":"leaf_0","activation":"leaf_1","input":"0x2ac59028f0","begin_ns":808843488420056,"packing_input_bytes":0,"m":3,"n":128,"k":64,"buffer_size":0,"copy_bytes":0,"total_ns":10625.000,"section_ns":[0.000,0.000,3208.000,3834.000,0.000],"section_calls":[0,0,6,1,0]}
repack: repack tensor  with q4_0_16x32
K1_DECODE_AUDIT {"ith":3,"nth":4,"weight":"leaf_0","activation":"leaf_1","input":"0x2ac59028f0","begin_ns":808843489451459,"packing_input_bytes":0,"m":3,"n":16,"k":256,"buffer_size":0,"copy_bytes":0,"total_ns":5458.000,"section_ns":[0.000,0.000,0.000,3583.000,0.000],"section_calls":[0,0,0,1,0]}
K1_DECODE_AUDIT {"ith":2,"nth":4,"weight":"leaf_0","activation":"leaf_1","input":"0x2ac59028f0","begin_ns":808843489448667,"packing_input_bytes":0,"m":3,"n":16,"k":256,"buffer_size":0,"copy_bytes":0,"total_ns":8250.000,"section_ns":[0.000,0.000,0.000,6084.000,0.000],"section_calls":[0,0,0,1,0]}
K1_DECODE_AUDIT {"ith":1,"nth":4,"weight":"leaf_0","activation":"leaf_1","input":"0x2ac59028f0","begin_ns":808843489448584,"packing_input_bytes":0,"m":3,"n":16,"k":256,"buffer_size":0,"copy_bytes":0,"total_ns":8375.000,"section_ns":[0.000,0.000,0.000,5583.000,0.000],"section_calls":[0,0,0,1,0]}
K1_DECODE_AUDIT {"ith":0,"nth":4,"weight":"leaf_0","activation":"leaf_1","input":"0x2ac59028f0","begin_ns":808843489448625,"packing_input_bytes":3072,"m":3,"n":16,"k":256,"buffer_size":0,"copy_bytes":0,"total_ns":12084.000,"section_ns":[3333.000,0.000,3458.000,1625.000,0.000],"section_calls":[3,0,3,1,0]}
repack: repack tensor  with q4_0_16x32
K1_DECODE_AUDIT {"ith":3,"nth":4,"weight":"leaf_0","activation":"leaf_1","input":"0x2ac59028f0","begin_ns":808843490420943,"packing_input_bytes":0,"m":3,"n":32,"k":256,"buffer_size":0,"copy_bytes":0,"total_ns":8542.000,"section_ns":[0.000,0.000,0.000,6083.000,0.000],"section_calls":[0,0,0,1,0]}
K1_DECODE_AUDIT {"ith":2,"nth":4,"weight":"leaf_0","activation":"leaf_1","input":"0x2ac59028f0","begin_ns":808843490420985,"packing_input_bytes":0,"m":3,"n":32,"k":256,"buffer_size":0,"copy_bytes":0,"total_ns":8542.000,"section_ns":[0.000,0.000,0.000,6083.000,0.000],"section_calls":[0,0,0,1,0]}
K1_DECODE_AUDIT {"ith":0,"nth":4,"weight":"leaf_0","activation":"leaf_1","input":"0x2ac59028f0","begin_ns":808843490421068,"packing_input_bytes":3072,"m":3,"n":32,"k":256,"buffer_size":0,"copy_bytes":0,"total_ns":12042.000,"section_ns":[3750.000,0.000,3583.000,1583.000,0.000],"section_calls":[3,0,3,1,0]}
K1_DECODE_AUDIT {"ith":1,"nth":4,"weight":"leaf_0","activation":"leaf_1","input":"0x2ac59028f0","begin_ns":808843490420985,"packing_input_bytes":0,"m":3,"n":32,"k":256,"buffer_size":0,"copy_bytes":0,"total_ns":12458.000,"section_ns":[0.000,0.000,3626.000,6125.000,0.000],"section_calls":[0,0,3,1,0]}
repack: repack tensor  with q4_0_16x32
K1_DECODE_AUDIT {"ith":1,"nth":4,"weight":"leaf_0","activation":"leaf_1","input":"0x2ac59028f0","begin_ns":808843491994194,"packing_input_bytes":0,"m":3,"n":128,"k":256,"buffer_size":0,"copy_bytes":0,"total_ns":36959.000,"section_ns":[0.000,0.000,7291.000,26543.000,0.000],"section_calls":[0,0,6,1,0]}
K1_DECODE_AUDIT {"ith":2,"nth":4,"weight":"leaf_0","activation":"leaf_1","input":"0x2ac59028f0","begin_ns":808843491994152,"packing_input_bytes":0,"m":3,"n":128,"k":256,"buffer_size":0,"copy_bytes":0,"total_ns":37293.000,"section_ns":[0.000,0.000,7335.000,26626.000,0.000],"section_calls":[0,0,6,1,0]}
K1_DECODE_AUDIT {"ith":3,"nth":4,"weight":"leaf_0","activation":"leaf_1","input":"0x2ac59028f0","begin_ns":808843491995902,"packing_input_bytes":0,"m":3,"n":128,"k":256,"buffer_size":0,"copy_bytes":0,"total_ns":35334.000,"section_ns":[0.000,0.000,7166.000,25501.000,0.000],"section_calls":[0,0,6,1,0]}
K1_DECODE_AUDIT {"ith":0,"nth":4,"weight":"leaf_0","activation":"leaf_1","input":"0x2ac59028f0","begin_ns":808843491994110,"packing_input_bytes":3072,"m":3,"n":128,"k":256,"buffer_size":0,"copy_bytes":0,"total_ns":36543.000,"section_ns":[3250.000,0.000,6500.000,23584.000,0.000],"section_calls":[3,0,6,1,0]}
repack: repack tensor  with q4_0_16x32
K1_DECODE_AUDIT {"ith":1,"nth":4,"weight":"leaf_0","activation":"leaf_1","input":"0x2ac59028f0","begin_ns":808843493811367,"packing_input_bytes":0,"m":3,"n":16,"k":2048,"buffer_size":0,"copy_bytes":0,"total_ns":17584.000,"section_ns":[0.000,0.000,0.000,14542.000,0.000],"section_calls":[0,0,0,1,0]}
K1_DECODE_AUDIT {"ith":3,"nth":4,"weight":"leaf_0","activation":"leaf_1","input":"0x2ac59028f0","begin_ns":808843493812284,"packing_input_bytes":0,"m":3,"n":16,"k":2048,"buffer_size":0,"copy_bytes":0,"total_ns":16376.000,"section_ns":[0.000,0.000,0.000,13917.000,0.000],"section_calls":[0,0,0,1,0]}
K1_DECODE_AUDIT {"ith":2,"nth":4,"weight":"leaf_0","activation":"leaf_1","input":"0x2ac59028f0","begin_ns":808843493811409,"packing_input_bytes":0,"m":3,"n":16,"k":2048,"buffer_size":0,"copy_bytes":0,"total_ns":17542.000,"section_ns":[0.000,0.000,0.000,14417.000,0.000],"section_calls":[0,0,0,1,0]}
K1_DECODE_AUDIT {"ith":0,"nth":4,"weight":"leaf_0","activation":"leaf_1","input":"0x2ac59028f0","begin_ns":808843493811367,"packing_input_bytes":24576,"m":3,"n":16,"k":2048,"buffer_size":0,"copy_bytes":0,"total_ns":35210.000,"section_ns":[11791.000,0.000,17501.000,1708.000,0.000],"section_calls":[3,0,3,1,0]}
repack: repack tensor  with q4_0_16x32
K1_DECODE_AUDIT {"ith":3,"nth":4,"weight":"leaf_0","activation":"leaf_1","input":"0x2ac59028f0","begin_ns":808843496401770,"packing_input_bytes":0,"m":3,"n":32,"k":2048,"buffer_size":0,"copy_bytes":0,"total_ns":16501.000,"section_ns":[0.000,0.000,0.000,13626.000,0.000],"section_calls":[0,0,0,1,0]}
K1_DECODE_AUDIT {"ith":2,"nth":4,"weight":"leaf_0","activation":"leaf_1","input":"0x2ac59028f0","begin_ns":808843496401854,"packing_input_bytes":0,"m":3,"n":32,"k":2048,"buffer_size":0,"copy_bytes":0,"total_ns":16875.000,"section_ns":[0.000,0.000,0.000,14209.000,0.000],"section_calls":[0,0,0,1,0]}
K1_DECODE_AUDIT {"ith":0,"nth":4,"weight":"leaf_0","activation":"leaf_1","input":"0x2ac59028f0","begin_ns":808843496401812,"packing_input_bytes":24576,"m":3,"n":32,"k":2048,"buffer_size":0,"copy_bytes":0,"total_ns":34751.000,"section_ns":[11333.000,0.000,17876.000,2125.000,0.000],"section_calls":[3,0,3,1,0]}
K1_DECODE_AUDIT {"ith":1,"nth":4,"weight":"leaf_0","activation":"leaf_1","input":"0x2ac59028f0","begin_ns":808843496401729,"packing_input_bytes":0,"m":3,"n":32,"k":2048,"buffer_size":0,"copy_bytes":0,"total_ns":36126.000,"section_ns":[0.000,0.000,19085.000,13959.000,0.000],"section_calls":[0,0,3,1,0]}
repack: repack tensor  with q4_0_16x32
K1_DECODE_AUDIT {"ith":0,"nth":4,"weight":"leaf_0","activation":"leaf_1","input":"0x2ac59028f0","begin_ns":808843503784510,"packing_input_bytes":24576,"m":3,"n":128,"k":2048,"buffer_size":0,"copy_bytes":0,"total_ns":80919.000,"section_ns":[15666.000,0.000,40958.000,19918.000,0.000],"section_calls":[3,0,6,1,0]}
K1_DECODE_AUDIT {"ith":3,"nth":4,"weight":"leaf_0","activation":"leaf_1","input":"0x2ac59028f0","begin_ns":808843503785885,"packing_input_bytes":0,"m":3,"n":128,"k":2048,"buffer_size":0,"copy_bytes":0,"total_ns":79211.000,"section_ns":[0.000,0.000,40209.000,36251.000,0.000],"section_calls":[0,0,6,1,0]}
K1_DECODE_AUDIT {"ith":2,"nth":4,"weight":"leaf_0","activation":"leaf_1","input":"0x2ac59028f0","begin_ns":808843503784469,"packing_input_bytes":0,"m":3,"n":128,"k":2048,"buffer_size":0,"copy_bytes":0,"total_ns":82960.000,"section_ns":[0.000,0.000,42583.000,36292.000,0.000],"section_calls":[0,0,6,1,0]}
K1_DECODE_AUDIT {"ith":1,"nth":4,"weight":"leaf_0","activation":"leaf_1","input":"0x2ac59028f0","begin_ns":808843503820136,"packing_input_bytes":0,"m":3,"n":128,"k":2048,"buffer_size":0,"copy_bytes":0,"total_ns":45960.000,"section_ns":[0.000,0.000,41876.000,1125.000,0.000],"section_calls":[0,0,6,1,0]}
repack: repack tensor  with q4_0_16x32
K1_DECODE_AUDIT {"ith":1,"nth":4,"weight":"leaf_0","activation":"leaf_1","input":"0x2ac59028f0","begin_ns":808843505198965,"packing_input_bytes":0,"m":4,"n":16,"k":32,"buffer_size":0,"copy_bytes":0,"total_ns":7542.000,"section_ns":[0.000,0.000,0.000,5167.000,0.000],"section_calls":[0,0,0,1,0]}
K1_DECODE_AUDIT {"ith":2,"nth":4,"weight":"leaf_0","activation":"leaf_1","input":"0x2ac59028f0","begin_ns":808843505199548,"packing_input_bytes":0,"m":4,"n":16,"k":32,"buffer_size":0,"copy_bytes":0,"total_ns":7000.000,"section_ns":[0.000,0.000,0.000,4792.000,0.000],"section_calls":[0,0,0,1,0]}
K1_DECODE_AUDIT {"ith":3,"nth":4,"weight":"leaf_0","activation":"leaf_1","input":"0x2ac59028f0","begin_ns":808843505202007,"packing_input_bytes":0,"m":4,"n":16,"k":32,"buffer_size":0,"copy_bytes":0,"total_ns":4583.000,"section_ns":[0.000,0.000,0.000,2791.000,0.000],"section_calls":[0,0,0,1,0]}
K1_DECODE_AUDIT {"ith":0,"nth":4,"weight":"leaf_0","activation":"leaf_1","input":"0x2ac59028f0","begin_ns":808843505199007,"packing_input_bytes":512,"m":4,"n":16,"k":32,"buffer_size":0,"copy_bytes":0,"total_ns":9958.000,"section_ns":[3125.000,0.000,2500.000,1084.000,0.000],"section_calls":[1,0,1,1,0]}
repack: repack tensor  with q4_0_16x32
K1_DECODE_AUDIT {"ith":2,"nth":4,"weight":"leaf_0","activation":"leaf_1","input":"0x2ac59028f0","begin_ns":808843506043821,"packing_input_bytes":0,"m":4,"n":32,"k":32,"buffer_size":0,"copy_bytes":0,"total_ns":7000.000,"section_ns":[0.000,0.000,0.000,4334.000,0.000],"section_calls":[0,0,0,1,0]}
K1_DECODE_AUDIT {"ith":3,"nth":4,"weight":"leaf_0","activation":"leaf_1","input":"0x2ac59028f0","begin_ns":808843506043904,"packing_input_bytes":0,"m":4,"n":32,"k":32,"buffer_size":0,"copy_bytes":0,"total_ns":6959.000,"section_ns":[0.000,0.000,0.000,4250.000,0.000],"section_calls":[0,0,0,1,0]}
K1_DECODE_AUDIT {"ith":0,"nth":4,"weight":"leaf_0","activation":"leaf_1","input":"0x2ac59028f0","begin_ns":808843506043863,"packing_input_bytes":512,"m":4,"n":32,"k":32,"buffer_size":0,"copy_bytes":0,"total_ns":8375.000,"section_ns":[2583.000,0.000,1291.000,1292.000,0.000],"section_calls":[1,0,1,1,0]}
K1_DECODE_AUDIT {"ith":1,"nth":4,"weight":"leaf_0","activation":"leaf_1","input":"0x2ac59028f0","begin_ns":808843506043904,"packing_input_bytes":0,"m":4,"n":32,"k":32,"buffer_size":0,"copy_bytes":0,"total_ns":8334.000,"section_ns":[0.000,0.000,1292.000,4208.000,0.000],"section_calls":[0,0,1,1,0]}
repack: repack tensor  with q4_0_16x32
K1_DECODE_AUDIT {"ith":0,"nth":4,"weight":"leaf_0","activation":"leaf_1","input":"0x2ac59028f0","begin_ns":808843506923511,"packing_input_bytes":512,"m":4,"n":128,"k":32,"buffer_size":0,"copy_bytes":0,"total_ns":7792.000,"section_ns":[2125.000,0.000,1500.000,1000.000,0.000],"section_calls":[1,0,2,1,0]}
K1_DECODE_AUDIT {"ith":3,"nth":4,"weight":"leaf_0","activation":"leaf_1","input":"0x2ac59028f0","begin_ns":808843506923595,"packing_input_bytes":0,"m":4,"n":128,"k":32,"buffer_size":0,"copy_bytes":0,"total_ns":8208.000,"section_ns":[0.000,0.000,1834.000,3584.000,0.000],"section_calls":[0,0,2,1,0]}
K1_DECODE_AUDIT {"ith":1,"nth":4,"weight":"leaf_0","activation":"leaf_1","input":"0x2ac59028f0","begin_ns":808843506923595,"packing_input_bytes":0,"m":4,"n":128,"k":32,"buffer_size":0,"copy_bytes":0,"total_ns":8250.000,"section_ns":[0.000,0.000,1917.000,3625.000,0.000],"section_calls":[0,0,2,1,0]}
K1_DECODE_AUDIT {"ith":2,"nth":4,"weight":"leaf_0","activation":"leaf_1","input":"0x2ac59028f0","begin_ns":808843506923553,"packing_input_bytes":0,"m":4,"n":128,"k":32,"buffer_size":0,"copy_bytes":0,"total_ns":8333.000,"section_ns":[0.000,0.000,1958.000,3500.000,0.000],"section_calls":[0,0,2,1,0]}
repack: repack tensor  with q4_0_16x32
K1_DECODE_AUDIT {"ith":1,"nth":4,"weight":"leaf_0","activation":"leaf_1","input":"0x2ac59028f0","begin_ns":808843507735116,"packing_input_bytes":0,"m":4,"n":16,"k":64,"buffer_size":0,"copy_bytes":0,"total_ns":6751.000,"section_ns":[0.000,0.000,0.000,4167.000,0.000],"section_calls":[0,0,0,1,0]}
K1_DECODE_AUDIT {"ith":2,"nth":4,"weight":"leaf_0","activation":"leaf_1","input":"0x2ac59028f0","begin_ns":808843507735116,"packing_input_bytes":0,"m":4,"n":16,"k":64,"buffer_size":0,"copy_bytes":0,"total_ns":6751.000,"section_ns":[0.000,0.000,0.000,4250.000,0.000],"section_calls":[0,0,0,1,0]}
K1_DECODE_AUDIT {"ith":3,"nth":4,"weight":"leaf_0","activation":"leaf_1","input":"0x2ac59028f0","begin_ns":808843507735450,"packing_input_bytes":0,"m":4,"n":16,"k":64,"buffer_size":0,"copy_bytes":0,"total_ns":6542.000,"section_ns":[0.000,0.000,0.000,4209.000,0.000],"section_calls":[0,0,0,1,0]}
K1_DECODE_AUDIT {"ith":0,"nth":4,"weight":"leaf_0","activation":"leaf_1","input":"0x2ac59028f0","begin_ns":808843507735408,"packing_input_bytes":1024,"m":4,"n":16,"k":64,"buffer_size":0,"copy_bytes":0,"total_ns":8292.000,"section_ns":[2708.000,0.000,1667.000,1208.000,0.000],"section_calls":[1,0,1,1,0]}
repack: repack tensor  with q4_0_16x32
K1_DECODE_AUDIT {"ith":3,"nth":4,"weight":"leaf_0","activation":"leaf_1","input":"0x2ac59028f0","begin_ns":808843508664308,"packing_input_bytes":0,"m":4,"n":32,"k":64,"buffer_size":0,"copy_bytes":0,"total_ns":3292.000,"section_ns":[0.000,0.000,0.000,1208.000,0.000],"section_calls":[0,0,0,1,0]}
K1_DECODE_AUDIT {"ith":2,"nth":4,"weight":"leaf_0","activation":"leaf_1","input":"0x2ac59028f0","begin_ns":808843508658558,"packing_input_bytes":0,"m":4,"n":32,"k":64,"buffer_size":0,"copy_bytes":0,"total_ns":9375.000,"section_ns":[0.000,0.000,0.000,6167.000,0.000],"section_calls":[0,0,0,1,0]}
K1_DECODE_AUDIT {"ith":1,"nth":4,"weight":"leaf_0","activation":"leaf_1","input":"0x2ac59028f0","begin_ns":808843508658516,"packing_input_bytes":0,"m":4,"n":32,"k":64,"buffer_size":0,"copy_bytes":0,"total_ns":11625.000,"section_ns":[0.000,0.000,2333.000,6083.000,0.000],"section_calls":[0,0,1,1,0]}
K1_DECODE_AUDIT {"ith":0,"nth":4,"weight":"leaf_0","activation":"leaf_1","input":"0x2ac59028f0","begin_ns":808843508658474,"packing_input_bytes":1024,"m":4,"n":32,"k":64,"buffer_size":0,"copy_bytes":0,"total_ns":11626.000,"section_ns":[3458.000,0.000,2292.000,2166.000,0.000],"section_calls":[1,0,1,1,0]}
repack: repack tensor  with q4_0_16x32
K1_DECODE_AUDIT {"ith":3,"nth":4,"weight":"leaf_0","activation":"leaf_1","input":"0x2ac59028f0","begin_ns":808843509640876,"packing_input_bytes":0,"m":4,"n":128,"k":64,"buffer_size":0,"copy_bytes":0,"total_ns":7458.000,"section_ns":[0.000,0.000,2500.000,2750.000,0.000],"section_calls":[0,0,2,1,0]}
K1_DECODE_AUDIT {"ith":1,"nth":4,"weight":"leaf_0","activation":"leaf_1","input":"0x2ac59028f0","begin_ns":808843509638126,"packing_input_bytes":0,"m":4,"n":128,"k":64,"buffer_size":0,"copy_bytes":0,"total_ns":10708.000,"section_ns":[0.000,0.000,3083.000,4875.000,0.000],"section_calls":[0,0,2,1,0]}
K1_DECODE_AUDIT {"ith":2,"nth":4,"weight":"leaf_0","activation":"leaf_1","input":"0x2ac59028f0","begin_ns":808843509638084,"packing_input_bytes":0,"m":4,"n":128,"k":64,"buffer_size":0,"copy_bytes":0,"total_ns":10375.000,"section_ns":[0.000,0.000,2625.000,4875.000,0.000],"section_calls":[0,0,2,1,0]}
K1_DECODE_AUDIT {"ith":0,"nth":4,"weight":"leaf_0","activation":"leaf_1","input":"0x2ac59028f0","begin_ns":808843509638084,"packing_input_bytes":1024,"m":4,"n":128,"k":64,"buffer_size":0,"copy_bytes":0,"total_ns":10584.000,"section_ns":[2792.000,0.000,3125.000,1250.000,0.000],"section_calls":[1,0,2,1,0]}
repack: repack tensor  with q4_0_16x32
K1_DECODE_AUDIT {"ith":3,"nth":4,"weight":"leaf_0","activation":"leaf_1","input":"0x2ac59028f0","begin_ns":808843510637069,"packing_input_bytes":0,"m":4,"n":16,"k":256,"buffer_size":0,"copy_bytes":0,"total_ns":5417.000,"section_ns":[0.000,0.000,0.000,3333.000,0.000],"section_calls":[0,0,0,1,0]}
K1_DECODE_AUDIT {"ith":1,"nth":4,"weight":"leaf_0","activation":"leaf_1","input":"0x2ac59028f0","begin_ns":808843510633069,"packing_input_bytes":0,"m":4,"n":16,"k":256,"buffer_size":0,"copy_bytes":0,"total_ns":9417.000,"section_ns":[0.000,0.000,0.000,7083.000,0.000],"section_calls":[0,0,0,1,0]}
K1_DECODE_AUDIT {"ith":2,"nth":4,"weight":"leaf_0","activation":"leaf_1","input":"0x2ac59028f0","begin_ns":808843510633028,"packing_input_bytes":0,"m":4,"n":16,"k":256,"buffer_size":0,"copy_bytes":0,"total_ns":9458.000,"section_ns":[0.000,0.000,0.000,6833.000,0.000],"section_calls":[0,0,0,1,0]}
K1_DECODE_AUDIT {"ith":0,"nth":4,"weight":"leaf_0","activation":"leaf_1","input":"0x2ac59028f0","begin_ns":808843510633028,"packing_input_bytes":4096,"m":4,"n":16,"k":256,"buffer_size":0,"copy_bytes":0,"total_ns":12167.000,"section_ns":[5375.000,0.000,2708.000,1292.000,0.000],"section_calls":[1,0,1,1,0]}
repack: repack tensor  with q4_0_16x32
K1_DECODE_AUDIT {"ith":2,"nth":4,"weight":"leaf_0","activation":"leaf_1","input":"0x2ac59028f0","begin_ns":808843511637471,"packing_input_bytes":0,"m":4,"n":32,"k":256,"buffer_size":0,"copy_bytes":0,"total_ns":9959.000,"section_ns":[0.000,0.000,0.000,7083.000,0.000],"section_calls":[0,0,0,1,0]}
K1_DECODE_AUDIT {"ith":3,"nth":4,"weight":"leaf_0","activation":"leaf_1","input":"0x2ac59028f0","begin_ns":808843511643263,"packing_input_bytes":0,"m":4,"n":32,"k":256,"buffer_size":0,"copy_bytes":0,"total_ns":4167.000,"section_ns":[0.000,0.000,0.000,2208.000,0.000],"section_calls":[0,0,0,1,0]}
K1_DECODE_AUDIT {"ith":0,"nth":4,"weight":"leaf_0","activation":"leaf_1","input":"0x2ac59028f0","begin_ns":808843511637429,"packing_input_bytes":4096,"m":4,"n":32,"k":256,"buffer_size":0,"copy_bytes":0,"total_ns":12334.000,"section_ns":[5708.000,0.000,2584.000,1083.000,0.000],"section_calls":[1,0,1,1,0]}
K1_DECODE_AUDIT {"ith":1,"nth":4,"weight":"leaf_0","activation":"leaf_1","input":"0x2ac59028f0","begin_ns":808843511637471,"packing_input_bytes":0,"m":4,"n":32,"k":256,"buffer_size":0,"copy_bytes":0,"total_ns":12917.000,"section_ns":[0.000,0.000,2584.000,7458.000,0.000],"section_calls":[0,0,1,1,0]}
repack: repack tensor  with q4_0_16x32
K1_DECODE_AUDIT {"ith":0,"nth":4,"weight":"leaf_0","activation":"leaf_1","input":"0x2ac59028f0","begin_ns":808843513362684,"packing_input_bytes":4096,"m":4,"n":128,"k":256,"buffer_size":0,"copy_bytes":0,"total_ns":14417.000,"section_ns":[5791.000,0.000,4167.000,1375.000,0.000],"section_calls":[1,0,2,1,0]}
K1_DECODE_AUDIT {"ith":3,"nth":4,"weight":"leaf_0","activation":"leaf_1","input":"0x2ac59028f0","begin_ns":808843513366351,"packing_input_bytes":0,"m":4,"n":128,"k":256,"buffer_size":0,"copy_bytes":0,"total_ns":11917.000,"section_ns":[0.000,0.000,5000.000,4667.000,0.000],"section_calls":[0,0,2,1,0]}
K1_DECODE_AUDIT {"ith":2,"nth":4,"weight":"leaf_0","activation":"leaf_1","input":"0x2ac59028f0","begin_ns":808843513362684,"packing_input_bytes":0,"m":4,"n":128,"k":256,"buffer_size":0,"copy_bytes":0,"total_ns":15167.000,"section_ns":[0.000,0.000,4501.000,7416.000,0.000],"section_calls":[0,0,2,1,0]}
K1_DECODE_AUDIT {"ith":1,"nth":4,"weight":"leaf_0","activation":"leaf_1","input":"0x2ac59028f0","begin_ns":808843513362642,"packing_input_bytes":0,"m":4,"n":128,"k":256,"buffer_size":0,"copy_bytes":0,"total_ns":15126.000,"section_ns":[0.000,0.000,4584.000,7625.000,0.000],"section_calls":[0,0,2,1,0]}
repack: repack tensor  with q4_0_16x32
K1_DECODE_AUDIT {"ith":2,"nth":4,"weight":"leaf_0","activation":"leaf_1","input":"0x2ac59028f0","begin_ns":808843515178858,"packing_input_bytes":0,"m":4,"n":16,"k":2048,"buffer_size":0,"copy_bytes":0,"total_ns":36918.000,"section_ns":[0.000,0.000,0.000,34709.000,0.000],"section_calls":[0,0,0,1,0]}
K1_DECODE_AUDIT {"ith":3,"nth":4,"weight":"leaf_0","activation":"leaf_1","input":"0x2ac59028f0","begin_ns":808843515178400,"packing_input_bytes":0,"m":4,"n":16,"k":2048,"buffer_size":0,"copy_bytes":0,"total_ns":38042.000,"section_ns":[0.000,0.000,0.000,34834.000,0.000],"section_calls":[0,0,0,1,0]}
K1_DECODE_AUDIT {"ith":1,"nth":4,"weight":"leaf_0","activation":"leaf_1","input":"0x2ac59028f0","begin_ns":808843515178441,"packing_input_bytes":0,"m":4,"n":16,"k":2048,"buffer_size":0,"copy_bytes":0,"total_ns":37626.000,"section_ns":[0.000,0.000,0.000,34834.000,0.000],"section_calls":[0,0,0,1,0]}
K1_DECODE_AUDIT {"ith":0,"nth":4,"weight":"leaf_0","activation":"leaf_1","input":"0x2ac59028f0","begin_ns":808843515178775,"packing_input_bytes":32768,"m":4,"n":16,"k":2048,"buffer_size":0,"copy_bytes":0,"total_ns":47126.000,"section_ns":[32417.000,0.000,10042.000,1750.000,0.000],"section_calls":[1,0,1,1,0]}
repack: repack tensor  with q4_0_16x32
K1_DECODE_AUDIT {"ith":2,"nth":4,"weight":"leaf_0","activation":"leaf_1","input":"0x2ac59028f0","begin_ns":808843517907181,"packing_input_bytes":0,"m":4,"n":32,"k":2048,"buffer_size":0,"copy_bytes":0,"total_ns":36293.000,"section_ns":[0.000,0.000,0.000,33418.000,0.000],"section_calls":[0,0,0,1,0]}
K1_DECODE_AUDIT {"ith":3,"nth":4,"weight":"leaf_0","activation":"leaf_1","input":"0x2ac59028f0","begin_ns":808843517909765,"packing_input_bytes":0,"m":4,"n":32,"k":2048,"buffer_size":0,"copy_bytes":0,"total_ns":33917.000,"section_ns":[0.000,0.000,0.000,31959.000,0.000],"section_calls":[0,0,0,1,0]}
K1_DECODE_AUDIT {"ith":1,"nth":4,"weight":"leaf_0","activation":"leaf_1","input":"0x2ac59028f0","begin_ns":808843517907140,"packing_input_bytes":0,"m":4,"n":32,"k":2048,"buffer_size":0,"copy_bytes":0,"total_ns":46959.000,"section_ns":[0.000,0.000,10125.000,34126.000,0.000],"section_calls":[0,0,1,1,0]}
K1_DECODE_AUDIT {"ith":0,"nth":4,"weight":"leaf_0","activation":"leaf_1","input":"0x2ac59028f0","begin_ns":808843517907098,"packing_input_bytes":32768,"m":4,"n":32,"k":2048,"buffer_size":0,"copy_bytes":0,"total_ns":48126.000,"section_ns":[31834.000,0.000,11417.000,2001.000,0.000],"section_calls":[1,0,1,1,0]}
repack: repack tensor  with q4_0_16x32
K1_DECODE_AUDIT {"ith":1,"nth":4,"weight":"leaf_0","activation":"leaf_1","input":"0x2ac59028f0","begin_ns":808843525304255,"packing_input_bytes":0,"m":4,"n":128,"k":2048,"buffer_size":0,"copy_bytes":0,"total_ns":61293.000,"section_ns":[0.000,0.000,22667.000,35001.000,0.000],"section_calls":[0,0,2,1,0]}
K1_DECODE_AUDIT {"ith":0,"nth":4,"weight":"leaf_0","activation":"leaf_1","input":"0x2ac59028f0","begin_ns":808843525304297,"packing_input_bytes":32768,"m":4,"n":128,"k":2048,"buffer_size":0,"copy_bytes":0,"total_ns":63376.000,"section_ns":[32251.000,0.000,25084.000,2042.000,0.000],"section_calls":[1,0,2,1,0]}
K1_DECODE_AUDIT {"ith":2,"nth":4,"weight":"leaf_0","activation":"leaf_1","input":"0x2ac59028f0","begin_ns":808843525304338,"packing_input_bytes":0,"m":4,"n":128,"k":2048,"buffer_size":0,"copy_bytes":0,"total_ns":61877.000,"section_ns":[0.000,0.000,23334.000,34960.000,0.000],"section_calls":[0,0,2,1,0]}
K1_DECODE_AUDIT {"ith":3,"nth":4,"weight":"leaf_0","activation":"leaf_1","input":"0x2ac59028f0","begin_ns":808843525319380,"packing_input_bytes":0,"m":4,"n":128,"k":2048,"buffer_size":0,"copy_bytes":0,"total_ns":46627.000,"section_ns":[0.000,0.000,23126.000,21293.000,0.000],"section_calls":[0,0,2,1,0]}
repack: repack tensor  with q4_0_16x32
K1_DECODE_AUDIT {"ith":3,"nth":4,"weight":"leaf_0","activation":"leaf_1","input":"0x2ac59028f0","begin_ns":808843526496704,"packing_input_bytes":0,"m":7,"n":16,"k":32,"buffer_size":0,"copy_bytes":0,"total_ns":16000.000,"section_ns":[0.000,0.000,0.000,12876.000,0.000],"section_calls":[0,0,0,1,0]}
K1_DECODE_AUDIT {"ith":1,"nth":4,"weight":"leaf_0","activation":"leaf_1","input":"0x2ac59028f0","begin_ns":808843526496745,"packing_input_bytes":384,"m":7,"n":16,"k":32,"buffer_size":0,"copy_bytes":0,"total_ns":15876.000,"section_ns":[2376.000,0.000,0.000,10083.000,0.000],"section_calls":[3,0,0,1,0]}
K1_DECODE_AUDIT {"ith":2,"nth":4,"weight":"leaf_0","activation":"leaf_1","input":"0x2ac59028f0","begin_ns":808843526496787,"packing_input_bytes":0,"m":7,"n":16,"k":32,"buffer_size":0,"copy_bytes":0,"total_ns":15834.000,"section_ns":[0.000,0.000,0.000,12917.000,0.000],"section_calls":[0,0,0,1,0]}
K1_DECODE_AUDIT {"ith":0,"nth":4,"weight":"leaf_0","activation":"leaf_1","input":"0x2ac59028f0","begin_ns":808843526506287,"packing_input_bytes":512,"m":7,"n":16,"k":32,"buffer_size":0,"copy_bytes":0,"total_ns":10167.000,"section_ns":[2417.000,0.000,3626.000,1375.000,0.000],"section_calls":[1,0,4,1,0]}
repack: repack tensor  with q4_0_16x32
K1_DECODE_AUDIT {"ith":3,"nth":4,"weight":"leaf_0","activation":"leaf_1","input":"0x2ac59028f0","begin_ns":808843527342143,"packing_input_bytes":0,"m":7,"n":32,"k":32,"buffer_size":0,"copy_bytes":0,"total_ns":3042.000,"section_ns":[0.000,0.000,0.000,1083.000,0.000],"section_calls":[0,0,0,1,0]}
K1_DECODE_AUDIT {"ith":2,"nth":4,"weight":"leaf_0","activation":"leaf_1","input":"0x2ac59028f0","begin_ns":808843527337184,"packing_input_bytes":0,"m":7,"n":32,"k":32,"buffer_size":0,"copy_bytes":0,"total_ns":8167.000,"section_ns":[0.000,0.000,0.000,5417.000,0.000],"section_calls":[0,0,0,1,0]}
K1_DECODE_AUDIT {"ith":1,"nth":4,"weight":"leaf_0","activation":"leaf_1","input":"0x2ac59028f0","begin_ns":808843527337101,"packing_input_bytes":384,"m":7,"n":32,"k":32,"buffer_size":0,"copy_bytes":0,"total_ns":11292.000,"section_ns":[2250.000,0.000,2333.000,3209.000,0.000],"section_calls":[3,0,4,1,0]}
K1_DECODE_AUDIT {"ith":0,"nth":4,"weight":"leaf_0","activation":"leaf_1","input":"0x2ac59028f0","begin_ns":808843527337143,"packing_input_bytes":512,"m":7,"n":32,"k":32,"buffer_size":0,"copy_bytes":0,"total_ns":11125.000,"section_ns":[2208.000,0.000,2250.000,3000.000,0.000],"section_calls":[1,0,4,1,0]}
repack: repack tensor  with q4_0_16x32
K1_DECODE_AUDIT {"ith":3,"nth":4,"weight":"leaf_0","activation":"leaf_1","input":"0x2ac59028f0","begin_ns":808843528439797,"packing_input_bytes":0,"m":7,"n":128,"k":32,"buffer_size":0,"copy_bytes":0,"total_ns":8001.000,"section_ns":[0.000,0.000,4166.000,1167.000,0.000],"section_calls":[0,0,8,1,0]}
K1_DECODE_AUDIT {"ith":0,"nth":4,"weight":"leaf_0","activation":"leaf_1","input":"0x2ac59028f0","begin_ns":808843528434922,"packing_input_bytes":512,"m":7,"n":128,"k":32,"buffer_size":0,"copy_bytes":0,"total_ns":12751.000,"section_ns":[2625.000,0.000,3875.000,2959.000,0.000],"section_calls":[1,0,8,1,0]}
K1_DECODE_AUDIT {"ith":1,"nth":4,"weight":"leaf_0","activation":"leaf_1","input":"0x2ac59028f0","begin_ns":808843528434881,"packing_input_bytes":384,"m":7,"n":128,"k":32,"buffer_size":0,"copy_bytes":0,"total_ns":12917.000,"section_ns":[2292.000,0.000,4000.000,2875.000,0.000],"section_calls":[3,0,8,1,0]}
K1_DECODE_AUDIT {"ith":2,"nth":4,"weight":"leaf_0","activation":"leaf_1","input":"0x2ac59028f0","begin_ns":808843528435006,"packing_input_bytes":0,"m":7,"n":128,"k":32,"buffer_size":0,"copy_bytes":0,"total_ns":12750.000,"section_ns":[0.000,0.000,4000.000,5834.000,0.000],"section_calls":[0,0,8,1,0]}
repack: repack tensor  with q4_0_16x32
K1_DECODE_AUDIT {"ith":1,"nth":4,"weight":"leaf_0","activation":"leaf_1","input":"0x2ac59028f0","begin_ns":808843529386865,"packing_input_bytes":768,"m":7,"n":16,"k":64,"buffer_size":0,"copy_bytes":0,"total_ns":7208.000,"section_ns":[2251.000,0.000,0.000,1750.000,0.000],"section_calls":[3,0,0,1,0]}
K1_DECODE_AUDIT {"ith":3,"nth":4,"weight":"leaf_0","activation":"leaf_1","input":"0x2ac59028f0","begin_ns":808843529391073,"packing_input_bytes":0,"m":7,"n":16,"k":64,"buffer_size":0,"copy_bytes":0,"total_ns":3042.000,"section_ns":[0.000,0.000,0.000,1166.000,0.000],"section_calls":[0,0,0,1,0]}
K1_DECODE_AUDIT {"ith":2,"nth":4,"weight":"leaf_0","activation":"leaf_1","input":"0x2ac59028f0","begin_ns":808843529386823,"packing_input_bytes":0,"m":7,"n":16,"k":64,"buffer_size":0,"copy_bytes":0,"total_ns":7458.000,"section_ns":[0.000,0.000,0.000,4917.000,0.000],"section_calls":[0,0,0,1,0]}
K1_DECODE_AUDIT {"ith":0,"nth":4,"weight":"leaf_0","activation":"leaf_1","input":"0x2ac59028f0","begin_ns":808843529386990,"packing_input_bytes":1024,"m":7,"n":16,"k":64,"buffer_size":0,"copy_bytes":0,"total_ns":10791.000,"section_ns":[3250.000,0.000,2917.000,1500.000,0.000],"section_calls":[1,0,4,1,0]}
repack: repack tensor  with q4_0_16x32
K1_DECODE_AUDIT {"ith":2,"nth":4,"weight":"leaf_0","activation":"leaf_1","input":"0x2ac59028f0","begin_ns":808843530213762,"packing_input_bytes":0,"m":7,"n":32,"k":64,"buffer_size":0,"copy_bytes":0,"total_ns":7167.000,"section_ns":[0.000,0.000,0.000,4875.000,0.000],"section_calls":[0,0,0,1,0]}
K1_DECODE_AUDIT {"ith":3,"nth":4,"weight":"leaf_0","activation":"leaf_1","input":"0x2ac59028f0","begin_ns":808843530213803,"packing_input_bytes":0,"m":7,"n":32,"k":64,"buffer_size":0,"copy_bytes":0,"total_ns":7292.000,"section_ns":[0.000,0.000,0.000,4542.000,0.000],"section_calls":[0,0,0,1,0]}
K1_DECODE_AUDIT {"ith":0,"nth":4,"weight":"leaf_0","activation":"leaf_1","input":"0x2ac59028f0","begin_ns":808843530213720,"packing_input_bytes":1024,"m":7,"n":32,"k":64,"buffer_size":0,"copy_bytes":0,"total_ns":10584.000,"section_ns":[3334.000,0.000,2917.000,1375.000,0.000],"section_calls":[1,0,4,1,0]}
K1_DECODE_AUDIT {"ith":1,"nth":4,"weight":"leaf_0","activation":"leaf_1","input":"0x2ac59028f0","begin_ns":808843530213845,"packing_input_bytes":768,"m":7,"n":32,"k":64,"buffer_size":0,"copy_bytes":0,"total_ns":10542.000,"section_ns":[2707.000,0.000,2918.000,1500.000,0.000],"section_calls":[3,0,4,1,0]}
repack: repack tensor  with q4_0_16x32
K1_DECODE_AUDIT {"ith":0,"nth":4,"weight":"leaf_0","activation":"leaf_1","input":"0x2ac59028f0","begin_ns":808843531211247,"packing_input_bytes":1024,"m":7,"n":128,"k":64,"buffer_size":0,"copy_bytes":0,"total_ns":11500.000,"section_ns":[2833.000,0.000,3961.000,1125.000,0.000],"section_calls":[1,0,8,1,0]}
K1_DECODE_AUDIT {"ith":2,"nth":4,"weight":"leaf_0","activation":"leaf_1","input":"0x2ac59028f0","begin_ns":808843531211164,"packing_input_bytes":0,"m":7,"n":128,"k":64,"buffer_size":0,"copy_bytes":0,"total_ns":12250.000,"section_ns":[0.000,0.000,4418.000,4333.000,0.000],"section_calls":[0,0,8,1,0]}
K1_DECODE_AUDIT {"ith":1,"nth":4,"weight":"leaf_0","activation":"leaf_1","input":"0x2ac59028f0","begin_ns":808843531211164,"packing_input_bytes":768,"m":7,"n":128,"k":64,"buffer_size":0,"copy_bytes":0,"total_ns":12042.000,"section_ns":[2125.000,0.000,4124.000,1959.000,0.000],"section_calls":[3,0,8,1,0]}
K1_DECODE_AUDIT {"ith":3,"nth":4,"weight":"leaf_0","activation":"leaf_1","input":"0x2ac59028f0","begin_ns":808843531211205,"packing_input_bytes":0,"m":7,"n":128,"k":64,"buffer_size":0,"copy_bytes":0,"total_ns":12876.000,"section_ns":[0.000,0.000,5376.000,3833.000,0.000],"section_calls":[0,0,8,1,0]}
repack: repack tensor  with q4_0_16x32
K1_DECODE_AUDIT {"ith":1,"nth":4,"weight":"leaf_0","activation":"leaf_1","input":"0x2ac59028f0","begin_ns":808843532214190,"packing_input_bytes":3072,"m":7,"n":16,"k":256,"buffer_size":0,"copy_bytes":0,"total_ns":10167.000,"section_ns":[3667.000,0.000,0.000,3208.000,0.000],"section_calls":[3,0,0,1,0]}
K1_DECODE_AUDIT {"ith":3,"nth":4,"weight":"leaf_0","activation":"leaf_1","input":"0x2ac59028f0","begin_ns":808843532214149,"packing_input_bytes":0,"m":7,"n":16,"k":256,"buffer_size":0,"copy_bytes":0,"total_ns":10167.000,"section_ns":[0.000,0.000,0.000,7042.000,0.000],"section_calls":[0,0,0,1,0]}
K1_DECODE_AUDIT {"ith":2,"nth":4,"weight":"leaf_0","activation":"leaf_1","input":"0x2ac59028f0","begin_ns":808843532214232,"packing_input_bytes":0,"m":7,"n":16,"k":256,"buffer_size":0,"copy_bytes":0,"total_ns":10084.000,"section_ns":[0.000,0.000,0.000,7208.000,0.000],"section_calls":[0,0,0,1,0]}
K1_DECODE_AUDIT {"ith":0,"nth":4,"weight":"leaf_0","activation":"leaf_1","input":"0x2ac59028f0","begin_ns":808843532214149,"packing_input_bytes":4096,"m":7,"n":16,"k":256,"buffer_size":0,"copy_bytes":0,"total_ns":16084.000,"section_ns":[5625.000,0.000,5459.000,1292.000,0.000],"section_calls":[1,0,4,1,0]}
repack: repack tensor  with q4_0_16x32
K1_DECODE_AUDIT {"ith":2,"nth":4,"weight":"leaf_0","activation":"leaf_1","input":"0x2ac59028f0","begin_ns":808843533260052,"packing_input_bytes":0,"m":7,"n":32,"k":256,"buffer_size":0,"copy_bytes":0,"total_ns":10667.000,"section_ns":[0.000,0.000,0.000,7625.000,0.000],"section_calls":[0,0,0,1,0]}
K1_DECODE_AUDIT {"ith":3,"nth":4,"weight":"leaf_0","activation":"leaf_1","input":"0x2ac59028f0","begin_ns":808843533260219,"packing_input_bytes":0,"m":7,"n":32,"k":256,"buffer_size":0,"copy_bytes":0,"total_ns":10500.000,"section_ns":[0.000,0.000,0.000,7625.000,0.000],"section_calls":[0,0,0,1,0]}
K1_DECODE_AUDIT {"ith":1,"nth":4,"weight":"leaf_0","activation":"leaf_1","input":"0x2ac59028f0","begin_ns":808843533260302,"packing_input_bytes":3072,"m":7,"n":32,"k":256,"buffer_size":0,"copy_bytes":0,"total_ns":16000.000,"section_ns":[3291.000,0.000,5167.000,4001.000,0.000],"section_calls":[3,0,4,1,0]}
K1_DECODE_AUDIT {"ith":0,"nth":4,"weight":"leaf_0","activation":"leaf_1","input":"0x2ac59028f0","begin_ns":808843533260135,"packing_input_bytes":4096,"m":7,"n":32,"k":256,"buffer_size":0,"copy_bytes":0,"total_ns":15959.000,"section_ns":[5667.000,0.000,5375.000,1292.000,0.000],"section_calls":[1,0,4,1,0]}
repack: repack tensor  with q4_0_16x32
K1_DECODE_AUDIT {"ith":0,"nth":4,"weight":"leaf_0","activation":"leaf_1","input":"0x2ac59028f0","begin_ns":808843534913096,"packing_input_bytes":4096,"m":7,"n":128,"k":256,"buffer_size":0,"copy_bytes":0,"total_ns":19959.000,"section_ns":[5834.000,0.000,9167.000,1542.000,0.000],"section_calls":[1,0,8,1,0]}
K1_DECODE_AUDIT {"ith":2,"nth":4,"weight":"leaf_0","activation":"leaf_1","input":"0x2ac59028f0","begin_ns":808843534913221,"packing_input_bytes":0,"m":7,"n":128,"k":256,"buffer_size":0,"copy_bytes":0,"total_ns":20626.000,"section_ns":[0.000,0.000,9834.000,7583.000,0.000],"section_calls":[0,0,8,1,0]}
K1_DECODE_AUDIT {"ith":3,"nth":4,"weight":"leaf_0","activation":"leaf_1","input":"0x2ac59028f0","begin_ns":808843534915221,"packing_input_bytes":0,"m":7,"n":128,"k":256,"buffer_size":0,"copy_bytes":0,"total_ns":18709.000,"section_ns":[0.000,0.000,10042.000,5751.000,0.000],"section_calls":[0,0,8,1,0]}
K1_DECODE_AUDIT {"ith":1,"nth":4,"weight":"leaf_0","activation":"leaf_1","input":"0x2ac59028f0","begin_ns":808843534913096,"packing_input_bytes":3072,"m":7,"n":128,"k":256,"buffer_size":0,"copy_bytes":0,"total_ns":20126.000,"section_ns":[4125.000,0.000,9291.000,3209.000,0.000],"section_calls":[3,0,8,1,0]}
repack: repack tensor  with q4_0_16x32
K1_DECODE_AUDIT {"ith":1,"nth":4,"weight":"leaf_0","activation":"leaf_1","input":"0x2ac59028f0","begin_ns":808843536895733,"packing_input_bytes":24576,"m":7,"n":16,"k":2048,"buffer_size":0,"copy_bytes":0,"total_ns":36918.000,"section_ns":[17334.000,0.000,0.000,16209.000,0.000],"section_calls":[3,0,0,1,0]}
K1_DECODE_AUDIT {"ith":2,"nth":4,"weight":"leaf_0","activation":"leaf_1","input":"0x2ac59028f0","begin_ns":808843536895858,"packing_input_bytes":0,"m":7,"n":16,"k":2048,"buffer_size":0,"copy_bytes":0,"total_ns":37043.000,"section_ns":[0.000,0.000,0.000,34542.000,0.000],"section_calls":[0,0,0,1,0]}
K1_DECODE_AUDIT {"ith":3,"nth":4,"weight":"leaf_0","activation":"leaf_1","input":"0x2ac59028f0","begin_ns":808843536895858,"packing_input_bytes":0,"m":7,"n":16,"k":2048,"buffer_size":0,"copy_bytes":0,"total_ns":37293.000,"section_ns":[0.000,0.000,0.000,34709.000,0.000],"section_calls":[0,0,0,1,0]}
K1_DECODE_AUDIT {"ith":0,"nth":4,"weight":"leaf_0","activation":"leaf_1","input":"0x2ac59028f0","begin_ns":808843536895816,"packing_input_bytes":32768,"m":7,"n":16,"k":2048,"buffer_size":0,"copy_bytes":0,"total_ns":65794.000,"section_ns":[32001.000,0.000,28335.000,1834.000,0.000],"section_calls":[1,0,4,1,0]}
repack: repack tensor  with q4_0_16x32
K1_DECODE_AUDIT {"ith":2,"nth":4,"weight":"leaf_0","activation":"leaf_1","input":"0x2ac59028f0","begin_ns":808843539602181,"packing_input_bytes":0,"m":7,"n":32,"k":2048,"buffer_size":0,"copy_bytes":0,"total_ns":36959.000,"section_ns":[0.000,0.000,0.000,34542.000,0.000],"section_calls":[0,0,0,1,0]}
K1_DECODE_AUDIT {"ith":3,"nth":4,"weight":"leaf_0","activation":"leaf_1","input":"0x2ac59028f0","begin_ns":808843539602139,"packing_input_bytes":0,"m":7,"n":32,"k":2048,"buffer_size":0,"copy_bytes":0,"total_ns":37043.000,"section_ns":[0.000,0.000,0.000,34542.000,0.000],"section_calls":[0,0,0,1,0]}
K1_DECODE_AUDIT {"ith":1,"nth":4,"weight":"leaf_0","activation":"leaf_1","input":"0x2ac59028f0","begin_ns":808843539602097,"packing_input_bytes":24576,"m":7,"n":32,"k":2048,"buffer_size":0,"copy_bytes":0,"total_ns":66960.000,"section_ns":[12250.000,0.000,29292.000,21834.000,0.000],"section_calls":[3,0,4,1,0]}
K1_DECODE_AUDIT {"ith":0,"nth":4,"weight":"leaf_0","activation":"leaf_1","input":"0x2ac59028f0","begin_ns":808843539602097,"packing_input_bytes":32768,"m":7,"n":32,"k":2048,"buffer_size":0,"copy_bytes":0,"total_ns":68960.000,"section_ns":[31834.000,0.000,31543.000,1751.000,0.000],"section_calls":[1,0,4,1,0]}
repack: repack tensor  with q4_0_16x32
K1_DECODE_AUDIT {"ith":2,"nth":4,"weight":"leaf_0","activation":"leaf_1","input":"0x2ac59028f0","begin_ns":808843547181551,"packing_input_bytes":0,"m":7,"n":128,"k":2048,"buffer_size":0,"copy_bytes":0,"total_ns":499138.000,"section_ns":[0.000,0.000,61752.000,433344.000,0.000],"section_calls":[0,0,8,1,0]}
K1_DECODE_AUDIT {"ith":3,"nth":4,"weight":"leaf_0","activation":"leaf_1","input":"0x2ac59028f0","begin_ns":808843547181634,"packing_input_bytes":0,"m":7,"n":128,"k":2048,"buffer_size":0,"copy_bytes":0,"total_ns":500930.000,"section_ns":[0.000,0.000,63420.000,433470.000,0.000],"section_calls":[0,0,8,1,0]}
K1_DECODE_AUDIT {"ith":0,"nth":4,"weight":"leaf_0","activation":"leaf_1","input":"0x2ac59028f0","begin_ns":808843547197093,"packing_input_bytes":32768,"m":7,"n":128,"k":2048,"buffer_size":0,"copy_bytes":0,"total_ns":485430.000,"section_ns":[31876.000,0.000,63543.000,386136.000,0.000],"section_calls":[1,0,8,1,0]}
K1_DECODE_AUDIT {"ith":1,"nth":4,"weight":"leaf_0","activation":"leaf_1","input":"0x2ac59028f0","begin_ns":808843547181426,"packing_input_bytes":24576,"m":7,"n":128,"k":2048,"buffer_size":0,"copy_bytes":0,"total_ns":502138.000,"section_ns":[271507.000,0.000,64627.000,3209.000,0.000],"section_calls":[3,0,8,1,0]}
repack: repack tensor  with q4_0_16x32
K1_DECODE_AUDIT {"ith":3,"nth":4,"weight":"leaf_0","activation":"leaf_1","input":"0x2ac59028f0","begin_ns":808843549125395,"packing_input_bytes":512,"m":16,"n":16,"k":32,"buffer_size":0,"copy_bytes":0,"total_ns":4500.000,"section_ns":[1166.000,0.000,0.000,1208.000,0.000],"section_calls":[1,0,0,1,0]}
K1_DECODE_AUDIT {"ith":2,"nth":4,"weight":"leaf_0","activation":"leaf_1","input":"0x2ac59028f0","begin_ns":808843549124645,"packing_input_bytes":512,"m":16,"n":16,"k":32,"buffer_size":0,"copy_bytes":0,"total_ns":5333.000,"section_ns":[1458.000,0.000,0.000,1375.000,0.000],"section_calls":[1,0,0,1,0]}
K1_DECODE_AUDIT {"ith":1,"nth":4,"weight":"leaf_0","activation":"leaf_1","input":"0x2ac59028f0","begin_ns":808843549124228,"packing_input_bytes":512,"m":16,"n":16,"k":32,"buffer_size":0,"copy_bytes":0,"total_ns":5875.000,"section_ns":[1625.000,0.000,0.000,2084.000,0.000],"section_calls":[1,0,0,1,0]}
K1_DECODE_AUDIT {"ith":0,"nth":4,"weight":"leaf_0","activation":"leaf_1","input":"0x2ac59028f0","begin_ns":808843549107519,"packing_input_bytes":512,"m":16,"n":16,"k":32,"buffer_size":0,"copy_bytes":0,"total_ns":26251.000,"section_ns":[3542.000,0.000,3251.000,14167.000,0.000],"section_calls":[1,0,4,1,0]}
repack: repack tensor  with q4_0_16x32
K1_DECODE_AUDIT {"ith":2,"nth":4,"weight":"leaf_0","activation":"leaf_1","input":"0x2ac59028f0","begin_ns":808843550009252,"packing_input_bytes":512,"m":16,"n":32,"k":32,"buffer_size":0,"copy_bytes":0,"total_ns":6500.000,"section_ns":[2208.000,0.000,0.000,1375.000,0.000],"section_calls":[1,0,0,1,0]}
K1_DECODE_AUDIT {"ith":3,"nth":4,"weight":"leaf_0","activation":"leaf_1","input":"0x2ac59028f0","begin_ns":808843550010168,"packing_input_bytes":512,"m":16,"n":32,"k":32,"buffer_size":0,"copy_bytes":0,"total_ns":5584.000,"section_ns":[1959.000,0.000,0.000,1417.000,0.000],"section_calls":[1,0,0,1,0]}
K1_DECODE_AUDIT {"ith":1,"nth":4,"weight":"leaf_0","activation":"leaf_1","input":"0x2ac59028f0","begin_ns":808843550009210,"packing_input_bytes":512,"m":16,"n":32,"k":32,"buffer_size":0,"copy_bytes":0,"total_ns":9459.000,"section_ns":[2292.000,0.000,2374.000,1458.000,0.000],"section_calls":[1,0,4,1,0]}
K1_DECODE_AUDIT {"ith":0,"nth":4,"weight":"leaf_0","activation":"leaf_1","input":"0x2ac59028f0","begin_ns":808843550009210,"packing_input_bytes":512,"m":16,"n":32,"k":32,"buffer_size":0,"copy_bytes":0,"total_ns":9542.000,"section_ns":[2208.000,0.000,2333.000,1417.000,0.000],"section_calls":[1,0,4,1,0]}
repack: repack tensor  with q4_0_16x32
K1_DECODE_AUDIT {"ith":1,"nth":4,"weight":"leaf_0","activation":"leaf_1","input":"0x2ac59028f0","begin_ns":808843550959152,"packing_input_bytes":512,"m":16,"n":128,"k":32,"buffer_size":0,"copy_bytes":0,"total_ns":11667.000,"section_ns":[2166.000,0.000,4332.000,1625.000,0.000],"section_calls":[1,0,8,1,0]}
K1_DECODE_AUDIT {"ith":3,"nth":4,"weight":"leaf_0","activation":"leaf_1","input":"0x2ac59028f0","begin_ns":808843550959402,"packing_input_bytes":512,"m":16,"n":128,"k":32,"buffer_size":0,"copy_bytes":0,"total_ns":11542.000,"section_ns":[2125.000,0.000,4377.000,1625.000,0.000],"section_calls":[1,0,8,1,0]}
K1_DECODE_AUDIT {"ith":2,"nth":4,"weight":"leaf_0","activation":"leaf_1","input":"0x2ac59028f0","begin_ns":808843550959402,"packing_input_bytes":512,"m":16,"n":128,"k":32,"buffer_size":0,"copy_bytes":0,"total_ns":11584.000,"section_ns":[2292.000,0.000,4417.000,1500.000,0.000],"section_calls":[1,0,8,1,0]}
K1_DECODE_AUDIT {"ith":0,"nth":4,"weight":"leaf_0","activation":"leaf_1","input":"0x2ac59028f0","begin_ns":808843550959111,"packing_input_bytes":512,"m":16,"n":128,"k":32,"buffer_size":0,"copy_bytes":0,"total_ns":12042.000,"section_ns":[2417.000,0.000,4292.000,1625.000,0.000],"section_calls":[1,0,8,1,0]}
repack: repack tensor  with q4_0_16x32
K1_DECODE_AUDIT {"ith":2,"nth":4,"weight":"leaf_0","activation":"leaf_1","input":"0x2ac59028f0","begin_ns":808843551921595,"packing_input_bytes":1024,"m":16,"n":16,"k":64,"buffer_size":0,"copy_bytes":0,"total_ns":7042.000,"section_ns":[2917.000,0.000,0.000,1500.000,0.000],"section_calls":[1,0,0,1,0]}
K1_DECODE_AUDIT {"ith":1,"nth":4,"weight":"leaf_0","activation":"leaf_1","input":"0x2ac59028f0","begin_ns":808843551921678,"packing_input_bytes":1024,"m":16,"n":16,"k":64,"buffer_size":0,"copy_bytes":0,"total_ns":6917.000,"section_ns":[2583.000,0.000,0.000,1791.000,0.000],"section_calls":[1,0,0,1,0]}
K1_DECODE_AUDIT {"ith":3,"nth":4,"weight":"leaf_0","activation":"leaf_1","input":"0x2ac59028f0","begin_ns":808843551921678,"packing_input_bytes":1024,"m":16,"n":16,"k":64,"buffer_size":0,"copy_bytes":0,"total_ns":6875.000,"section_ns":[2375.000,0.000,0.000,1875.000,0.000],"section_calls":[1,0,0,1,0]}
K1_DECODE_AUDIT {"ith":0,"nth":4,"weight":"leaf_0","activation":"leaf_1","input":"0x2ac59028f0","begin_ns":808843551921636,"packing_input_bytes":1024,"m":16,"n":16,"k":64,"buffer_size":0,"copy_bytes":0,"total_ns":11042.000,"section_ns":[2708.000,0.000,3457.000,1833.000,0.000],"section_calls":[1,0,4,1,0]}
repack: repack tensor  with q4_0_16x32
K1_DECODE_AUDIT {"ith":2,"nth":4,"weight":"leaf_0","activation":"leaf_1","input":"0x2ac59028f0","begin_ns":808843552860912,"packing_input_bytes":1024,"m":16,"n":32,"k":64,"buffer_size":0,"copy_bytes":0,"total_ns":7375.000,"section_ns":[2542.000,0.000,0.000,1834.000,0.000],"section_calls":[1,0,0,1,0]}
K1_DECODE_AUDIT {"ith":3,"nth":4,"weight":"leaf_0","activation":"leaf_1","input":"0x2ac59028f0","begin_ns":808843552860870,"packing_input_bytes":1024,"m":16,"n":32,"k":64,"buffer_size":0,"copy_bytes":0,"total_ns":7709.000,"section_ns":[2709.000,0.000,0.000,2083.000,0.000],"section_calls":[1,0,0,1,0]}
K1_DECODE_AUDIT {"ith":0,"nth":4,"weight":"leaf_0","activation":"leaf_1","input":"0x2ac59028f0","begin_ns":808843552860828,"packing_input_bytes":1024,"m":16,"n":32,"k":64,"buffer_size":0,"copy_bytes":0,"total_ns":11542.000,"section_ns":[3250.000,0.000,3500.000,1375.000,0.000],"section_calls":[1,0,4,1,0]}
K1_DECODE_AUDIT {"ith":1,"nth":4,"weight":"leaf_0","activation":"leaf_1","input":"0x2ac59028f0","begin_ns":808843552860953,"packing_input_bytes":1024,"m":16,"n":32,"k":64,"buffer_size":0,"copy_bytes":0,"total_ns":11917.000,"section_ns":[2708.000,0.000,3999.000,1750.000,0.000],"section_calls":[1,0,4,1,0]}
repack: repack tensor  with q4_0_16x32
K1_DECODE_AUDIT {"ith":3,"nth":4,"weight":"leaf_0","activation":"leaf_1","input":"0x2ac59028f0","begin_ns":808843553938066,"packing_input_bytes":1024,"m":16,"n":128,"k":64,"buffer_size":0,"copy_bytes":0,"total_ns":11917.000,"section_ns":[1958.000,0.000,5875.000,1209.000,0.000],"section_calls":[1,0,8,1,0]}
K1_DECODE_AUDIT {"ith":1,"nth":4,"weight":"leaf_0","activation":"leaf_1","input":"0x2ac59028f0","begin_ns":808843553934899,"packing_input_bytes":1024,"m":16,"n":128,"k":64,"buffer_size":0,"copy_bytes":0,"total_ns":15792.000,"section_ns":[2750.000,0.000,6500.000,2458.000,0.000],"section_calls":[1,0,8,1,0]}
K1_DECODE_AUDIT {"ith":0,"nth":4,"weight":"leaf_0","activation":"leaf_1","input":"0x2ac59028f0","begin_ns":808843553934857,"packing_input_bytes":1024,"m":16,"n":128,"k":64,"buffer_size":0,"copy_bytes":0,"total_ns":15917.000,"section_ns":[3084.000,0.000,6667.000,2250.000,0.000],"section_calls":[1,0,8,1,0]}
K1_DECODE_AUDIT {"ith":2,"nth":4,"weight":"leaf_0","activation":"leaf_1","input":"0x2ac59028f0","begin_ns":808843553934899,"packing_input_bytes":1024,"m":16,"n":128,"k":64,"buffer_size":0,"copy_bytes":0,"total_ns":15875.000,"section_ns":[2750.000,0.000,6625.000,2625.000,0.000],"section_calls":[1,0,8,1,0]}
repack: repack tensor  with q4_0_16x32
K1_DECODE_AUDIT {"ith":1,"nth":4,"weight":"leaf_0","activation":"leaf_1","input":"0x2ac59028f0","begin_ns":808843554988802,"packing_input_bytes":4096,"m":16,"n":16,"k":256,"buffer_size":0,"copy_bytes":0,"total_ns":15209.000,"section_ns":[5583.000,0.000,0.000,7126.000,0.000],"section_calls":[1,0,0,1,0]}
K1_DECODE_AUDIT {"ith":2,"nth":4,"weight":"leaf_0","activation":"leaf_1","input":"0x2ac59028f0","begin_ns":808843554988719,"packing_input_bytes":4096,"m":16,"n":16,"k":256,"buffer_size":0,"copy_bytes":0,"total_ns":15459.000,"section_ns":[5667.000,0.000,0.000,7500.000,0.000],"section_calls":[1,0,0,1,0]}
K1_DECODE_AUDIT {"ith":3,"nth":4,"weight":"leaf_0","activation":"leaf_1","input":"0x2ac59028f0","begin_ns":808843554995427,"packing_input_bytes":4096,"m":16,"n":16,"k":256,"buffer_size":0,"copy_bytes":0,"total_ns":8584.000,"section_ns":[5292.000,0.000,0.000,1250.000,0.000],"section_calls":[1,0,0,1,0]}
K1_DECODE_AUDIT {"ith":0,"nth":4,"weight":"leaf_0","activation":"leaf_1","input":"0x2ac59028f0","begin_ns":808843554988760,"packing_input_bytes":4096,"m":16,"n":16,"k":256,"buffer_size":0,"copy_bytes":0,"total_ns":22543.000,"section_ns":[5500.000,0.000,6750.000,7542.000,0.000],"section_calls":[1,0,4,1,0]}
repack: repack tensor  with q4_0_16x32
K1_DECODE_AUDIT {"ith":3,"nth":4,"weight":"leaf_0","activation":"leaf_1","input":"0x2ac59028f0","begin_ns":808843556144250,"packing_input_bytes":4096,"m":16,"n":32,"k":256,"buffer_size":0,"copy_bytes":0,"total_ns":20000.000,"section_ns":[4541.000,0.000,0.000,13292.000,0.000],"section_calls":[1,0,0,1,0]}
K1_DECODE_AUDIT {"ith":2,"nth":4,"weight":"leaf_0","activation":"leaf_1","input":"0x2ac59028f0","begin_ns":808843556126374,"packing_input_bytes":4096,"m":16,"n":32,"k":256,"buffer_size":0,"copy_bytes":0,"total_ns":37960.000,"section_ns":[5167.000,0.000,0.000,30584.000,0.000],"section_calls":[1,0,0,1,0]}
K1_DECODE_AUDIT {"ith":1,"nth":4,"weight":"leaf_0","activation":"leaf_1","input":"0x2ac59028f0","begin_ns":808843556156167,"packing_input_bytes":4096,"m":16,"n":32,"k":256,"buffer_size":0,"copy_bytes":0,"total_ns":15042.000,"section_ns":[4416.000,0.000,6459.000,1375.000,0.000],"section_calls":[1,0,4,1,0]}
K1_DECODE_AUDIT {"ith":0,"nth":4,"weight":"leaf_0","activation":"leaf_1","input":"0x2ac59028f0","begin_ns":808843556117082,"packing_input_bytes":4096,"m":16,"n":32,"k":256,"buffer_size":0,"copy_bytes":0,"total_ns":54210.000,"section_ns":[5750.000,0.000,6583.000,37709.000,0.000],"section_calls":[1,0,4,1,0]}
repack: repack tensor  with q4_0_16x32
K1_DECODE_AUDIT {"ith":3,"nth":4,"weight":"leaf_0","activation":"leaf_1","input":"0x2ac59028f0","begin_ns":808843557857713,"packing_input_bytes":4096,"m":16,"n":128,"k":256,"buffer_size":0,"copy_bytes":0,"total_ns":23458.000,"section_ns":[6708.000,0.000,12333.000,1500.000,0.000],"section_calls":[1,0,8,1,0]}
K1_DECODE_AUDIT {"ith":0,"nth":4,"weight":"leaf_0","activation":"leaf_1","input":"0x2ac59028f0","begin_ns":808843557856462,"packing_input_bytes":4096,"m":16,"n":128,"k":256,"buffer_size":0,"copy_bytes":0,"total_ns":25001.000,"section_ns":[7083.000,0.000,12626.000,1250.000,0.000],"section_calls":[1,0,8,1,0]}
K1_DECODE_AUDIT {"ith":1,"nth":4,"weight":"leaf_0","activation":"leaf_1","input":"0x2ac59028f0","begin_ns":808843557856504,"packing_input_bytes":4096,"m":16,"n":128,"k":256,"buffer_size":0,"copy_bytes":0,"total_ns":25001.000,"section_ns":[5833.000,0.000,12750.000,2458.000,0.000],"section_calls":[1,0,8,1,0]}
K1_DECODE_AUDIT {"ith":2,"nth":4,"weight":"leaf_0","activation":"leaf_1","input":"0x2ac59028f0","begin_ns":808843557856504,"packing_input_bytes":4096,"m":16,"n":128,"k":256,"buffer_size":0,"copy_bytes":0,"total_ns":25042.000,"section_ns":[6625.000,0.000,12751.000,1583.000,0.000],"section_calls":[1,0,8,1,0]}
repack: repack tensor  with q4_0_16x32
K1_DECODE_AUDIT {"ith":1,"nth":4,"weight":"leaf_0","activation":"leaf_1","input":"0x2ac59028f0","begin_ns":808843560105898,"packing_input_bytes":32768,"m":16,"n":16,"k":2048,"buffer_size":0,"copy_bytes":0,"total_ns":56251.000,"section_ns":[34042.000,0.000,0.000,18626.000,0.000],"section_calls":[1,0,0,1,0]}
K1_DECODE_AUDIT {"ith":3,"nth":4,"weight":"leaf_0","activation":"leaf_1","input":"0x2ac59028f0","begin_ns":808843560108065,"packing_input_bytes":32768,"m":16,"n":16,"k":2048,"buffer_size":0,"copy_bytes":0,"total_ns":54126.000,"section_ns":[33126.000,0.000,0.000,18375.000,0.000],"section_calls":[1,0,0,1,0]}
K1_DECODE_AUDIT {"ith":2,"nth":4,"weight":"leaf_0","activation":"leaf_1","input":"0x2ac59028f0","begin_ns":808843560109231,"packing_input_bytes":32768,"m":16,"n":16,"k":2048,"buffer_size":0,"copy_bytes":0,"total_ns":52960.000,"section_ns":[37418.000,0.000,0.000,13417.000,0.000],"section_calls":[1,0,0,1,0]}
K1_DECODE_AUDIT {"ith":0,"nth":4,"weight":"leaf_0","activation":"leaf_1","input":"0x2ac59028f0","begin_ns":808843560124023,"packing_input_bytes":32768,"m":16,"n":16,"k":2048,"buffer_size":0,"copy_bytes":0,"total_ns":78627.000,"section_ns":[32710.000,0.000,40001.000,2167.000,0.000],"section_calls":[1,0,4,1,0]}
repack: repack tensor  with q4_0_16x32
K1_DECODE_AUDIT {"ith":3,"nth":4,"weight":"leaf_0","activation":"leaf_1","input":"0x3f623df1b0","begin_ns":808843563612450,"packing_input_bytes":32768,"m":16,"n":32,"k":2048,"buffer_size":0,"copy_bytes":0,"total_ns":36168.000,"section_ns":[30459.000,0.000,0.000,1833.000,0.000],"section_calls":[1,0,0,1,0]}
K1_DECODE_AUDIT {"ith":2,"nth":4,"weight":"leaf_0","activation":"leaf_1","input":"0x3f623df1b0","begin_ns":808843563555741,"packing_input_bytes":32768,"m":16,"n":32,"k":2048,"buffer_size":0,"copy_bytes":0,"total_ns":93127.000,"section_ns":[33084.000,0.000,0.000,56835.000,0.000],"section_calls":[1,0,0,1,0]}
K1_DECODE_AUDIT {"ith":1,"nth":4,"weight":"leaf_0","activation":"leaf_1","input":"0x3f623df1b0","begin_ns":808843563555782,"packing_input_bytes":32768,"m":16,"n":32,"k":2048,"buffer_size":0,"copy_bytes":0,"total_ns":131920.000,"section_ns":[33126.000,0.000,38251.000,56793.000,0.000],"section_calls":[1,0,4,1,0]}
K1_DECODE_AUDIT {"ith":0,"nth":4,"weight":"leaf_0","activation":"leaf_1","input":"0x3f623df1b0","begin_ns":808843563555699,"packing_input_bytes":32768,"m":16,"n":32,"k":2048,"buffer_size":0,"copy_bytes":0,"total_ns":134128.000,"section_ns":[33084.000,0.000,40460.000,56751.000,0.000],"section_calls":[1,0,4,1,0]}
repack: repack tensor  with q4_0_16x32
K1_DECODE_AUDIT {"ith":3,"nth":4,"weight":"leaf_0","activation":"leaf_1","input":"0x3f623dd1b0","begin_ns":808843571671000,"packing_input_bytes":32768,"m":16,"n":128,"k":2048,"buffer_size":0,"copy_bytes":0,"total_ns":138712.000,"section_ns":[33168.000,0.000,83502.000,17042.000,0.000],"section_calls":[1,0,8,1,0]}
K1_DECODE_AUDIT {"ith":1,"nth":4,"weight":"leaf_0","activation":"leaf_1","input":"0x3f623dd1b0","begin_ns":808843571670959,"packing_input_bytes":32768,"m":16,"n":128,"k":2048,"buffer_size":0,"copy_bytes":0,"total_ns":142753.000,"section_ns":[33376.000,0.000,87502.000,16875.000,0.000],"section_calls":[1,0,8,1,0]}
K1_DECODE_AUDIT {"ith":2,"nth":4,"weight":"leaf_0","activation":"leaf_1","input":"0x3f623dd1b0","begin_ns":808843571688584,"packing_input_bytes":32768,"m":16,"n":128,"k":2048,"buffer_size":0,"copy_bytes":0,"total_ns":124712.000,"section_ns":[30918.000,0.000,87086.000,2167.000,0.000],"section_calls":[1,0,8,1,0]}
K1_DECODE_AUDIT {"ith":0,"nth":4,"weight":"leaf_0","activation":"leaf_1","input":"0x3f623dd1b0","begin_ns":808843571671042,"packing_input_bytes":32768,"m":16,"n":128,"k":2048,"buffer_size":0,"copy_bytes":0,"total_ns":148004.000,"section_ns":[33375.000,0.000,92794.000,17209.000,0.000],"section_calls":[1,0,8,1,0]}
repack: repack tensor  with q4_0_16x32
K1_DECODE_AUDIT {"ith":2,"nth":4,"weight":"leaf_0","activation":"leaf_1","input":"0x2ac59028f0","begin_ns":808843573437881,"packing_input_bytes":1024,"m":32,"n":16,"k":32,"buffer_size":0,"copy_bytes":0,"total_ns":9167.000,"section_ns":[3417.000,0.000,0.000,2750.000,0.000],"section_calls":[2,0,0,1,0]}
K1_DECODE_AUDIT {"ith":3,"nth":4,"weight":"leaf_0","activation":"leaf_1","input":"0x2ac59028f0","begin_ns":808843573438298,"packing_input_bytes":1024,"m":32,"n":16,"k":32,"buffer_size":0,"copy_bytes":0,"total_ns":8750.000,"section_ns":[3541.000,0.000,0.000,2250.000,0.000],"section_calls":[2,0,0,1,0]}
K1_DECODE_AUDIT {"ith":0,"nth":4,"weight":"leaf_0","activation":"leaf_1","input":"0x2ac59028f0","begin_ns":808843573438173,"packing_input_bytes":1024,"m":32,"n":16,"k":32,"buffer_size":0,"copy_bytes":0,"total_ns":12917.000,"section_ns":[3166.000,0.000,3460.000,2625.000,0.000],"section_calls":[2,0,4,1,0]}
K1_DECODE_AUDIT {"ith":1,"nth":4,"weight":"leaf_0","activation":"leaf_1","input":"0x2ac59028f0","begin_ns":808843573438256,"packing_input_bytes":1024,"m":32,"n":16,"k":32,"buffer_size":0,"copy_bytes":0,"total_ns":13084.000,"section_ns":[3541.000,0.000,3750.000,2417.000,0.000],"section_calls":[2,0,4,1,0]}
repack: repack tensor  with q4_0_16x32
K1_DECODE_AUDIT {"ith":3,"nth":4,"weight":"leaf_0","activation":"leaf_1","input":"0x2ac59028f0","begin_ns":808843574415491,"packing_input_bytes":1024,"m":32,"n":32,"k":32,"buffer_size":0,"copy_bytes":0,"total_ns":8125.000,"section_ns":[1875.000,0.000,2168.000,1125.000,0.000],"section_calls":[2,0,4,1,0]}
K1_DECODE_AUDIT {"ith":1,"nth":4,"weight":"leaf_0","activation":"leaf_1","input":"0x2ac59028f0","begin_ns":808843574412407,"packing_input_bytes":1024,"m":32,"n":32,"k":32,"buffer_size":0,"copy_bytes":0,"total_ns":11500.000,"section_ns":[2875.000,0.000,2250.000,2834.000,0.000],"section_calls":[2,0,4,1,0]}
K1_DECODE_AUDIT {"ith":0,"nth":4,"weight":"leaf_0","activation":"leaf_1","input":"0x2ac59028f0","begin_ns":808843574412365,"packing_input_bytes":1024,"m":32,"n":32,"k":32,"buffer_size":0,"copy_bytes":0,"total_ns":11501.000,"section_ns":[3000.000,0.000,2417.000,2250.000,0.000],"section_calls":[2,0,4,1,0]}
K1_DECODE_AUDIT {"ith":2,"nth":4,"weight":"leaf_0","activation":"leaf_1","input":"0x2ac59028f0","begin_ns":808843574413157,"packing_input_bytes":1024,"m":32,"n":32,"k":32,"buffer_size":0,"copy_bytes":0,"total_ns":10709.000,"section_ns":[2791.000,0.000,2208.000,2958.000,0.000],"section_calls":[2,0,4,1,0]}
repack: repack tensor  with q4_0_16x32
K1_DECODE_AUDIT {"ith":3,"nth":4,"weight":"leaf_0","activation":"leaf_1","input":"0x2ac59028f0","begin_ns":808843575405059,"packing_input_bytes":1024,"m":32,"n":128,"k":32,"buffer_size":0,"copy_bytes":0,"total_ns":16334.000,"section_ns":[1709.000,0.000,9710.000,1166.000,0.000],"section_calls":[2,0,16,1,0]}
K1_DECODE_AUDIT {"ith":2,"nth":4,"weight":"leaf_0","activation":"leaf_1","input":"0x2ac59028f0","begin_ns":808843575401059,"packing_input_bytes":1024,"m":32,"n":128,"k":32,"buffer_size":0,"copy_bytes":0,"total_ns":21334.000,"section_ns":[2250.000,0.000,10163.000,4376.000,0.000],"section_calls":[2,0,16,1,0]}
K1_DECODE_AUDIT {"ith":1,"nth":4,"weight":"leaf_0","activation":"leaf_1","input":"0x2ac59028f0","begin_ns":808843575401059,"packing_input_bytes":1024,"m":32,"n":128,"k":32,"buffer_size":0,"copy_bytes":0,"total_ns":21459.000,"section_ns":[2917.000,0.000,10461.000,3750.000,0.000],"section_calls":[2,0,16,1,0]}
K1_DECODE_AUDIT {"ith":0,"nth":4,"weight":"leaf_0","activation":"leaf_1","input":"0x2ac59028f0","begin_ns":808843575401017,"packing_input_bytes":1024,"m":32,"n":128,"k":32,"buffer_size":0,"copy_bytes":0,"total_ns":21459.000,"section_ns":[2792.000,0.000,10292.000,4042.000,0.000],"section_calls":[2,0,16,1,0]}
repack: repack tensor  with q4_0_16x32
K1_DECODE_AUDIT {"ith":2,"nth":4,"weight":"leaf_0","activation":"leaf_1","input":"0x2ac59028f0","begin_ns":808843576482463,"packing_input_bytes":2048,"m":32,"n":16,"k":64,"buffer_size":0,"copy_bytes":0,"total_ns":8500.000,"section_ns":[3542.000,0.000,0.000,1875.000,0.000],"section_calls":[2,0,0,1,0]}
K1_DECODE_AUDIT {"ith":3,"nth":4,"weight":"leaf_0","activation":"leaf_1","input":"0x2ac59028f0","begin_ns":808843576483796,"packing_input_bytes":2048,"m":32,"n":16,"k":64,"buffer_size":0,"copy_bytes":0,"total_ns":7250.000,"section_ns":[3251.000,0.000,0.000,1750.000,0.000],"section_calls":[2,0,0,1,0]}
K1_DECODE_AUDIT {"ith":0,"nth":4,"weight":"leaf_0","activation":"leaf_1","input":"0x2ac59028f0","begin_ns":808843576482504,"packing_input_bytes":2048,"m":32,"n":16,"k":64,"buffer_size":0,"copy_bytes":0,"total_ns":12334.000,"section_ns":[4167.000,0.000,3167.000,1500.000,0.000],"section_calls":[2,0,4,1,0]}
K1_DECODE_AUDIT {"ith":1,"nth":4,"weight":"leaf_0","activation":"leaf_1","input":"0x2ac59028f0","begin_ns":808843576482546,"packing_input_bytes":2048,"m":32,"n":16,"k":64,"buffer_size":0,"copy_bytes":0,"total_ns":12584.000,"section_ns":[3708.000,0.000,3709.000,1791.000,0.000],"section_calls":[2,0,4,1,0]}
repack: repack tensor  with q4_0_16x32
K1_DECODE_AUDIT {"ith":1,"nth":4,"weight":"leaf_0","activation":"leaf_1","input":"0x2ac59028f0","begin_ns":808843577429030,"packing_input_bytes":2048,"m":32,"n":32,"k":64,"buffer_size":0,"copy_bytes":0,"total_ns":12708.000,"section_ns":[3833.000,0.000,3624.000,1584.000,0.000],"section_calls":[2,0,4,1,0]}
K1_DECODE_AUDIT {"ith":3,"nth":4,"weight":"leaf_0","activation":"leaf_1","input":"0x2ac59028f0","begin_ns":808843577429071,"packing_input_bytes":2048,"m":32,"n":32,"k":64,"buffer_size":0,"copy_bytes":0,"total_ns":12792.000,"section_ns":[3542.000,0.000,3790.000,1791.000,0.000],"section_calls":[2,0,4,1,0]}
K1_DECODE_AUDIT {"ith":0,"nth":4,"weight":"leaf_0","activation":"leaf_1","input":"0x2ac59028f0","begin_ns":808843577429071,"packing_input_bytes":2048,"m":32,"n":32,"k":64,"buffer_size":0,"copy_bytes":0,"total_ns":12751.000,"section_ns":[4292.000,0.000,3542.000,1333.000,0.000],"section_calls":[2,0,4,1,0]}
K1_DECODE_AUDIT {"ith":2,"nth":4,"weight":"leaf_0","activation":"leaf_1","input":"0x2ac59028f0","begin_ns":808843577429238,"packing_input_bytes":2048,"m":32,"n":32,"k":64,"buffer_size":0,"copy_bytes":0,"total_ns":12917.000,"section_ns":[3667.000,0.000,4000.000,1708.000,0.000],"section_calls":[2,0,4,1,0]}
repack: repack tensor  with q4_0_16x32
K1_DECODE_AUDIT {"ith":0,"nth":4,"weight":"leaf_0","activation":"leaf_1","input":"0x2ac59028f0","begin_ns":808843578546351,"packing_input_bytes":2048,"m":32,"n":128,"k":64,"buffer_size":0,"copy_bytes":0,"total_ns":19418.000,"section_ns":[4291.000,0.000,9211.000,1791.000,0.000],"section_calls":[2,0,16,1,0]}
K1_DECODE_AUDIT {"ith":1,"nth":4,"weight":"leaf_0","activation":"leaf_1","input":"0x2ac59028f0","begin_ns":808843578546310,"packing_input_bytes":2048,"m":32,"n":128,"k":64,"buffer_size":0,"copy_bytes":0,"total_ns":20000.000,"section_ns":[4209.000,0.000,9460.000,2125.000,0.000],"section_calls":[2,0,16,1,0]}
K1_DECODE_AUDIT {"ith":2,"nth":4,"weight":"leaf_0","activation":"leaf_1","input":"0x2ac59028f0","begin_ns":808843578546268,"packing_input_bytes":2048,"m":32,"n":128,"k":64,"buffer_size":0,"copy_bytes":0,"total_ns":20167.000,"section_ns":[3958.000,0.000,9460.000,2334.000,0.000],"section_calls":[2,0,16,1,0]}
K1_DECODE_AUDIT {"ith":3,"nth":4,"weight":"leaf_0","activation":"leaf_1","input":"0x2ac59028f0","begin_ns":808843578546351,"packing_input_bytes":2048,"m":32,"n":128,"k":64,"buffer_size":0,"copy_bytes":0,"total_ns":20418.000,"section_ns":[4167.000,0.000,10085.000,1792.000,0.000],"section_calls":[2,0,16,1,0]}
repack: repack tensor  with q4_0_16x32
K1_DECODE_AUDIT {"ith":2,"nth":4,"weight":"leaf_0","activation":"leaf_1","input":"0x2ac59028f0","begin_ns":808843579697716,"packing_input_bytes":8192,"m":32,"n":16,"k":256,"buffer_size":0,"copy_bytes":0,"total_ns":15375.000,"section_ns":[10667.000,0.000,0.000,2000.000,0.000],"section_calls":[2,0,0,1,0]}
K1_DECODE_AUDIT {"ith":3,"nth":4,"weight":"leaf_0","activation":"leaf_1","input":"0x2ac59028f0","begin_ns":808843579698132,"packing_input_bytes":8192,"m":32,"n":16,"k":256,"buffer_size":0,"copy_bytes":0,"total_ns":15126.000,"section_ns":[10917.000,0.000,0.000,1291.000,0.000],"section_calls":[2,0,0,1,0]}
K1_DECODE_AUDIT {"ith":0,"nth":4,"weight":"leaf_0","activation":"leaf_1","input":"0x2ac59028f0","begin_ns":808843579697716,"packing_input_bytes":8192,"m":32,"n":16,"k":256,"buffer_size":0,"copy_bytes":0,"total_ns":21792.000,"section_ns":[10500.000,0.000,6000.000,1958.000,0.000],"section_calls":[2,0,4,1,0]}
K1_DECODE_AUDIT {"ith":1,"nth":4,"weight":"leaf_0","activation":"leaf_1","input":"0x2ac59028f0","begin_ns":808843579697757,"packing_input_bytes":8192,"m":32,"n":16,"k":256,"buffer_size":0,"copy_bytes":0,"total_ns":22043.000,"section_ns":[10542.000,0.000,6209.000,1875.000,0.000],"section_calls":[2,0,4,1,0]}
repack: repack tensor  with q4_0_16x32
K1_DECODE_AUDIT {"ith":1,"nth":4,"weight":"leaf_0","activation":"leaf_1","input":"0x2ac59028f0","begin_ns":808843580963416,"packing_input_bytes":8192,"m":32,"n":32,"k":256,"buffer_size":0,"copy_bytes":0,"total_ns":23001.000,"section_ns":[10876.000,0.000,5999.000,2042.000,0.000],"section_calls":[2,0,4,1,0]}
K1_DECODE_AUDIT {"ith":0,"nth":4,"weight":"leaf_0","activation":"leaf_1","input":"0x2ac59028f0","begin_ns":808843580963458,"packing_input_bytes":8192,"m":32,"n":32,"k":256,"buffer_size":0,"copy_bytes":0,"total_ns":23334.000,"section_ns":[10750.000,0.000,6292.000,2209.000,0.000],"section_calls":[2,0,4,1,0]}
K1_DECODE_AUDIT {"ith":2,"nth":4,"weight":"leaf_0","activation":"leaf_1","input":"0x2ac59028f0","begin_ns":808843580963458,"packing_input_bytes":8192,"m":32,"n":32,"k":256,"buffer_size":0,"copy_bytes":0,"total_ns":23417.000,"section_ns":[9542.000,0.000,6334.000,3333.000,0.000],"section_calls":[2,0,4,1,0]}
K1_DECODE_AUDIT {"ith":3,"nth":4,"weight":"leaf_0","activation":"leaf_1","input":"0x2ac59028f0","begin_ns":808843580965625,"packing_input_bytes":8192,"m":32,"n":32,"k":256,"buffer_size":0,"copy_bytes":0,"total_ns":20917.000,"section_ns":[10125.000,0.000,6583.000,1333.000,0.000],"section_calls":[2,0,4,1,0]}
repack: repack tensor  with q4_0_16x32
K1_DECODE_AUDIT {"ith":1,"nth":4,"weight":"leaf_0","activation":"leaf_1","input":"0x2ac59028f0","begin_ns":808843582792882,"packing_input_bytes":8192,"m":32,"n":128,"k":256,"buffer_size":0,"copy_bytes":0,"total_ns":40793.000,"section_ns":[11167.000,0.000,23333.000,1375.000,0.000],"section_calls":[2,0,16,1,0]}
K1_DECODE_AUDIT {"ith":0,"nth":4,"weight":"leaf_0","activation":"leaf_1","input":"0x2ac59028f0","begin_ns":808843582792882,"packing_input_bytes":8192,"m":32,"n":128,"k":256,"buffer_size":0,"copy_bytes":0,"total_ns":41376.000,"section_ns":[9292.000,0.000,23959.000,3083.000,0.000],"section_calls":[2,0,16,1,0]}
K1_DECODE_AUDIT {"ith":2,"nth":4,"weight":"leaf_0","activation":"leaf_1","input":"0x2ac59028f0","begin_ns":808843582792924,"packing_input_bytes":8192,"m":32,"n":128,"k":256,"buffer_size":0,"copy_bytes":0,"total_ns":41293.000,"section_ns":[11084.000,0.000,23835.000,1541.000,0.000],"section_calls":[2,0,16,1,0]}
K1_DECODE_AUDIT {"ith":3,"nth":4,"weight":"leaf_0","activation":"leaf_1","input":"0x2ac59028f0","begin_ns":808843582793466,"packing_input_bytes":8192,"m":32,"n":128,"k":256,"buffer_size":0,"copy_bytes":0,"total_ns":40459.000,"section_ns":[10708.000,0.000,23668.000,1792.000,0.000],"section_calls":[2,0,16,1,0]}
repack: repack tensor  with q4_0_16x32
K1_DECODE_AUDIT {"ith":2,"nth":4,"weight":"leaf_0","activation":"leaf_1","input":"0x3f623bf1b0","begin_ns":808843585741795,"packing_input_bytes":65536,"m":32,"n":16,"k":2048,"buffer_size":0,"copy_bytes":0,"total_ns":76377.000,"section_ns":[68627.000,0.000,0.000,3958.000,0.000],"section_calls":[2,0,0,1,0]}
K1_DECODE_AUDIT {"ith":3,"nth":4,"weight":"leaf_0","activation":"leaf_1","input":"0x3f623bf1b0","begin_ns":808843585741711,"packing_input_bytes":65536,"m":32,"n":16,"k":2048,"buffer_size":0,"copy_bytes":0,"total_ns":76502.000,"section_ns":[68878.000,0.000,0.000,3792.000,0.000],"section_calls":[2,0,0,1,0]}
K1_DECODE_AUDIT {"ith":1,"nth":4,"weight":"leaf_0","activation":"leaf_1","input":"0x3f623bf1b0","begin_ns":808843585741836,"packing_input_bytes":65536,"m":32,"n":16,"k":2048,"buffer_size":0,"copy_bytes":0,"total_ns":119295.000,"section_ns":[68668.000,0.000,42335.000,3916.000,0.000],"section_calls":[2,0,4,1,0]}
K1_DECODE_AUDIT {"ith":0,"nth":4,"weight":"leaf_0","activation":"leaf_1","input":"0x3f623bf1b0","begin_ns":808843585741753,"packing_input_bytes":65536,"m":32,"n":16,"k":2048,"buffer_size":0,"copy_bytes":0,"total_ns":119462.000,"section_ns":[68877.000,0.000,42584.000,3542.000,0.000],"section_calls":[2,0,4,1,0]}
repack: repack tensor  with q4_0_16x32
K1_DECODE_AUDIT {"ith":2,"nth":4,"weight":"leaf_0","activation":"leaf_1","input":"0x3f623be1b0","begin_ns":808843589944324,"packing_input_bytes":65536,"m":32,"n":32,"k":2048,"buffer_size":0,"copy_bytes":0,"total_ns":130962.000,"section_ns":[70502.000,0.000,46000.000,10709.000,0.000],"section_calls":[2,0,4,1,0]}
K1_DECODE_AUDIT {"ith":0,"nth":4,"weight":"leaf_0","activation":"leaf_1","input":"0x3f623be1b0","begin_ns":808843589943741,"packing_input_bytes":65536,"m":32,"n":32,"k":2048,"buffer_size":0,"copy_bytes":0,"total_ns":133504.000,"section_ns":[66501.000,0.000,48333.000,13959.000,0.000],"section_calls":[2,0,4,1,0]}
K1_DECODE_AUDIT {"ith":1,"nth":4,"weight":"leaf_0","activation":"leaf_1","input":"0x3f623be1b0","begin_ns":808843589943783,"packing_input_bytes":65536,"m":32,"n":32,"k":2048,"buffer_size":0,"copy_bytes":0,"total_ns":133920.000,"section_ns":[66669.000,0.000,48834.000,13584.000,0.000],"section_calls":[2,0,4,1,0]}
K1_DECODE_AUDIT {"ith":3,"nth":4,"weight":"leaf_0","activation":"leaf_1","input":"0x3f623be1b0","begin_ns":808843589959741,"packing_input_bytes":65536,"m":32,"n":32,"k":2048,"buffer_size":0,"copy_bytes":0,"total_ns":131546.000,"section_ns":[63335.000,0.000,62377.000,2417.000,0.000],"section_calls":[2,0,4,1,0]}
repack: repack tensor  with q4_0_16x32
K1_DECODE_AUDIT {"ith":3,"nth":4,"weight":"leaf_0","activation":"leaf_1","input":"0x3f623bb1b0","begin_ns":808843598864022,"packing_input_bytes":65536,"m":32,"n":128,"k":2048,"buffer_size":0,"copy_bytes":0,"total_ns":274466.000,"section_ns":[62168.000,0.000,181757.000,23584.000,0.000],"section_calls":[2,0,16,1,0]}
K1_DECODE_AUDIT {"ith":2,"nth":4,"weight":"leaf_0","activation":"leaf_1","input":"0x3f623bb1b0","begin_ns":808843598870731,"packing_input_bytes":65536,"m":32,"n":128,"k":2048,"buffer_size":0,"copy_bytes":0,"total_ns":267132.000,"section_ns":[64376.000,0.000,180963.000,16083.000,0.000],"section_calls":[2,0,16,1,0]}
K1_DECODE_AUDIT {"ith":0,"nth":4,"weight":"leaf_0","activation":"leaf_1","input":"0x3f623bb1b0","begin_ns":808843598885439,"packing_input_bytes":65536,"m":32,"n":128,"k":2048,"buffer_size":0,"copy_bytes":0,"total_ns":257882.000,"section_ns":[62419.000,0.000,186130.000,2500.000,0.000],"section_calls":[2,0,16,1,0]}
K1_DECODE_AUDIT {"ith":1,"nth":4,"weight":"leaf_0","activation":"leaf_1","input":"0x3f623bb1b0","begin_ns":808843598864064,"packing_input_bytes":65536,"m":32,"n":128,"k":2048,"buffer_size":0,"copy_bytes":0,"total_ns":279424.000,"section_ns":[63210.000,0.000,186672.000,22501.000,0.000],"section_calls":[2,0,16,1,0]}
repack: repack tensor  with q4_0_16x32
K1_DECODE_AUDIT {"ith":1,"nth":4,"weight":"leaf_0","activation":"leaf_1","input":"0x2ac59028f0","begin_ns":808843605130315,"packing_input_bytes":2560,"m":1,"n":64,"k":2560,"buffer_size":0,"copy_bytes":0,"total_ns":18834.000,"section_ns":[1584.000,0.000,13292.000,1417.000,0.000],"section_calls":[1,0,1,1,0]}
K1_DECODE_AUDIT {"ith":3,"nth":4,"weight":"leaf_0","activation":"leaf_1","input":"0x2ac59028f0","begin_ns":808843605098940,"packing_input_bytes":2560,"m":1,"n":64,"k":2560,"buffer_size":0,"copy_bytes":0,"total_ns":50376.000,"section_ns":[3875.000,0.000,13042.000,29042.000,0.000],"section_calls":[1,0,1,1,0]}
K1_DECODE_AUDIT {"ith":0,"nth":4,"weight":"leaf_0","activation":"leaf_1","input":"0x2ac59028f0","begin_ns":808843605098981,"packing_input_bytes":2560,"m":1,"n":64,"k":2560,"buffer_size":0,"copy_bytes":0,"total_ns":50127.000,"section_ns":[3084.000,0.000,13083.000,29251.000,0.000],"section_calls":[1,0,1,1,0]}
K1_DECODE_AUDIT {"ith":2,"nth":4,"weight":"leaf_0","activation":"leaf_1","input":"0x2ac59028f0","begin_ns":808843605098940,"packing_input_bytes":2560,"m":1,"n":64,"k":2560,"buffer_size":0,"copy_bytes":0,"total_ns":50251.000,"section_ns":[4667.000,0.000,13208.000,28584.000,0.000],"section_calls":[1,0,1,1,0]}
repack: repack tensor  with q4_0_16x32
K1_DECODE_AUDIT {"ith":0,"nth":4,"weight":"leaf_0","activation":"leaf_1","input":"0x2ac59028f0","begin_ns":808843614674405,"packing_input_bytes":2560,"m":1,"n":128,"k":2560,"buffer_size":0,"copy_bytes":0,"total_ns":43460.000,"section_ns":[4209.000,0.000,23584.000,11209.000,0.000],"section_calls":[1,0,1,1,0]}
K1_DECODE_AUDIT {"ith":3,"nth":4,"weight":"leaf_0","activation":"leaf_1","input":"0x2ac59028f0","begin_ns":808843614674447,"packing_input_bytes":2560,"m":1,"n":128,"k":2560,"buffer_size":0,"copy_bytes":0,"total_ns":43668.000,"section_ns":[4291.000,0.000,23876.000,11542.000,0.000],"section_calls":[1,0,1,1,0]}
K1_DECODE_AUDIT {"ith":1,"nth":4,"weight":"leaf_0","activation":"leaf_1","input":"0x2ac59028f0","begin_ns":808843614687614,"packing_input_bytes":2560,"m":1,"n":128,"k":2560,"buffer_size":0,"copy_bytes":0,"total_ns":31084.000,"section_ns":[2125.000,0.000,24500.000,1417.000,0.000],"section_calls":[1,0,1,1,0]}
K1_DECODE_AUDIT {"ith":2,"nth":4,"weight":"leaf_0","activation":"leaf_1","input":"0x2ac59028f0","begin_ns":808843614674488,"packing_input_bytes":2560,"m":1,"n":128,"k":2560,"buffer_size":0,"copy_bytes":0,"total_ns":43335.000,"section_ns":[4166.000,0.000,23584.000,11500.000,0.000],"section_calls":[1,0,1,1,0]}
repack: repack tensor  with q4_0_16x32
K1_DECODE_AUDIT {"ith":2,"nth":4,"weight":"leaf_0","activation":"leaf_1","input":"0x2ac59028f0","begin_ns":808843625897915,"packing_input_bytes":6144,"m":1,"n":64,"k":6144,"buffer_size":0,"copy_bytes":0,"total_ns":62168.000,"section_ns":[7209.000,0.000,28793.000,22084.000,0.000],"section_calls":[1,0,1,1,0]}
K1_DECODE_AUDIT {"ith":0,"nth":4,"weight":"leaf_0","activation":"leaf_1","input":"0x2ac59028f0","begin_ns":808843625897873,"packing_input_bytes":6144,"m":1,"n":64,"k":6144,"buffer_size":0,"copy_bytes":0,"total_ns":62252.000,"section_ns":[6208.000,0.000,28834.000,22708.000,0.000],"section_calls":[1,0,1,1,0]}
K1_DECODE_AUDIT {"ith":3,"nth":4,"weight":"leaf_0","activation":"leaf_1","input":"0x2ac59028f0","begin_ns":808843625922916,"packing_input_bytes":6144,"m":1,"n":64,"k":6144,"buffer_size":0,"copy_bytes":0,"total_ns":37251.000,"section_ns":[4209.000,0.000,28918.000,1667.000,0.000],"section_calls":[1,0,1,1,0]}
K1_DECODE_AUDIT {"ith":1,"nth":4,"weight":"leaf_0","activation":"leaf_1","input":"0x2ac59028f0","begin_ns":808843625905373,"packing_input_bytes":6144,"m":1,"n":64,"k":6144,"buffer_size":0,"copy_bytes":0,"total_ns":54752.000,"section_ns":[3167.000,0.000,28793.000,19625.000,0.000],"section_calls":[1,0,1,1,0]}
repack: repack tensor  with q4_0_16x32
K1_DECODE_AUDIT {"ith":0,"nth":4,"weight":"leaf_0","activation":"leaf_1","input":"0x2ac59028f0","begin_ns":808843647984675,"packing_input_bytes":6144,"m":1,"n":128,"k":6144,"buffer_size":0,"copy_bytes":0,"total_ns":108836.000,"section_ns":[7125.000,0.000,58335.000,39917.000,0.000],"section_calls":[1,0,1,1,0]}
K1_DECODE_AUDIT {"ith":2,"nth":4,"weight":"leaf_0","activation":"leaf_1","input":"0x2ac59028f0","begin_ns":808843647982550,"packing_input_bytes":6144,"m":1,"n":128,"k":6144,"buffer_size":0,"copy_bytes":0,"total_ns":111419.000,"section_ns":[7417.000,0.000,58668.000,40584.000,0.000],"section_calls":[1,0,1,1,0]}
K1_DECODE_AUDIT {"ith":1,"nth":4,"weight":"leaf_0","activation":"leaf_1","input":"0x2ac59028f0","begin_ns":808843647982591,"packing_input_bytes":6144,"m":1,"n":128,"k":6144,"buffer_size":0,"copy_bytes":0,"total_ns":110878.000,"section_ns":[7292.000,0.000,58293.000,40251.000,0.000],"section_calls":[1,0,1,1,0]}
K1_DECODE_AUDIT {"ith":3,"nth":4,"weight":"leaf_0","activation":"leaf_1","input":"0x2ac59028f0","begin_ns":808843647999842,"packing_input_bytes":6144,"m":1,"n":128,"k":6144,"buffer_size":0,"copy_bytes":0,"total_ns":98294.000,"section_ns":[4834.000,0.000,63126.000,1667.000,0.000],"section_calls":[1,0,1,1,0]}
repack: repack tensor  with q4_0_16x32
K1_DECODE_AUDIT {"ith":2,"nth":4,"weight":"leaf_0","activation":"leaf_1","input":"0x2ac59028f0","begin_ns":808843663994230,"packing_input_bytes":9216,"m":1,"n":64,"k":9216,"buffer_size":0,"copy_bytes":0,"total_ns":99961.000,"section_ns":[32917.000,0.000,42543.000,19126.000,0.000],"section_calls":[1,0,1,1,0]}
K1_DECODE_AUDIT {"ith":1,"nth":4,"weight":"leaf_0","activation":"leaf_1","input":"0x2ac59028f0","begin_ns":808843664039481,"packing_input_bytes":9216,"m":1,"n":64,"k":9216,"buffer_size":0,"copy_bytes":0,"total_ns":54710.000,"section_ns":[6042.000,0.000,42460.000,2625.000,0.000],"section_calls":[1,0,1,1,0]}
K1_DECODE_AUDIT {"ith":0,"nth":4,"weight":"leaf_0","activation":"leaf_1","input":"0x2ac59028f0","begin_ns":808843663994230,"packing_input_bytes":9216,"m":1,"n":64,"k":9216,"buffer_size":0,"copy_bytes":0,"total_ns":100127.000,"section_ns":[30584.000,0.000,42501.000,21167.000,0.000],"section_calls":[1,0,1,1,0]}
K1_DECODE_AUDIT {"ith":3,"nth":4,"weight":"leaf_0","activation":"leaf_1","input":"0x2ac59028f0","begin_ns":808843664038981,"packing_input_bytes":9216,"m":1,"n":64,"k":9216,"buffer_size":0,"copy_bytes":0,"total_ns":55251.000,"section_ns":[6708.000,0.000,42793.000,1708.000,0.000],"section_calls":[1,0,1,1,0]}
repack: repack tensor  with q4_0_16x32
K1_DECODE_AUDIT {"ith":3,"nth":4,"weight":"leaf_0","activation":"leaf_1","input":"0x2ac59028f0","begin_ns":808843696367933,"packing_input_bytes":9216,"m":1,"n":128,"k":9216,"buffer_size":0,"copy_bytes":0,"total_ns":148754.000,"section_ns":[7875.000,0.000,119420.000,17000.000,0.000],"section_calls":[1,0,1,1,0]}
K1_DECODE_AUDIT {"ith":0,"nth":4,"weight":"leaf_0","activation":"leaf_1","input":"0x2ac59028f0","begin_ns":808843696360557,"packing_input_bytes":9216,"m":1,"n":128,"k":9216,"buffer_size":0,"copy_bytes":0,"total_ns":164588.000,"section_ns":[6667.000,0.000,128253.000,22751.000,0.000],"section_calls":[1,0,1,1,0]}
K1_DECODE_AUDIT {"ith":2,"nth":4,"weight":"leaf_0","activation":"leaf_1","input":"0x2ac59028f0","begin_ns":808843696386141,"packing_input_bytes":9216,"m":1,"n":128,"k":9216,"buffer_size":0,"copy_bytes":0,"total_ns":139879.000,"section_ns":[5792.000,0.000,129379.000,1833.000,0.000],"section_calls":[1,0,1,1,0]}
K1_DECODE_AUDIT {"ith":1,"nth":4,"weight":"leaf_0","activation":"leaf_1","input":"0x2ac59028f0","begin_ns":808843696360599,"packing_input_bytes":9216,"m":1,"n":128,"k":9216,"buffer_size":0,"copy_bytes":0,"total_ns":165296.000,"section_ns":[8209.000,0.000,128879.000,21626.000,0.000],"section_calls":[1,0,1,1,0]}
repack: repack tensor  with q4_0_16x32
K1_DECODE_AUDIT {"ith":0,"nth":4,"weight":"leaf_0","activation":"leaf_1","input":"0x2ac59028f0","begin_ns":808843702169547,"packing_input_bytes":30720,"m":3,"n":64,"k":2560,"buffer_size":0,"copy_bytes":0,"total_ns":48418.000,"section_ns":[13875.000,0.000,27835.000,2167.000,0.000],"section_calls":[3,0,3,1,0]}
K1_DECODE_AUDIT {"ith":2,"nth":4,"weight":"leaf_0","activation":"leaf_1","input":"0x2ac59028f0","begin_ns":808843702161921,"packing_input_bytes":0,"m":3,"n":64,"k":2560,"buffer_size":0,"copy_bytes":0,"total_ns":57169.000,"section_ns":[0.000,0.000,28876.000,23834.000,0.000],"section_calls":[0,0,3,1,0]}
K1_DECODE_AUDIT {"ith":1,"nth":4,"weight":"leaf_0","activation":"leaf_1","input":"0x2ac59028f0","begin_ns":808843702161755,"packing_input_bytes":0,"m":3,"n":64,"k":2560,"buffer_size":0,"copy_bytes":0,"total_ns":56543.000,"section_ns":[0.000,0.000,28167.000,23834.000,0.000],"section_calls":[0,0,3,1,0]}
K1_DECODE_AUDIT {"ith":3,"nth":4,"weight":"leaf_0","activation":"leaf_1","input":"0x2ac59028f0","begin_ns":808843702161880,"packing_input_bytes":0,"m":3,"n":64,"k":2560,"buffer_size":0,"copy_bytes":0,"total_ns":55710.000,"section_ns":[0.000,0.000,27417.000,24000.000,0.000],"section_calls":[0,0,3,1,0]}
repack: repack tensor  with q4_0_16x32
K1_DECODE_AUDIT {"ith":1,"nth":4,"weight":"leaf_0","activation":"leaf_1","input":"0x2ac59028f0","begin_ns":808843711427170,"packing_input_bytes":0,"m":3,"n":128,"k":2560,"buffer_size":0,"copy_bytes":0,"total_ns":77169.000,"section_ns":[0.000,0.000,54085.000,17876.000,0.000],"section_calls":[0,0,6,1,0]}
K1_DECODE_AUDIT {"ith":2,"nth":4,"weight":"leaf_0","activation":"leaf_1","input":"0x2ac59028f0","begin_ns":808843711430170,"packing_input_bytes":0,"m":3,"n":128,"k":2560,"buffer_size":0,"copy_bytes":0,"total_ns":73502.000,"section_ns":[0.000,0.000,53667.000,17126.000,0.000],"section_calls":[0,0,6,1,0]}
K1_DECODE_AUDIT {"ith":3,"nth":4,"weight":"leaf_0","activation":"leaf_1","input":"0x2ac59028f0","begin_ns":808843711445962,"packing_input_bytes":0,"m":3,"n":128,"k":2560,"buffer_size":0,"copy_bytes":0,"total_ns":57544.000,"section_ns":[0.000,0.000,53334.000,1375.000,0.000],"section_calls":[0,0,6,1,0]}
K1_DECODE_AUDIT {"ith":0,"nth":4,"weight":"leaf_0","activation":"leaf_1","input":"0x2ac59028f0","begin_ns":808843711427170,"packing_input_bytes":30720,"m":3,"n":128,"k":2560,"buffer_size":0,"copy_bytes":0,"total_ns":76294.000,"section_ns":[14958.000,0.000,53418.000,2291.000,0.000],"section_calls":[3,0,6,1,0]}
repack: repack tensor  with q4_0_16x32
K1_DECODE_AUDIT {"ith":2,"nth":4,"weight":"leaf_0","activation":"leaf_1","input":"0x2ac59028f0","begin_ns":808843722558969,"packing_input_bytes":0,"m":3,"n":64,"k":6144,"buffer_size":0,"copy_bytes":0,"total_ns":109795.000,"section_ns":[0.000,0.000,70377.000,35001.000,0.000],"section_calls":[0,0,3,1,0]}
K1_DECODE_AUDIT {"ith":0,"nth":4,"weight":"leaf_0","activation":"leaf_1","input":"0x2ac59028f0","begin_ns":808843722559053,"packing_input_bytes":73728,"m":3,"n":64,"k":6144,"buffer_size":0,"copy_bytes":0,"total_ns":111628.000,"section_ns":[32042.000,0.000,72502.000,2042.000,0.000],"section_calls":[3,0,3,1,0]}
K1_DECODE_AUDIT {"ith":1,"nth":4,"weight":"leaf_0","activation":"leaf_1","input":"0x2ac59028f0","begin_ns":808843722568428,"packing_input_bytes":0,"m":3,"n":64,"k":6144,"buffer_size":0,"copy_bytes":0,"total_ns":102211.000,"section_ns":[0.000,0.000,72377.000,27084.000,0.000],"section_calls":[0,0,3,1,0]}
K1_DECODE_AUDIT {"ith":3,"nth":4,"weight":"leaf_0","activation":"leaf_1","input":"0x2ac59028f0","begin_ns":808843722558969,"packing_input_bytes":0,"m":3,"n":64,"k":6144,"buffer_size":0,"copy_bytes":0,"total_ns":115628.000,"section_ns":[0.000,0.000,75960.000,35001.000,0.000],"section_calls":[0,0,3,1,0]}
repack: repack tensor  with q4_0_16x32
K1_DECODE_AUDIT {"ith":1,"nth":4,"weight":"leaf_0","activation":"leaf_1","input":"0x2ac59028f0","begin_ns":808843743160356,"packing_input_bytes":0,"m":3,"n":128,"k":6144,"buffer_size":0,"copy_bytes":0,"total_ns":148421.000,"section_ns":[0.000,0.000,127754.000,17375.000,0.000],"section_calls":[0,0,6,1,0]}
K1_DECODE_AUDIT {"ith":3,"nth":4,"weight":"leaf_0","activation":"leaf_1","input":"0x2ac59028f0","begin_ns":808843743139439,"packing_input_bytes":0,"m":3,"n":128,"k":6144,"buffer_size":0,"copy_bytes":0,"total_ns":171338.000,"section_ns":[0.000,0.000,129878.000,36584.000,0.000],"section_calls":[0,0,6,1,0]}
K1_DECODE_AUDIT {"ith":2,"nth":4,"weight":"leaf_0","activation":"leaf_1","input":"0x2ac59028f0","begin_ns":808843743139439,"packing_input_bytes":0,"m":3,"n":128,"k":6144,"buffer_size":0,"copy_bytes":0,"total_ns":170963.000,"section_ns":[0.000,0.000,129421.000,36542.000,0.000],"section_calls":[0,0,6,1,0]}
K1_DECODE_AUDIT {"ith":0,"nth":4,"weight":"leaf_0","activation":"leaf_1","input":"0x2ac59028f0","begin_ns":808843743140439,"packing_input_bytes":73728,"m":3,"n":128,"k":6144,"buffer_size":0,"copy_bytes":0,"total_ns":169921.000,"section_ns":[33210.000,0.000,129253.000,2334.000,0.000],"section_calls":[3,0,6,1,0]}
repack: repack tensor  with q4_0_16x32
K1_DECODE_AUDIT {"ith":2,"nth":4,"weight":"leaf_0","activation":"leaf_1","input":"0x2ac59028f0","begin_ns":808843759385917,"packing_input_bytes":0,"m":3,"n":64,"k":9216,"buffer_size":0,"copy_bytes":0,"total_ns":154546.000,"section_ns":[0.000,0.000,97670.000,51918.000,0.000],"section_calls":[0,0,3,1,0]}
K1_DECODE_AUDIT {"ith":0,"nth":4,"weight":"leaf_0","activation":"leaf_1","input":"0x2ac59028f0","begin_ns":808843759385875,"packing_input_bytes":110592,"m":3,"n":64,"k":9216,"buffer_size":0,"copy_bytes":0,"total_ns":156754.000,"section_ns":[48377.000,0.000,99669.000,2584.000,0.000],"section_calls":[3,0,3,1,0]}
K1_DECODE_AUDIT {"ith":1,"nth":4,"weight":"leaf_0","activation":"leaf_1","input":"0x2ac59028f0","begin_ns":808843759407751,"packing_input_bytes":0,"m":3,"n":64,"k":9216,"buffer_size":0,"copy_bytes":0,"total_ns":134337.000,"section_ns":[0.000,0.000,99169.000,31751.000,0.000],"section_calls":[0,0,3,1,0]}
K1_DECODE_AUDIT {"ith":3,"nth":4,"weight":"leaf_0","activation":"leaf_1","input":"0x2ac59028f0","begin_ns":808843759387250,"packing_input_bytes":0,"m":3,"n":64,"k":9216,"buffer_size":0,"copy_bytes":0,"total_ns":160129.000,"section_ns":[0.000,0.000,104253.000,52085.000,0.000],"section_calls":[0,0,3,1,0]}
repack: repack tensor  with q4_0_16x32
K1_DECODE_AUDIT {"ith":3,"nth":4,"weight":"leaf_0","activation":"leaf_1","input":"0x2ac59028f0","begin_ns":808843789619895,"packing_input_bytes":0,"m":3,"n":128,"k":9216,"buffer_size":0,"copy_bytes":0,"total_ns":275008.000,"section_ns":[0.000,0.000,217172.000,52168.000,0.000],"section_calls":[0,0,6,1,0]}
K1_DECODE_AUDIT {"ith":2,"nth":4,"weight":"leaf_0","activation":"leaf_1","input":"0x2ac59028f0","begin_ns":808843789619895,"packing_input_bytes":0,"m":3,"n":128,"k":9216,"buffer_size":0,"copy_bytes":0,"total_ns":278633.000,"section_ns":[0.000,0.000,220257.000,52294.000,0.000],"section_calls":[0,0,6,1,0]}
K1_DECODE_AUDIT {"ith":0,"nth":4,"weight":"leaf_0","activation":"leaf_1","input":"0x2ac59028f0","begin_ns":808843789622312,"packing_input_bytes":110592,"m":3,"n":128,"k":9216,"buffer_size":0,"copy_bytes":0,"total_ns":275924.000,"section_ns":[47959.000,0.000,220254.000,2459.000,0.000],"section_calls":[3,0,6,1,0]}
K1_DECODE_AUDIT {"ith":1,"nth":4,"weight":"leaf_0","activation":"leaf_1","input":"0x2ac59028f0","begin_ns":808843789645854,"packing_input_bytes":0,"m":3,"n":128,"k":9216,"buffer_size":0,"copy_bytes":0,"total_ns":252507.000,"section_ns":[0.000,0.000,220673.000,28084.000,0.000],"section_calls":[0,0,6,1,0]}
repack: repack tensor  with q4_0_16x32
K1_DECODE_AUDIT {"ith":3,"nth":4,"weight":"leaf_0","activation":"leaf_1","input":"0x3f623ad1b0","begin_ns":808843796746712,"packing_input_bytes":81920,"m":32,"n":64,"k":2560,"buffer_size":0,"copy_bytes":0,"total_ns":237048.000,"section_ns":[81710.000,0.000,114128.000,35043.000,0.000],"section_calls":[2,0,8,1,0]}
K1_DECODE_AUDIT {"ith":1,"nth":4,"weight":"leaf_0","activation":"leaf_1","input":"0x3f623ad1b0","begin_ns":808843796746670,"packing_input_bytes":81920,"m":32,"n":64,"k":2560,"buffer_size":0,"copy_bytes":0,"total_ns":242757.000,"section_ns":[80710.000,0.000,119420.000,36085.000,0.000],"section_calls":[2,0,8,1,0]}
K1_DECODE_AUDIT {"ith":0,"nth":4,"weight":"leaf_0","activation":"leaf_1","input":"0x3f623ad1b0","begin_ns":808843796765921,"packing_input_bytes":81920,"m":32,"n":64,"k":2560,"buffer_size":0,"copy_bytes":0,"total_ns":223756.000,"section_ns":[80085.000,0.000,119755.000,18417.000,0.000],"section_calls":[2,0,8,1,0]}
K1_DECODE_AUDIT {"ith":2,"nth":4,"weight":"leaf_0","activation":"leaf_1","input":"0x3f623ad1b0","begin_ns":808843796781796,"packing_input_bytes":81920,"m":32,"n":64,"k":2560,"buffer_size":0,"copy_bytes":0,"total_ns":213631.000,"section_ns":[80336.000,0.000,125544.000,2708.000,0.000],"section_calls":[2,0,8,1,0]}
repack: repack tensor  with q4_0_16x32
K1_DECODE_AUDIT {"ith":0,"nth":4,"weight":"leaf_0","activation":"leaf_1","input":"0x3f623ab1b0","begin_ns":808843807844885,"packing_input_bytes":81920,"m":32,"n":128,"k":2560,"buffer_size":0,"copy_bytes":0,"total_ns":382552.000,"section_ns":[83835.000,0.000,279257.000,13000.000,0.000],"section_calls":[2,0,16,1,0]}
K1_DECODE_AUDIT {"ith":1,"nth":4,"weight":"leaf_0","activation":"leaf_1","input":"0x3f623ab1b0","begin_ns":808843807857885,"packing_input_bytes":81920,"m":32,"n":128,"k":2560,"buffer_size":0,"copy_bytes":0,"total_ns":369802.000,"section_ns":[80086.000,0.000,279882.000,2542.000,0.000],"section_calls":[2,0,16,1,0]}
K1_DECODE_AUDIT {"ith":3,"nth":4,"weight":"leaf_0","activation":"leaf_1","input":"0x3f623ab1b0","begin_ns":808843807844927,"packing_input_bytes":81920,"m":32,"n":128,"k":2560,"buffer_size":0,"copy_bytes":0,"total_ns":388218.000,"section_ns":[85502.000,0.000,284676.000,11459.000,0.000],"section_calls":[2,0,16,1,0]}
K1_DECODE_AUDIT {"ith":2,"nth":4,"weight":"leaf_0","activation":"leaf_1","input":"0x3f623ab1b0","begin_ns":808843807844885,"packing_input_bytes":81920,"m":32,"n":128,"k":2560,"buffer_size":0,"copy_bytes":0,"total_ns":388594.000,"section_ns":[83544.000,0.000,285425.000,12917.000,0.000],"section_calls":[2,0,16,1,0]}
repack: repack tensor  with q4_0_16x32
K1_DECODE_AUDIT {"ith":3,"nth":4,"weight":"leaf_0","activation":"leaf_1","input":"0x3f6233d1b0","begin_ns":808843822463986,"packing_input_bytes":196608,"m":32,"n":64,"k":6144,"buffer_size":0,"copy_bytes":0,"total_ns":516139.000,"section_ns":[231048.000,0.000,263173.000,15126.000,0.000],"section_calls":[2,0,8,1,0]}
K1_DECODE_AUDIT {"ith":2,"nth":4,"weight":"leaf_0","activation":"leaf_1","input":"0x3f6233d1b0","begin_ns":808843822463944,"packing_input_bytes":196608,"m":32,"n":64,"k":6144,"buffer_size":0,"copy_bytes":0,"total_ns":521639.000,"section_ns":[232423.000,0.000,268383.000,13584.000,0.000],"section_calls":[2,0,8,1,0]}
K1_DECODE_AUDIT {"ith":0,"nth":4,"weight":"leaf_0","activation":"leaf_1","input":"0x3f6233d1b0","begin_ns":808843822464027,"packing_input_bytes":196608,"m":32,"n":64,"k":6144,"buffer_size":0,"copy_bytes":0,"total_ns":520264.000,"section_ns":[233299.000,0.000,267425.000,12500.000,0.000],"section_calls":[2,0,8,1,0]}
K1_DECODE_AUDIT {"ith":1,"nth":4,"weight":"leaf_0","activation":"leaf_1","input":"0x3f6233d1b0","begin_ns":808843822477320,"packing_input_bytes":196608,"m":32,"n":64,"k":6144,"buffer_size":0,"copy_bytes":0,"total_ns":538806.000,"section_ns":[229423.000,0.000,298051.000,2750.000,0.000],"section_calls":[2,0,8,1,0]}
repack: repack tensor  with q4_0_16x32
K1_DECODE_AUDIT {"ith":2,"nth":4,"weight":"leaf_0","activation":"leaf_1","input":"0x3f6233b1b0","begin_ns":808843846913559,"packing_input_bytes":196608,"m":32,"n":128,"k":6144,"buffer_size":0,"copy_bytes":0,"total_ns":756104.000,"section_ns":[221755.000,0.000,498011.000,30125.000,0.000],"section_calls":[2,0,16,1,0]}
K1_DECODE_AUDIT {"ith":0,"nth":4,"weight":"leaf_0","activation":"leaf_1","input":"0x3f6233b1b0","begin_ns":808843846909017,"packing_input_bytes":196608,"m":32,"n":128,"k":6144,"buffer_size":0,"copy_bytes":0,"total_ns":774688.000,"section_ns":[223381.000,0.000,512097.000,29960.000,0.000],"section_calls":[2,0,16,1,0]}
K1_DECODE_AUDIT {"ith":1,"nth":4,"weight":"leaf_0","activation":"leaf_1","input":"0x3f6233b1b0","begin_ns":808843846908934,"packing_input_bytes":196608,"m":32,"n":128,"k":6144,"buffer_size":0,"copy_bytes":0,"total_ns":796146.000,"section_ns":[229797.000,0.000,533805.000,24125.000,0.000],"section_calls":[2,0,16,1,0]}
K1_DECODE_AUDIT {"ith":3,"nth":4,"weight":"leaf_0","activation":"leaf_1","input":"0x3f6233b1b0","begin_ns":808843846933560,"packing_input_bytes":196608,"m":32,"n":128,"k":6144,"buffer_size":0,"copy_bytes":0,"total_ns":773145.000,"section_ns":[226839.000,0.000,535764.000,2875.000,0.000],"section_calls":[2,0,16,1,0]}
repack: repack tensor  with q4_0_16x32
K1_DECODE_AUDIT {"ith":1,"nth":4,"weight":"leaf_0","activation":"leaf_1","input":"0x3f5b6dd1b0","begin_ns":808843868486930,"packing_input_bytes":294912,"m":32,"n":64,"k":9216,"buffer_size":0,"copy_bytes":0,"total_ns":755020.000,"section_ns":[362884.000,0.000,380302.000,3167.000,0.000],"section_calls":[2,0,8,1,0]}
K1_DECODE_AUDIT {"ith":3,"nth":4,"weight":"leaf_0","activation":"leaf_1","input":"0x3f5b6dd1b0","begin_ns":808843868467888,"packing_input_bytes":294912,"m":32,"n":64,"k":9216,"buffer_size":0,"copy_bytes":0,"total_ns":771937.000,"section_ns":[366760.000,0.000,377136.000,21376.000,0.000],"section_calls":[2,0,8,1,0]}
K1_DECODE_AUDIT {"ith":2,"nth":4,"weight":"leaf_0","activation":"leaf_1","input":"0x3f5b6dd1b0","begin_ns":808843868462263,"packing_input_bytes":294912,"m":32,"n":64,"k":9216,"buffer_size":0,"copy_bytes":0,"total_ns":791354.000,"section_ns":[359385.000,0.000,391844.000,32376.000,0.000],"section_calls":[2,0,8,1,0]}
K1_DECODE_AUDIT {"ith":0,"nth":4,"weight":"leaf_0","activation":"leaf_1","input":"0x3f5b6dd1b0","begin_ns":808843868462388,"packing_input_bytes":294912,"m":32,"n":64,"k":9216,"buffer_size":0,"copy_bytes":0,"total_ns":805230.000,"section_ns":[367594.000,0.000,405594.000,23334.000,0.000],"section_calls":[2,0,8,1,0]}
repack: repack tensor  with q4_0_16x32
K1_DECODE_AUDIT {"ith":1,"nth":4,"weight":"leaf_0","activation":"leaf_1","input":"0x3f5b6db1b0","begin_ns":808843905621261,"packing_input_bytes":294912,"m":32,"n":128,"k":9216,"buffer_size":0,"copy_bytes":0,"total_ns":1123822.000,"section_ns":[350676.000,0.000,724645.000,40127.000,0.000],"section_calls":[2,0,16,1,0]}
K1_DECODE_AUDIT {"ith":0,"nth":4,"weight":"leaf_0","activation":"leaf_1","input":"0x3f5b6db1b0","begin_ns":808843905622719,"packing_input_bytes":294912,"m":32,"n":128,"k":9216,"buffer_size":0,"copy_bytes":0,"total_ns":1125864.000,"section_ns":[351384.000,0.000,727103.000,39002.000,0.000],"section_calls":[2,0,16,1,0]}
K1_DECODE_AUDIT {"ith":3,"nth":4,"weight":"leaf_0","activation":"leaf_1","input":"0x3f5b6db1b0","begin_ns":808843905621219,"packing_input_bytes":294912,"m":32,"n":128,"k":9216,"buffer_size":0,"copy_bytes":0,"total_ns":1151948.000,"section_ns":[350301.000,0.000,752440.000,40168.000,0.000],"section_calls":[2,0,16,1,0]}
K1_DECODE_AUDIT {"ith":2,"nth":4,"weight":"leaf_0","activation":"leaf_1","input":"0x3f5b6db1b0","begin_ns":808843905655053,"packing_input_bytes":294912,"m":32,"n":128,"k":9216,"buffer_size":0,"copy_bytes":0,"total_ns":1138448.000,"section_ns":[350301.000,0.000,772727.000,3708.000,0.000],"section_calls":[2,0,16,1,0]}
repack: repack tensor  with q8_0_16x32
repack: repack tensor  with q8_0_16x32
PASS: 104 production graph cases; input/output/scratch guards
