[1/307] Building CXX object ggml/src/CMakeFiles/ggml-base.dir/ggml.cpp.o
[2/307] Building C object ggml/src/CMakeFiles/ggml-base.dir/ggml-alloc.c.o
[3/307] Building CXX object ggml/src/CMakeFiles/ggml-base.dir/ggml-backend.cpp.o
[4/307] Building CXX object ggml/src/CMakeFiles/ggml-base.dir/ggml-threading.cpp.o
[5/307] Building CXX object ggml/src/CMakeFiles/ggml-base.dir/ggml-opt.cpp.o
[6/307] Building C object ggml/src/CMakeFiles/ggml-base.dir/ggml.c.o
[7/307] Building CXX object ggml/src/CMakeFiles/ggml.dir/ggml-backend-dl.cpp.o
[8/307] Building CXX object ggml/src/CMakeFiles/ggml.dir/ggml-backend-reg.cpp.o
[9/307] Building CXX object ggml/src/CMakeFiles/ggml-base.dir/gguf.cpp.o
[10/307] Building CXX object ggml/src/CMakeFiles/ggml-base.dir/ggml-backend-meta.cpp.o
[11/307] Building C object ggml/src/CMakeFiles/ggml-cpu.dir/ggml-cpu/ggml-cpu.c.o
In file included from /home/moyamryia/Projects/riscv-accl-bench-2026-09-27/k1-layout-20260930-153134/source/ggml/src/ggml-cpu/common.h:7,
                 from /home/moyamryia/Projects/riscv-accl-bench-2026-09-27/k1-layout-20260930-153134/source/ggml/src/ggml-cpu/unary-ops.h:3,
                 from /home/moyamryia/Projects/riscv-accl-bench-2026-09-27/k1-layout-20260930-153134/source/ggml/src/ggml-cpu/ggml-cpu.c:11:
/home/moyamryia/Projects/riscv-accl-bench-2026-09-27/k1-layout-20260930-153134/source/ggml/src/ggml-cpu/simd-mappings.h: In function ‘riscv_compute_fp16_to_fp32’:
/home/moyamryia/Projects/riscv-accl-bench-2026-09-27/k1-layout-20260930-153134/source/ggml/src/ggml-cpu/simd-mappings.h:97:9: warning: ISO C does not support the ‘_Float16’ type before C23 [-Wpedantic]
   97 |         _Float16 hf;
      |         ^~~~~~~~
/home/moyamryia/Projects/riscv-accl-bench-2026-09-27/k1-layout-20260930-153134/source/ggml/src/ggml-cpu/simd-mappings.h: In function ‘riscv_compute_fp32_to_fp16’:
/home/moyamryia/Projects/riscv-accl-bench-2026-09-27/k1-layout-20260930-153134/source/ggml/src/ggml-cpu/simd-mappings.h:104:9: warning: ISO C does not support the ‘_Float16’ type before C23 [-Wpedantic]
  104 |         _Float16 hf = (_Float16)f;
      |         ^~~~~~~~
/home/moyamryia/Projects/riscv-accl-bench-2026-09-27/k1-layout-20260930-153134/source/ggml/src/ggml-cpu/simd-mappings.h:104:24: warning: ISO C does not support the ‘_Float16’ type before C23 [-Wpedantic]
  104 |         _Float16 hf = (_Float16)f;
      |                        ^~~~~~~~
In file included from /home/moyamryia/Projects/riscv-accl-bench-2026-09-27/k1-layout-20260930-153134/source/ggml/src/ggml-cpu/ggml-cpu.c:13:
/home/moyamryia/Projects/riscv-accl-bench-2026-09-27/k1-layout-20260930-153134/source/ggml/src/ggml-cpu/vec.h: In function ‘ggml_vec_dot_f16_unroll’:
/home/moyamryia/Projects/riscv-accl-bench-2026-09-27/k1-layout-20260930-153134/source/ggml/src/ggml-cpu/vec.h:227:65: warning: ISO C does not support the ‘_Float16’ type before C23 [-Wpedantic]
  227 |                 vfloat16m2_t ay0 = __riscv_vle16_v_f16m2((const _Float16 *)(y + i), epr);
      |                                                                 ^~~~~~~~
/home/moyamryia/Projects/riscv-accl-bench-2026-09-27/k1-layout-20260930-153134/source/ggml/src/ggml-cpu/vec.h:228:67: warning: ISO C does not support the ‘_Float16’ type before C23 [-Wpedantic]
  228 |                 vfloat16m2_t ax0_0 = __riscv_vle16_v_f16m2((const _Float16 *)(x[0] + i), epr);
      |                                                                   ^~~~~~~~
/home/moyamryia/Projects/riscv-accl-bench-2026-09-27/k1-layout-20260930-153134/source/ggml/src/ggml-cpu/vec.h:229:67: warning: ISO C does not support the ‘_Float16’ type before C23 [-Wpedantic]
  229 |                 vfloat16m2_t ax1_0 = __riscv_vle16_v_f16m2((const _Float16 *)(x[1] + i), epr);
      |                                                                   ^~~~~~~~
/home/moyamryia/Projects/riscv-accl-bench-2026-09-27/k1-layout-20260930-153134/source/ggml/src/ggml-cpu/vec.h:233:65: warning: ISO C does not support the ‘_Float16’ type before C23 [-Wpedantic]
  233 |                 vfloat16m2_t ay1 = __riscv_vle16_v_f16m2((const _Float16 *)(y + i + epr), epr);
      |                                                                 ^~~~~~~~
/home/moyamryia/Projects/riscv-accl-bench-2026-09-27/k1-layout-20260930-153134/source/ggml/src/ggml-cpu/vec.h:234:67: warning: ISO C does not support the ‘_Float16’ type before C23 [-Wpedantic]
  234 |                 vfloat16m2_t ax0_1 = __riscv_vle16_v_f16m2((const _Float16 *)(x[0] + i + epr), epr);
      |                                                                   ^~~~~~~~
/home/moyamryia/Projects/riscv-accl-bench-2026-09-27/k1-layout-20260930-153134/source/ggml/src/ggml-cpu/vec.h:235:67: warning: ISO C does not support the ‘_Float16’ type before C23 [-Wpedantic]
  235 |                 vfloat16m2_t ax1_1 = __riscv_vle16_v_f16m2((const _Float16 *)(x[1] + i + epr), epr);
      |                                                                   ^~~~~~~~
/home/moyamryia/Projects/riscv-accl-bench-2026-09-27/k1-layout-20260930-153134/source/ggml/src/ggml-cpu/vec.h:246:64: warning: ISO C does not support the ‘_Float16’ type before C23 [-Wpedantic]
  246 |                 vfloat16m2_t ay = __riscv_vle16_v_f16m2((const _Float16 *)(y + i), vl);
      |                                                                ^~~~~~~~
/home/moyamryia/Projects/riscv-accl-bench-2026-09-27/k1-layout-20260930-153134/source/ggml/src/ggml-cpu/vec.h:247:65: warning: ISO C does not support the ‘_Float16’ type before C23 [-Wpedantic]
  247 |                 vfloat16m2_t ax0 = __riscv_vle16_v_f16m2((const _Float16 *)(x[0] + i), vl);
      |                                                                 ^~~~~~~~
/home/moyamryia/Projects/riscv-accl-bench-2026-09-27/k1-layout-20260930-153134/source/ggml/src/ggml-cpu/vec.h:248:65: warning: ISO C does not support the ‘_Float16’ type before C23 [-Wpedantic]
  248 |                 vfloat16m2_t ax1 = __riscv_vle16_v_f16m2((const _Float16 *)(x[1] + i), vl);
      |                                                                 ^~~~~~~~
/home/moyamryia/Projects/riscv-accl-bench-2026-09-27/k1-layout-20260930-153134/source/ggml/src/ggml-cpu/vec.h: In function ‘ggml_vec_mad_f16’:
/home/moyamryia/Projects/riscv-accl-bench-2026-09-27/k1-layout-20260930-153134/source/ggml/src/ggml-cpu/vec.h:520:15: warning: ISO C does not support the ‘_Float16’ type before C23 [-Wpedantic]
  520 |         const _Float16 scale = *(const _Float16*)(&s);
      |               ^~~~~~~~
/home/moyamryia/Projects/riscv-accl-bench-2026-09-27/k1-layout-20260930-153134/source/ggml/src/ggml-cpu/vec.h:520:40: warning: ISO C does not support the ‘_Float16’ type before C23 [-Wpedantic]
  520 |         const _Float16 scale = *(const _Float16*)(&s);
      |                                        ^~~~~~~~
/home/moyamryia/Projects/riscv-accl-bench-2026-09-27/k1-layout-20260930-153134/source/ggml/src/ggml-cpu/vec.h:520:33: warning: dereferencing type-punned pointer will break strict-aliasing rules [-Wstrict-aliasing]
  520 |         const _Float16 scale = *(const _Float16*)(&s);
      |                                 ^~~~~~~~~~~~~~~~~~~~~
/home/moyamryia/Projects/riscv-accl-bench-2026-09-27/k1-layout-20260930-153134/source/ggml/src/ggml-cpu/vec.h:529:61: warning: ISO C does not support the ‘_Float16’ type before C23 [-Wpedantic]
  529 |             vfloat16m4_t ax0 = __riscv_vle16_v_f16m4((const _Float16*)x + i, epr);
      |                                                             ^~~~~~~~
/home/moyamryia/Projects/riscv-accl-bench-2026-09-27/k1-layout-20260930-153134/source/ggml/src/ggml-cpu/vec.h:530:61: warning: ISO C does not support the ‘_Float16’ type before C23 [-Wpedantic]
  530 |             vfloat16m4_t ay0 = __riscv_vle16_v_f16m4((const _Float16*)y + i, epr);
      |                                                             ^~~~~~~~
/home/moyamryia/Projects/riscv-accl-bench-2026-09-27/k1-layout-20260930-153134/source/ggml/src/ggml-cpu/vec.h:532:36: warning: ISO C does not support the ‘_Float16’ type before C23 [-Wpedantic]
  532 |             __riscv_vse16_v_f16m4((_Float16*)y + i, ay0, epr);
      |                                    ^~~~~~~~
/home/moyamryia/Projects/riscv-accl-bench-2026-09-27/k1-layout-20260930-153134/source/ggml/src/ggml-cpu/vec.h:535:61: warning: ISO C does not support the ‘_Float16’ type before C23 [-Wpedantic]
  535 |             vfloat16m4_t ax1 = __riscv_vle16_v_f16m4((const _Float16*)x + i + epr, epr);
      |                                                             ^~~~~~~~
/home/moyamryia/Projects/riscv-accl-bench-2026-09-27/k1-layout-20260930-153134/source/ggml/src/ggml-cpu/vec.h:536:61: warning: ISO C does not support the ‘_Float16’ type before C23 [-Wpedantic]
  536 |             vfloat16m4_t ay1 = __riscv_vle16_v_f16m4((const _Float16*)y + i + epr, epr);
      |                                                             ^~~~~~~~
/home/moyamryia/Projects/riscv-accl-bench-2026-09-27/k1-layout-20260930-153134/source/ggml/src/ggml-cpu/vec.h:538:36: warning: ISO C does not support the ‘_Float16’ type before C23 [-Wpedantic]
  538 |             __riscv_vse16_v_f16m4((_Float16*)y + i + epr, ay1, epr);
      |                                    ^~~~~~~~
/home/moyamryia/Projects/riscv-accl-bench-2026-09-27/k1-layout-20260930-153134/source/ggml/src/ggml-cpu/vec.h:546:61: warning: ISO C does not support the ‘_Float16’ type before C23 [-Wpedantic]
  546 |             vfloat16m4_t ax0 = __riscv_vle16_v_f16m4((const _Float16*)x + i, vl);
      |                                                             ^~~~~~~~
/home/moyamryia/Projects/riscv-accl-bench-2026-09-27/k1-layout-20260930-153134/source/ggml/src/ggml-cpu/vec.h:547:61: warning: ISO C does not support the ‘_Float16’ type before C23 [-Wpedantic]
  547 |             vfloat16m4_t ay0 = __riscv_vle16_v_f16m4((const _Float16*)y + i, vl);
      |                                                             ^~~~~~~~
/home/moyamryia/Projects/riscv-accl-bench-2026-09-27/k1-layout-20260930-153134/source/ggml/src/ggml-cpu/vec.h:549:36: warning: ISO C does not support the ‘_Float16’ type before C23 [-Wpedantic]
  549 |             __riscv_vse16_v_f16m4((_Float16*)y + i, ay0, vl);
      |                                    ^~~~~~~~
/home/moyamryia/Projects/riscv-accl-bench-2026-09-27/k1-layout-20260930-153134/source/ggml/src/ggml-cpu/vec.h: In function ‘ggml_vec_scale_f16’:
/home/moyamryia/Projects/riscv-accl-bench-2026-09-27/k1-layout-20260930-153134/source/ggml/src/ggml-cpu/vec.h:800:15: warning: ISO C does not support the ‘_Float16’ type before C23 [-Wpedantic]
  800 |         const _Float16 scale = *(const _Float16*)(&s);
      |               ^~~~~~~~
/home/moyamryia/Projects/riscv-accl-bench-2026-09-27/k1-layout-20260930-153134/source/ggml/src/ggml-cpu/vec.h:800:40: warning: ISO C does not support the ‘_Float16’ type before C23 [-Wpedantic]
  800 |         const _Float16 scale = *(const _Float16*)(&s);
      |                                        ^~~~~~~~
/home/moyamryia/Projects/riscv-accl-bench-2026-09-27/k1-layout-20260930-153134/source/ggml/src/ggml-cpu/vec.h:800:33: warning: dereferencing type-punned pointer will break strict-aliasing rules [-Wstrict-aliasing]
  800 |         const _Float16 scale = *(const _Float16*)(&s);
      |                                 ^~~~~~~~~~~~~~~~~~~~~
/home/moyamryia/Projects/riscv-accl-bench-2026-09-27/k1-layout-20260930-153134/source/ggml/src/ggml-cpu/vec.h:809:61: warning: ISO C does not support the ‘_Float16’ type before C23 [-Wpedantic]
  809 |             vfloat16m4_t ay0 = __riscv_vle16_v_f16m4((const _Float16*)y + i, epr);
      |                                                             ^~~~~~~~
/home/moyamryia/Projects/riscv-accl-bench-2026-09-27/k1-layout-20260930-153134/source/ggml/src/ggml-cpu/vec.h:811:36: warning: ISO C does not support the ‘_Float16’ type before C23 [-Wpedantic]
  811 |             __riscv_vse16_v_f16m4((_Float16*)y + i, ay0, epr);
      |                                    ^~~~~~~~
/home/moyamryia/Projects/riscv-accl-bench-2026-09-27/k1-layout-20260930-153134/source/ggml/src/ggml-cpu/vec.h:814:61: warning: ISO C does not support the ‘_Float16’ type before C23 [-Wpedantic]
  814 |             vfloat16m4_t ay1 = __riscv_vle16_v_f16m4((const _Float16*)y + i + epr, epr);
      |                                                             ^~~~~~~~
/home/moyamryia/Projects/riscv-accl-bench-2026-09-27/k1-layout-20260930-153134/source/ggml/src/ggml-cpu/vec.h:816:36: warning: ISO C does not support the ‘_Float16’ type before C23 [-Wpedantic]
  816 |             __riscv_vse16_v_f16m4((_Float16*)y + i + epr, ay1, epr);
      |                                    ^~~~~~~~
/home/moyamryia/Projects/riscv-accl-bench-2026-09-27/k1-layout-20260930-153134/source/ggml/src/ggml-cpu/vec.h:824:61: warning: ISO C does not support the ‘_Float16’ type before C23 [-Wpedantic]
  824 |             vfloat16m4_t ay0 = __riscv_vle16_v_f16m4((const _Float16*)y + i, vl);
      |                                                             ^~~~~~~~
/home/moyamryia/Projects/riscv-accl-bench-2026-09-27/k1-layout-20260930-153134/source/ggml/src/ggml-cpu/vec.h:826:36: warning: ISO C does not support the ‘_Float16’ type before C23 [-Wpedantic]
  826 |             __riscv_vse16_v_f16m4((_Float16*)y + i, ay0, vl);
      |                                    ^~~~~~~~
/home/moyamryia/Projects/riscv-accl-bench-2026-09-27/k1-layout-20260930-153134/source/ggml/src/ggml-cpu/ggml-cpu.c: In function ‘ggml_barrier’:
/home/moyamryia/Projects/riscv-accl-bench-2026-09-27/k1-layout-20260930-153134/source/ggml/src/ggml-cpu/ggml-cpu.c:582:44: warning: unused parameter ‘tp’ [-Wunused-parameter]
  582 | void ggml_barrier(struct ggml_threadpool * tp) {
      |                   ~~~~~~~~~~~~~~~~~~~~~~~~~^~
/home/moyamryia/Projects/riscv-accl-bench-2026-09-27/k1-layout-20260930-153134/source/ggml/src/ggml-cpu/ggml-cpu.c: In function ‘ggml_cpu_fp32_to_fp16’:
/home/moyamryia/Projects/riscv-accl-bench-2026-09-27/k1-layout-20260930-153134/source/ggml/src/ggml-cpu/ggml-cpu.c:3581:32: warning: ISO C does not support the ‘_Float16’ type before C23 [-Wpedantic]
 3581 |         __riscv_vse16_v_f16m1((_Float16 *)&y[i], vy, vl);
      |                                ^~~~~~~~
[12/307] Building CXX object ggml/src/CMakeFiles/ggml-cpu.dir/ggml-cpu/hbm.cpp.o
[13/307] Building CXX object ggml/src/CMakeFiles/ggml-cpu.dir/ggml-cpu/ggml-cpu.cpp.o
[14/307] Building CXX object ggml/src/CMakeFiles/ggml-cpu.dir/ggml-cpu/traits.cpp.o
[15/307] Building C object ggml/src/CMakeFiles/ggml-base.dir/ggml-quants.c.o
[16/307] Linking CXX shared library bin/libggml-base.so.0.16.0
[17/307] Building C object ggml/src/CMakeFiles/ggml-cpu.dir/ggml-cpu/quants.c.o
In file included from /home/moyamryia/Projects/riscv-accl-bench-2026-09-27/k1-layout-20260930-153134/source/ggml/src/ggml-cpu/quants.c:5:
/home/moyamryia/Projects/riscv-accl-bench-2026-09-27/k1-layout-20260930-153134/source/ggml/src/ggml-cpu/simd-mappings.h: In function ‘riscv_compute_fp16_to_fp32’:
/home/moyamryia/Projects/riscv-accl-bench-2026-09-27/k1-layout-20260930-153134/source/ggml/src/ggml-cpu/simd-mappings.h:97:9: warning: ISO C does not support the ‘_Float16’ type before C23 [-Wpedantic]
   97 |         _Float16 hf;
      |         ^~~~~~~~
/home/moyamryia/Projects/riscv-accl-bench-2026-09-27/k1-layout-20260930-153134/source/ggml/src/ggml-cpu/simd-mappings.h: In function ‘riscv_compute_fp32_to_fp16’:
/home/moyamryia/Projects/riscv-accl-bench-2026-09-27/k1-layout-20260930-153134/source/ggml/src/ggml-cpu/simd-mappings.h:104:9: warning: ISO C does not support the ‘_Float16’ type before C23 [-Wpedantic]
  104 |         _Float16 hf = (_Float16)f;
      |         ^~~~~~~~
/home/moyamryia/Projects/riscv-accl-bench-2026-09-27/k1-layout-20260930-153134/source/ggml/src/ggml-cpu/simd-mappings.h:104:24: warning: ISO C does not support the ‘_Float16’ type before C23 [-Wpedantic]
  104 |         _Float16 hf = (_Float16)f;
      |                        ^~~~~~~~
[18/307] Creating library symlink bin/libggml-base.so.0 bin/libggml-base.so
[19/307] Building CXX object ggml/src/CMakeFiles/ggml-cpu.dir/ggml-cpu/amx/amx.cpp.o
[20/307] Building CXX object ggml/src/CMakeFiles/ggml-cpu.dir/ggml-cpu/amx/mmq.cpp.o
[21/307] Building CXX object ggml/src/CMakeFiles/ggml-cpu.dir/ggml-cpu/vec.cpp.o
In file included from /home/moyamryia/Projects/riscv-accl-bench-2026-09-27/k1-layout-20260930-153134/source/ggml/src/ggml-cpu/vec.cpp:1:
/home/moyamryia/Projects/riscv-accl-bench-2026-09-27/k1-layout-20260930-153134/source/ggml/src/ggml-cpu/vec.h: In function ‘void ggml_vec_mad_f16(int, ggml_fp16_t*, const ggml_fp16_t*, float)’:
/home/moyamryia/Projects/riscv-accl-bench-2026-09-27/k1-layout-20260930-153134/source/ggml/src/ggml-cpu/vec.h:520:33: warning: dereferencing type-punned pointer will break strict-aliasing rules [-Wstrict-aliasing]
  520 |         const _Float16 scale = *(const _Float16*)(&s);
      |                                 ^~~~~~~~~~~~~~~~~~~~~
/home/moyamryia/Projects/riscv-accl-bench-2026-09-27/k1-layout-20260930-153134/source/ggml/src/ggml-cpu/vec.h: In function ‘void ggml_vec_scale_f16(int, ggml_fp16_t*, float)’:
/home/moyamryia/Projects/riscv-accl-bench-2026-09-27/k1-layout-20260930-153134/source/ggml/src/ggml-cpu/vec.h:800:33: warning: dereferencing type-punned pointer will break strict-aliasing rules [-Wstrict-aliasing]
  800 |         const _Float16 scale = *(const _Float16*)(&s);
      |                                 ^~~~~~~~~~~~~~~~~~~~~
/home/moyamryia/Projects/riscv-accl-bench-2026-09-27/k1-layout-20260930-153134/source/ggml/src/ggml-cpu/vec.cpp: In function ‘void ggml_vec_dot_f32(int, float*, size_t, const float*, size_t, const float*, size_t, int)’:
/home/moyamryia/Projects/riscv-accl-bench-2026-09-27/k1-layout-20260930-153134/source/ggml/src/ggml-cpu/vec.cpp:93:41: warning: ‘vsum’ is used uninitialized [-Wuninitialized]
   93 |         vsum = __riscv_vfmv_v_f_f32m8_tu(vsum, 0.0f, vl);
      |                ~~~~~~~~~~~~~~~~~~~~~~~~~^~~~~~~~~~~~~~~~
/home/moyamryia/Projects/riscv-accl-bench-2026-09-27/k1-layout-20260930-153134/source/ggml/src/ggml-cpu/vec.cpp:90:22: note: ‘vsum’ was declared here
   90 |         vfloat32m8_t vsum;
      |                      ^~~~
/home/moyamryia/Projects/riscv-accl-bench-2026-09-27/k1-layout-20260930-153134/source/ggml/src/ggml-cpu/vec.cpp:96:42: warning: ‘ax’ may be used uninitialized [-Wmaybe-uninitialized]
   96 |             ax = __riscv_vle32_v_f32m8_tu(ax, &x[i], vl);
      |                  ~~~~~~~~~~~~~~~~~~~~~~~~^~~~~~~~~~~~~~~
/home/moyamryia/Projects/riscv-accl-bench-2026-09-27/k1-layout-20260930-153134/source/ggml/src/ggml-cpu/vec.cpp:91:22: note: ‘ax’ was declared here
   91 |         vfloat32m8_t ax;
      |                      ^~
/home/moyamryia/Projects/riscv-accl-bench-2026-09-27/k1-layout-20260930-153134/source/ggml/src/ggml-cpu/vec.cpp:97:42: warning: ‘ay’ may be used uninitialized [-Wmaybe-uninitialized]
   97 |             ay = __riscv_vle32_v_f32m8_tu(ay, &y[i], vl);
      |                  ~~~~~~~~~~~~~~~~~~~~~~~~^~~~~~~~~~~~~~~
/home/moyamryia/Projects/riscv-accl-bench-2026-09-27/k1-layout-20260930-153134/source/ggml/src/ggml-cpu/vec.cpp:92:22: note: ‘ay’ was declared here
   92 |         vfloat32m8_t ay;
      |                      ^~
/home/moyamryia/Projects/riscv-accl-bench-2026-09-27/k1-layout-20260930-153134/source/ggml/src/ggml-cpu/vec.cpp: In function ‘void ggml_vec_dot_f16(int, float*, size_t, ggml_fp16_t*, size_t, ggml_fp16_t*, size_t, int)’:
/home/moyamryia/Projects/riscv-accl-bench-2026-09-27/k1-layout-20260930-153134/source/ggml/src/ggml-cpu/vec.cpp:331:46: warning: ‘ax’ may be used uninitialized [-Wmaybe-uninitialized]
  331 |                 ax = __riscv_vle16_v_f16m1_tu(ax, (const _Float16 *)&x[i], vl);
      |                      ~~~~~~~~~~~~~~~~~~~~~~~~^~~~~~~~~~~~~~~~~~~~~~~~~~~~~~~~~
/home/moyamryia/Projects/riscv-accl-bench-2026-09-27/k1-layout-20260930-153134/source/ggml/src/ggml-cpu/vec.cpp:326:26: note: ‘ax’ was declared here
  326 |             vfloat16m1_t ax;
      |                          ^~
/home/moyamryia/Projects/riscv-accl-bench-2026-09-27/k1-layout-20260930-153134/source/ggml/src/ggml-cpu/vec.cpp:332:46: warning: ‘ay’ may be used uninitialized [-Wmaybe-uninitialized]
  332 |                 ay = __riscv_vle16_v_f16m1_tu(ay, (const _Float16 *)&y[i], vl);
      |                      ~~~~~~~~~~~~~~~~~~~~~~~~^~~~~~~~~~~~~~~~~~~~~~~~~~~~~~~~~
/home/moyamryia/Projects/riscv-accl-bench-2026-09-27/k1-layout-20260930-153134/source/ggml/src/ggml-cpu/vec.cpp:327:26: note: ‘ay’ was declared here
  327 |             vfloat16m1_t ay;
      |                          ^~
[22/307] Building CXX object ggml/src/CMakeFiles/ggml-cpu.dir/ggml-cpu/binary-ops.cpp.o
[23/307] Building CXX object ggml/src/CMakeFiles/ggml-cpu.dir/ggml-cpu/unary-ops.cpp.o
[24/307] Building CXX object ggml/src/CMakeFiles/ggml-cpu.dir/ggml-cpu/llamafile/sgemm.cpp.o
[25/307] Building C object ggml/src/CMakeFiles/ggml-cpu.dir/ggml-cpu/arch/riscv/quants.c.o
In file included from /home/moyamryia/Projects/riscv-accl-bench-2026-09-27/k1-layout-20260930-153134/source/ggml/src/ggml-cpu/arch/riscv/quants.c:6:
/home/moyamryia/Projects/riscv-accl-bench-2026-09-27/k1-layout-20260930-153134/source/ggml/src/ggml-cpu/simd-mappings.h: In function ‘riscv_compute_fp16_to_fp32’:
/home/moyamryia/Projects/riscv-accl-bench-2026-09-27/k1-layout-20260930-153134/source/ggml/src/ggml-cpu/simd-mappings.h:97:9: warning: ISO C does not support the ‘_Float16’ type before C23 [-Wpedantic]
   97 |         _Float16 hf;
      |         ^~~~~~~~
/home/moyamryia/Projects/riscv-accl-bench-2026-09-27/k1-layout-20260930-153134/source/ggml/src/ggml-cpu/simd-mappings.h: In function ‘riscv_compute_fp32_to_fp16’:
/home/moyamryia/Projects/riscv-accl-bench-2026-09-27/k1-layout-20260930-153134/source/ggml/src/ggml-cpu/simd-mappings.h:104:9: warning: ISO C does not support the ‘_Float16’ type before C23 [-Wpedantic]
  104 |         _Float16 hf = (_Float16)f;
      |         ^~~~~~~~
/home/moyamryia/Projects/riscv-accl-bench-2026-09-27/k1-layout-20260930-153134/source/ggml/src/ggml-cpu/simd-mappings.h:104:24: warning: ISO C does not support the ‘_Float16’ type before C23 [-Wpedantic]
  104 |         _Float16 hf = (_Float16)f;
      |                        ^~~~~~~~
/home/moyamryia/Projects/riscv-accl-bench-2026-09-27/k1-layout-20260930-153134/source/ggml/src/ggml-cpu/arch/riscv/quants.c: In function ‘quantize_row_q8_K’:
/home/moyamryia/Projects/riscv-accl-bench-2026-09-27/k1-layout-20260930-153134/source/ggml/src/ggml-cpu/arch/riscv/quants.c:199:25: warning: declaration of ‘k’ shadows a parameter [-Wshadow]
  199 |             for (size_t k = 16; k < vl; k += 16) {
      |                         ^
/home/moyamryia/Projects/riscv-accl-bench-2026-09-27/k1-layout-20260930-153134/source/ggml/src/ggml-cpu/arch/riscv/quants.c:122:87: note: shadowed declaration is here
  122 | void quantize_row_q8_K(const float * GGML_RESTRICT x, void * GGML_RESTRICT y, int64_t k) {
      |                                                                               ~~~~~~~~^
/home/moyamryia/Projects/riscv-accl-bench-2026-09-27/k1-layout-20260930-153134/source/ggml/src/ggml-cpu/arch/riscv/quants.c: At top level:
/home/moyamryia/Projects/riscv-accl-bench-2026-09-27/k1-layout-20260930-153134/source/ggml/src/ggml-cpu/arch/riscv/quants.c:692:6: warning: no previous prototype for ‘ggml_vec_dot_q2_K_q8_K_vl128’ [-Wmissing-prototypes]
  692 | void ggml_vec_dot_q2_K_q8_K_vl128(int n, float * GGML_RESTRICT s, size_t bs, const void * GGML_RESTRICT vx, size_t bx, const void * GGML_RESTRICT vy, size_t by, int nrc) {
      |      ^~~~~~~~~~~~~~~~~~~~~~~~~~~~
/home/moyamryia/Projects/riscv-accl-bench-2026-09-27/k1-layout-20260930-153134/source/ggml/src/ggml-cpu/arch/riscv/quants.c: In function ‘ggml_vec_dot_q2_K_q8_K_vl128’:
/home/moyamryia/Projects/riscv-accl-bench-2026-09-27/k1-layout-20260930-153134/source/ggml/src/ggml-cpu/arch/riscv/quants.c:707:13: warning: unused variable ‘temp_01’ [-Wunused-variable]
  707 |     uint8_t temp_01[32] = { 0, 0, 0, 0, 0, 0, 0, 0, 0, 0, 0, 0, 0, 0, 0, 0,
      |             ^~~~~~~
/home/moyamryia/Projects/riscv-accl-bench-2026-09-27/k1-layout-20260930-153134/source/ggml/src/ggml-cpu/arch/riscv/quants.c: At top level:
/home/moyamryia/Projects/riscv-accl-bench-2026-09-27/k1-layout-20260930-153134/source/ggml/src/ggml-cpu/arch/riscv/quants.c:847:6: warning: no previous prototype for ‘ggml_vec_dot_q2_K_q8_K_vl256’ [-Wmissing-prototypes]
  847 | void ggml_vec_dot_q2_K_q8_K_vl256(int n, float * GGML_RESTRICT s, size_t bs, const void * GGML_RESTRICT vx, size_t bx, const void * GGML_RESTRICT vy, size_t by, int nrc) {
      |      ^~~~~~~~~~~~~~~~~~~~~~~~~~~~
/home/moyamryia/Projects/riscv-accl-bench-2026-09-27/k1-layout-20260930-153134/source/ggml/src/ggml-cpu/arch/riscv/quants.c: In function ‘ggml_vec_dot_q2_K_q8_K_vl256’:
/home/moyamryia/Projects/riscv-accl-bench-2026-09-27/k1-layout-20260930-153134/source/ggml/src/ggml-cpu/arch/riscv/quants.c:860:13: warning: unused variable ‘atmp’ [-Wunused-variable]
  860 |     uint8_t atmp[16];
      |             ^~~~
/home/moyamryia/Projects/riscv-accl-bench-2026-09-27/k1-layout-20260930-153134/source/ggml/src/ggml-cpu/arch/riscv/quants.c: At top level:
/home/moyamryia/Projects/riscv-accl-bench-2026-09-27/k1-layout-20260930-153134/source/ggml/src/ggml-cpu/arch/riscv/quants.c:1107:6: warning: no previous prototype for ‘ggml_vec_dot_q3_K_q8_K_vl128’ [-Wmissing-prototypes]
 1107 | void ggml_vec_dot_q3_K_q8_K_vl128(int n, float * GGML_RESTRICT s, size_t bs, const void * GGML_RESTRICT vx, size_t bx, const void * GGML_RESTRICT vy, size_t by, int nrc) {
      |      ^~~~~~~~~~~~~~~~~~~~~~~~~~~~
/home/moyamryia/Projects/riscv-accl-bench-2026-09-27/k1-layout-20260930-153134/source/ggml/src/ggml-cpu/arch/riscv/quants.c: In function ‘ggml_vec_dot_q3_K_q8_K_vl128’:
/home/moyamryia/Projects/riscv-accl-bench-2026-09-27/k1-layout-20260930-153134/source/ggml/src/ggml-cpu/arch/riscv/quants.c:1125:14: warning: unused variable ‘aux’ [-Wunused-variable]
 1125 |     uint32_t aux[3];
      |              ^~~
/home/moyamryia/Projects/riscv-accl-bench-2026-09-27/k1-layout-20260930-153134/source/ggml/src/ggml-cpu/arch/riscv/quants.c: At top level:
/home/moyamryia/Projects/riscv-accl-bench-2026-09-27/k1-layout-20260930-153134/source/ggml/src/ggml-cpu/arch/riscv/quants.c:1257:6: warning: no previous prototype for ‘ggml_vec_dot_q3_K_q8_K_vl256’ [-Wmissing-prototypes]
 1257 | void ggml_vec_dot_q3_K_q8_K_vl256(int n, float * GGML_RESTRICT s, size_t bs, const void * GGML_RESTRICT vx, size_t bx, const void * GGML_RESTRICT vy, size_t by, int nrc) {
      |      ^~~~~~~~~~~~~~~~~~~~~~~~~~~~
/home/moyamryia/Projects/riscv-accl-bench-2026-09-27/k1-layout-20260930-153134/source/ggml/src/ggml-cpu/arch/riscv/quants.c:1370:6: warning: no previous prototype for ‘ggml_vec_dot_q3_K_q8_K_vl512’ [-Wmissing-prototypes]
 1370 | void ggml_vec_dot_q3_K_q8_K_vl512(int n, float * GGML_RESTRICT s, size_t bs, const void * GGML_RESTRICT vx, size_t bx, const void * GGML_RESTRICT vy, size_t by, int nrc) {
      |      ^~~~~~~~~~~~~~~~~~~~~~~~~~~~
/home/moyamryia/Projects/riscv-accl-bench-2026-09-27/k1-layout-20260930-153134/source/ggml/src/ggml-cpu/arch/riscv/quants.c:1488:6: warning: no previous prototype for ‘ggml_vec_dot_q3_K_q8_K_vl1024’ [-Wmissing-prototypes]
 1488 | void ggml_vec_dot_q3_K_q8_K_vl1024(int n, float * GGML_RESTRICT s, size_t bs, const void * GGML_RESTRICT vx, size_t bx, const void * GGML_RESTRICT vy, size_t by, int nrc) {
      |      ^~~~~~~~~~~~~~~~~~~~~~~~~~~~~
/home/moyamryia/Projects/riscv-accl-bench-2026-09-27/k1-layout-20260930-153134/source/ggml/src/ggml-cpu/arch/riscv/quants.c: In function ‘ggml_vec_dot_tq2_0_q8_K_vl128’:
/home/moyamryia/Projects/riscv-accl-bench-2026-09-27/k1-layout-20260930-153134/source/ggml/src/ggml-cpu/arch/riscv/quants.c:6335:27: warning: declaration of ‘vy’ shadows a parameter [-Wshadow]
 6335 |                 vint8m2_t vy = __riscv_vle8_v_i8m2(py0, vl);
      |                           ^~
/home/moyamryia/Projects/riscv-accl-bench-2026-09-27/k1-layout-20260930-153134/source/ggml/src/ggml-cpu/arch/riscv/quants.c:6300:170: note: shadowed declaration is here
 6300 | static NOINLINE void ggml_vec_dot_tq2_0_q8_K_vl128(const int n, float * GGML_RESTRICT s, size_t bs, const void * GGML_RESTRICT vx, size_t bx, const void * GGML_RESTRICT vy, size_t by, int nrc) {
      |                                                                                                                                               ~~~~~~~~~~~~~~~~~~~~~~~~~~~^~
/home/moyamryia/Projects/riscv-accl-bench-2026-09-27/k1-layout-20260930-153134/source/ggml/src/ggml-cpu/arch/riscv/quants.c:6346:27: warning: declaration of ‘vy’ shadows a parameter [-Wshadow]
 6346 |                 vint8m2_t vy = __riscv_vle8_v_i8m2(py1, vl);
      |                           ^~
/home/moyamryia/Projects/riscv-accl-bench-2026-09-27/k1-layout-20260930-153134/source/ggml/src/ggml-cpu/arch/riscv/quants.c:6300:170: note: shadowed declaration is here
 6300 | static NOINLINE void ggml_vec_dot_tq2_0_q8_K_vl128(const int n, float * GGML_RESTRICT s, size_t bs, const void * GGML_RESTRICT vx, size_t bx, const void * GGML_RESTRICT vy, size_t by, int nrc) {
      |                                                                                                                                               ~~~~~~~~~~~~~~~~~~~~~~~~~~~^~
/home/moyamryia/Projects/riscv-accl-bench-2026-09-27/k1-layout-20260930-153134/source/ggml/src/ggml-cpu/arch/riscv/quants.c:6356:27: warning: declaration of ‘vy’ shadows a parameter [-Wshadow]
 6356 |                 vint8m2_t vy = __riscv_vle8_v_i8m2(py2, vl);
      |                           ^~
/home/moyamryia/Projects/riscv-accl-bench-2026-09-27/k1-layout-20260930-153134/source/ggml/src/ggml-cpu/arch/riscv/quants.c:6300:170: note: shadowed declaration is here
 6300 | static NOINLINE void ggml_vec_dot_tq2_0_q8_K_vl128(const int n, float * GGML_RESTRICT s, size_t bs, const void * GGML_RESTRICT vx, size_t bx, const void * GGML_RESTRICT vy, size_t by, int nrc) {
      |                                                                                                                                               ~~~~~~~~~~~~~~~~~~~~~~~~~~~^~
/home/moyamryia/Projects/riscv-accl-bench-2026-09-27/k1-layout-20260930-153134/source/ggml/src/ggml-cpu/arch/riscv/quants.c:6365:27: warning: declaration of ‘vy’ shadows a parameter [-Wshadow]
 6365 |                 vint8m2_t vy = __riscv_vle8_v_i8m2(py3, vl);
      |                           ^~
/home/moyamryia/Projects/riscv-accl-bench-2026-09-27/k1-layout-20260930-153134/source/ggml/src/ggml-cpu/arch/riscv/quants.c:6300:170: note: shadowed declaration is here
 6300 | static NOINLINE void ggml_vec_dot_tq2_0_q8_K_vl128(const int n, float * GGML_RESTRICT s, size_t bs, const void * GGML_RESTRICT vx, size_t bx, const void * GGML_RESTRICT vy, size_t by, int nrc) {
      |                                                                                                                                               ~~~~~~~~~~~~~~~~~~~~~~~~~~~^~
[26/307] Building CXX object ggml/src/CMakeFiles/ggml-cpu.dir/ggml-cpu/arch/riscv/repack.cpp.o
/home/moyamryia/Projects/riscv-accl-bench-2026-09-27/k1-layout-20260930-153134/source/ggml/src/ggml-cpu/arch/riscv/repack.cpp: In function ‘void ggml_gemv_q4_0_16x1_q8_0(int, float*, size_t, const void*, const void*, int, int)’:
/home/moyamryia/Projects/riscv-accl-bench-2026-09-27/k1-layout-20260930-153134/source/ggml/src/ggml-cpu/arch/riscv/repack.cpp:251:68: warning: dereferencing type-punned pointer will break strict-aliasing rules [-Wstrict-aliasing]
  251 |             const vfloat32m2_t d_0 = __riscv_vfwmul_vf_f32m2(b_d, *(const _Float16 *)&a_ptr[l].d, 16);
      |                                                                    ^~~~~~~~~~~~~~~~~~~~~~~~~~~~~
/home/moyamryia/Projects/riscv-accl-bench-2026-09-27/k1-layout-20260930-153134/source/ggml/src/ggml-cpu/arch/riscv/repack.cpp: In function ‘void ggml_gemv_iq4_nl_16x1_q8_0(int, float*, size_t, const void*, const void*, int, int)’:
/home/moyamryia/Projects/riscv-accl-bench-2026-09-27/k1-layout-20260930-153134/source/ggml/src/ggml-cpu/arch/riscv/repack.cpp:438:68: warning: dereferencing type-punned pointer will break strict-aliasing rules [-Wstrict-aliasing]
  438 |             const vfloat32m2_t d_0 = __riscv_vfwmul_vf_f32m2(b_d, *(const _Float16 *)&a_ptr[l].d, 16);
      |                                                                    ^~~~~~~~~~~~~~~~~~~~~~~~~~~~~
/home/moyamryia/Projects/riscv-accl-bench-2026-09-27/k1-layout-20260930-153134/source/ggml/src/ggml-cpu/arch/riscv/repack.cpp: In function ‘void ggml_gemv_q8_0_16x1_q8_0(int, float*, size_t, const void*, const void*, int, int)’:
/home/moyamryia/Projects/riscv-accl-bench-2026-09-27/k1-layout-20260930-153134/source/ggml/src/ggml-cpu/arch/riscv/repack.cpp:488:68: warning: dereferencing type-punned pointer will break strict-aliasing rules [-Wstrict-aliasing]
  488 |             const vfloat32m2_t d_0 = __riscv_vfwmul_vf_f32m2(b_d, *(const _Float16 *)&a_ptr[l].d, 16);
      |                                                                    ^~~~~~~~~~~~~~~~~~~~~~~~~~~~~
/home/moyamryia/Projects/riscv-accl-bench-2026-09-27/k1-layout-20260930-153134/source/ggml/src/ggml-cpu/arch/riscv/repack.cpp: In function ‘void ggml_gemv_q2_K_16x1_q8_K(int, float*, size_t, const void*, const void*, int, int)’:
/home/moyamryia/Projects/riscv-accl-bench-2026-09-27/k1-layout-20260930-153134/source/ggml/src/ggml-cpu/arch/riscv/repack.cpp:497:140: warning: unused parameter ‘nr’ [-Wunused-parameter]
  497 | void ggml_gemv_q2_K_16x1_q8_K(int n, float * GGML_RESTRICT s, size_t bs, const void * GGML_RESTRICT vx, const void * GGML_RESTRICT vy, int nr, int nc) {
      |                                                                                                                                        ~~~~^~
/home/moyamryia/Projects/riscv-accl-bench-2026-09-27/k1-layout-20260930-153134/source/ggml/src/ggml-cpu/arch/riscv/repack.cpp: In function ‘void ggml_gemm_q4_0_16x1_q8_0(int, float*, size_t, const void*, const void*, int, int)’:
/home/moyamryia/Projects/riscv-accl-bench-2026-09-27/k1-layout-20260930-153134/source/ggml/src/ggml-cpu/arch/riscv/repack.cpp:964:72: warning: dereferencing type-punned pointer will break strict-aliasing rules [-Wstrict-aliasing]
  964 |                 const vfloat32m2_t d_0 = __riscv_vfwmul_vf_f32m2(b_d, *(const _Float16 *)&a_ptr[l].d[0], 16);
      |                                                                        ^~~~~~~~~~~~~~~~~~~~~~~~~~~~~~~~
/home/moyamryia/Projects/riscv-accl-bench-2026-09-27/k1-layout-20260930-153134/source/ggml/src/ggml-cpu/arch/riscv/repack.cpp:965:72: warning: dereferencing type-punned pointer will break strict-aliasing rules [-Wstrict-aliasing]
  965 |                 const vfloat32m2_t d_1 = __riscv_vfwmul_vf_f32m2(b_d, *(const _Float16 *)&a_ptr[l].d[1], 16);
      |                                                                        ^~~~~~~~~~~~~~~~~~~~~~~~~~~~~~~~
/home/moyamryia/Projects/riscv-accl-bench-2026-09-27/k1-layout-20260930-153134/source/ggml/src/ggml-cpu/arch/riscv/repack.cpp:966:72: warning: dereferencing type-punned pointer will break strict-aliasing rules [-Wstrict-aliasing]
  966 |                 const vfloat32m2_t d_2 = __riscv_vfwmul_vf_f32m2(b_d, *(const _Float16 *)&a_ptr[l].d[2], 16);
      |                                                                        ^~~~~~~~~~~~~~~~~~~~~~~~~~~~~~~~
/home/moyamryia/Projects/riscv-accl-bench-2026-09-27/k1-layout-20260930-153134/source/ggml/src/ggml-cpu/arch/riscv/repack.cpp:967:72: warning: dereferencing type-punned pointer will break strict-aliasing rules [-Wstrict-aliasing]
  967 |                 const vfloat32m2_t d_3 = __riscv_vfwmul_vf_f32m2(b_d, *(const _Float16 *)&a_ptr[l].d[3], 16);
      |                                                                        ^~~~~~~~~~~~~~~~~~~~~~~~~~~~~~~~
/home/moyamryia/Projects/riscv-accl-bench-2026-09-27/k1-layout-20260930-153134/source/ggml/src/ggml-cpu/arch/riscv/repack.cpp: In function ‘void ggml_gemm_iq4_nl_16x1_q8_0(int, float*, size_t, const void*, const void*, int, int)’:
/home/moyamryia/Projects/riscv-accl-bench-2026-09-27/k1-layout-20260930-153134/source/ggml/src/ggml-cpu/arch/riscv/repack.cpp:1317:72: warning: dereferencing type-punned pointer will break strict-aliasing rules [-Wstrict-aliasing]
 1317 |                 const vfloat32m2_t d_0 = __riscv_vfwmul_vf_f32m2(b_d, *(const _Float16 *)&a_ptr[l].d[0], 16);
      |                                                                        ^~~~~~~~~~~~~~~~~~~~~~~~~~~~~~~~
/home/moyamryia/Projects/riscv-accl-bench-2026-09-27/k1-layout-20260930-153134/source/ggml/src/ggml-cpu/arch/riscv/repack.cpp:1318:72: warning: dereferencing type-punned pointer will break strict-aliasing rules [-Wstrict-aliasing]
 1318 |                 const vfloat32m2_t d_1 = __riscv_vfwmul_vf_f32m2(b_d, *(const _Float16 *)&a_ptr[l].d[1], 16);
      |                                                                        ^~~~~~~~~~~~~~~~~~~~~~~~~~~~~~~~
/home/moyamryia/Projects/riscv-accl-bench-2026-09-27/k1-layout-20260930-153134/source/ggml/src/ggml-cpu/arch/riscv/repack.cpp:1319:72: warning: dereferencing type-punned pointer will break strict-aliasing rules [-Wstrict-aliasing]
 1319 |                 const vfloat32m2_t d_2 = __riscv_vfwmul_vf_f32m2(b_d, *(const _Float16 *)&a_ptr[l].d[2], 16);
      |                                                                        ^~~~~~~~~~~~~~~~~~~~~~~~~~~~~~~~
/home/moyamryia/Projects/riscv-accl-bench-2026-09-27/k1-layout-20260930-153134/source/ggml/src/ggml-cpu/arch/riscv/repack.cpp:1320:72: warning: dereferencing type-punned pointer will break strict-aliasing rules [-Wstrict-aliasing]
 1320 |                 const vfloat32m2_t d_3 = __riscv_vfwmul_vf_f32m2(b_d, *(const _Float16 *)&a_ptr[l].d[3], 16);
      |                                                                        ^~~~~~~~~~~~~~~~~~~~~~~~~~~~~~~~
/home/moyamryia/Projects/riscv-accl-bench-2026-09-27/k1-layout-20260930-153134/source/ggml/src/ggml-cpu/arch/riscv/repack.cpp: In function ‘void ggml_gemm_q8_0_16x1_q8_0(int, float*, size_t, const void*, const void*, int, int)’:
/home/moyamryia/Projects/riscv-accl-bench-2026-09-27/k1-layout-20260930-153134/source/ggml/src/ggml-cpu/arch/riscv/repack.cpp:1387:72: warning: dereferencing type-punned pointer will break strict-aliasing rules [-Wstrict-aliasing]
 1387 |                 const vfloat32m2_t d_0 = __riscv_vfwmul_vf_f32m2(b_d, *(const _Float16 *)&a_ptr[l].d[0], 16);
      |                                                                        ^~~~~~~~~~~~~~~~~~~~~~~~~~~~~~~~
/home/moyamryia/Projects/riscv-accl-bench-2026-09-27/k1-layout-20260930-153134/source/ggml/src/ggml-cpu/arch/riscv/repack.cpp:1388:72: warning: dereferencing type-punned pointer will break strict-aliasing rules [-Wstrict-aliasing]
 1388 |                 const vfloat32m2_t d_1 = __riscv_vfwmul_vf_f32m2(b_d, *(const _Float16 *)&a_ptr[l].d[1], 16);
      |                                                                        ^~~~~~~~~~~~~~~~~~~~~~~~~~~~~~~~
/home/moyamryia/Projects/riscv-accl-bench-2026-09-27/k1-layout-20260930-153134/source/ggml/src/ggml-cpu/arch/riscv/repack.cpp:1389:72: warning: dereferencing type-punned pointer will break strict-aliasing rules [-Wstrict-aliasing]
 1389 |                 const vfloat32m2_t d_2 = __riscv_vfwmul_vf_f32m2(b_d, *(const _Float16 *)&a_ptr[l].d[2], 16);
      |                                                                        ^~~~~~~~~~~~~~~~~~~~~~~~~~~~~~~~
/home/moyamryia/Projects/riscv-accl-bench-2026-09-27/k1-layout-20260930-153134/source/ggml/src/ggml-cpu/arch/riscv/repack.cpp:1390:72: warning: dereferencing type-punned pointer will break strict-aliasing rules [-Wstrict-aliasing]
 1390 |                 const vfloat32m2_t d_3 = __riscv_vfwmul_vf_f32m2(b_d, *(const _Float16 *)&a_ptr[l].d[3], 16);
      |                                                                        ^~~~~~~~~~~~~~~~~~~~~~~~~~~~~~~~
[27/307] Building CXX object ggml/src/CMakeFiles/ggml-cpu.dir/ggml-cpu/spacemit/spacemit_spert_adapter.cpp.o
[28/307] Building CXX object ggml/src/CMakeFiles/ggml-cpu.dir/ggml-cpu/spacemit/spine_mem_pool.cpp.o
In file included from /home/moyamryia/Projects/riscv-accl-bench-2026-09-27/k1-layout-20260930-153134/source/ggml/src/ggml-cpu/spacemit/spine_mem_pool.cpp:5:
/home/moyamryia/Projects/riscv-accl-bench-2026-09-27/k1-layout-20260930-153134/source/ggml/src/ggml-cpu/spacemit/spine_tcm.h: In function ‘spine_tcm_handle_t* spine_tcm_default_handle()’:
/home/moyamryia/Projects/riscv-accl-bench-2026-09-27/k1-layout-20260930-153134/source/ggml/src/ggml-cpu/spacemit/spine_tcm.h:151:44: warning: missing initializer for member ‘spine_tcm_handle::use_global_scope’ [-Wmissing-field-initializers]
  151 |     static spine_tcm_handle_t handle = { 0 };
      |                                            ^
/home/moyamryia/Projects/riscv-accl-bench-2026-09-27/k1-layout-20260930-153134/source/ggml/src/ggml-cpu/spacemit/spine_tcm.h:151:44: warning: missing initializer for member ‘spine_tcm_handle::owns_module_handle’ [-Wmissing-field-initializers]
/home/moyamryia/Projects/riscv-accl-bench-2026-09-27/k1-layout-20260930-153134/source/ggml/src/ggml-cpu/spacemit/spine_tcm.h:151:44: warning: missing initializer for member ‘spine_tcm_handle::runtime_version’ [-Wmissing-field-initializers]
/home/moyamryia/Projects/riscv-accl-bench-2026-09-27/k1-layout-20260930-153134/source/ggml/src/ggml-cpu/spacemit/spine_tcm.h:151:44: warning: missing initializer for member ‘spine_tcm_handle::runtime_is_available’ [-Wmissing-field-initializers]
/home/moyamryia/Projects/riscv-accl-bench-2026-09-27/k1-layout-20260930-153134/source/ggml/src/ggml-cpu/spacemit/spine_tcm.h:151:44: warning: missing initializer for member ‘spine_tcm_handle::runtime_layout_info’ [-Wmissing-field-initializers]
/home/moyamryia/Projects/riscv-accl-bench-2026-09-27/k1-layout-20260930-153134/source/ggml/src/ggml-cpu/spacemit/spine_tcm.h:151:44: warning: missing initializer for member ‘spine_tcm_handle::runtime_mem_info’ [-Wmissing-field-initializers]
/home/moyamryia/Projects/riscv-accl-bench-2026-09-27/k1-layout-20260930-153134/source/ggml/src/ggml-cpu/spacemit/spine_tcm.h:151:44: warning: missing initializer for member ‘spine_tcm_handle::runtime_mem_get’ [-Wmissing-field-initializers]
/home/moyamryia/Projects/riscv-accl-bench-2026-09-27/k1-layout-20260930-153134/source/ggml/src/ggml-cpu/spacemit/spine_tcm.h:151:44: warning: missing initializer for member ‘spine_tcm_handle::runtime_mem_free’ [-Wmissing-field-initializers]
/home/moyamryia/Projects/riscv-accl-bench-2026-09-27/k1-layout-20260930-153134/source/ggml/src/ggml-cpu/spacemit/spine_tcm.h:151:44: warning: missing initializer for member ‘spine_tcm_handle::runtime_mem_try_wait’ [-Wmissing-field-initializers]
/home/moyamryia/Projects/riscv-accl-bench-2026-09-27/k1-layout-20260930-153134/source/ggml/src/ggml-cpu/spacemit/spine_tcm.h:151:44: warning: missing initializer for member ‘spine_tcm_handle::runtime_mem_release’ [-Wmissing-field-initializers]
/home/moyamryia/Projects/riscv-accl-bench-2026-09-27/k1-layout-20260930-153134/source/ggml/src/ggml-cpu/spacemit/spine_tcm.h:151:44: warning: missing initializer for member ‘spine_tcm_handle::runtime_mem_force_release’ [-Wmissing-field-initializers]
/home/moyamryia/Projects/riscv-accl-bench-2026-09-27/k1-layout-20260930-153134/source/ggml/src/ggml-cpu/spacemit/spine_tcm.h:151:44: warning: missing initializer for member ‘spine_tcm_handle::runtime_mem_query’ [-Wmissing-field-initializers]
/home/moyamryia/Projects/riscv-accl-bench-2026-09-27/k1-layout-20260930-153134/source/ggml/src/ggml-cpu/spacemit/spine_mem_pool.cpp: At global scope:
/home/moyamryia/Projects/riscv-accl-bench-2026-09-27/k1-layout-20260930-153134/source/ggml/src/ggml-cpu/spacemit/spine_mem_pool.cpp:748:8: warning: no previous declaration for ‘void* ggml_backend_cpu_riscv64_spacemit_alloc_shared(size_t, size_t)’ [-Wmissing-declarations]
  748 | void * ggml_backend_cpu_riscv64_spacemit_alloc_shared(size_t size, size_t alignment) {
      |        ^~~~~~~~~~~~~~~~~~~~~~~~~~~~~~~~~~~~~~~~~~~~~~
/home/moyamryia/Projects/riscv-accl-bench-2026-09-27/k1-layout-20260930-153134/source/ggml/src/ggml-cpu/spacemit/spine_mem_pool.cpp:757:6: warning: no previous declaration for ‘void ggml_backend_cpu_riscv64_spacemit_free_shared(void*)’ [-Wmissing-declarations]
  757 | void ggml_backend_cpu_riscv64_spacemit_free_shared(void * ptr) {
      |      ^~~~~~~~~~~~~~~~~~~~~~~~~~~~~~~~~~~~~~~~~~~~~
[29/307] Building CXX object ggml/src/CMakeFiles/ggml-cpu.dir/ggml-cpu/ops.cpp.o
In file included from /home/moyamryia/Projects/riscv-accl-bench-2026-09-27/k1-layout-20260930-153134/source/ggml/src/ggml-cpu/ops.cpp:9:
/home/moyamryia/Projects/riscv-accl-bench-2026-09-27/k1-layout-20260930-153134/source/ggml/src/ggml-cpu/vec.h: In function ‘void ggml_vec_mad_f16(int, ggml_fp16_t*, const ggml_fp16_t*, float)’:
/home/moyamryia/Projects/riscv-accl-bench-2026-09-27/k1-layout-20260930-153134/source/ggml/src/ggml-cpu/vec.h:520:33: warning: dereferencing type-punned pointer will break strict-aliasing rules [-Wstrict-aliasing]
  520 |         const _Float16 scale = *(const _Float16*)(&s);
      |                                 ^~~~~~~~~~~~~~~~~~~~~
/home/moyamryia/Projects/riscv-accl-bench-2026-09-27/k1-layout-20260930-153134/source/ggml/src/ggml-cpu/vec.h: In function ‘void ggml_vec_scale_f16(int, ggml_fp16_t*, float)’:
/home/moyamryia/Projects/riscv-accl-bench-2026-09-27/k1-layout-20260930-153134/source/ggml/src/ggml-cpu/vec.h:800:33: warning: dereferencing type-punned pointer will break strict-aliasing rules [-Wstrict-aliasing]
  800 |         const _Float16 scale = *(const _Float16*)(&s);
      |                                 ^~~~~~~~~~~~~~~~~~~~~
[30/307] Building CXX object ggml/src/CMakeFiles/ggml-cpu.dir/ggml-cpu/spacemit/ime_env.cpp.o
/home/moyamryia/Projects/riscv-accl-bench-2026-09-27/k1-layout-20260930-153134/source/ggml/src/ggml-cpu/spacemit/ime_env.cpp: In constructor ‘ggml::cpu::riscv64_spacemit::spine_env_info::spine_env_info()’:
/home/moyamryia/Projects/riscv-accl-bench-2026-09-27/k1-layout-20260930-153134/source/ggml/src/ggml-cpu/spacemit/ime_env.cpp:179:77: warning: comparison with string literal results in unspecified behavior [-Waddress]
  179 |     if (spine_perfer_core_arch_str != nullptr && spine_perfer_core_arch_str != "") {
      |                                                  ~~~~~~~~~~~~~~~~~~~~~~~~~~~^~~~~
/home/moyamryia/Projects/riscv-accl-bench-2026-09-27/k1-layout-20260930-153134/source/ggml/src/ggml-cpu/spacemit/ime_env.cpp:185:73: warning: comparison with string literal results in unspecified behavior [-Waddress]
  185 |     if (spine_perfer_core_id_str != nullptr && spine_perfer_core_id_str != "") {
      |                                                ~~~~~~~~~~~~~~~~~~~~~~~~~^~~~~
In file included from /home/moyamryia/Projects/riscv-accl-bench-2026-09-27/k1-layout-20260930-153134/source/ggml/src/ggml-cpu/spacemit/ime_env.cpp:3:
/home/moyamryia/Projects/riscv-accl-bench-2026-09-27/k1-layout-20260930-153134/source/ggml/src/ggml-cpu/spacemit/ime_env.cpp:299:23: warning: too many arguments for format [-Wformat-extra-args]
  299 |         GGML_LOG_WARN("CPU_RISCV64_SPACEMIT: failed to allocate init_barrier from shared mem, falling back to heap\n",
      |                       ^~~~~~~~~~~~~~~~~~~~~~~~~~~~~~~~~~~~~~~~~~~~~~~~~~~~~~~~~~~~~~~~~~~~~~~~~~~~~~~~~~~~~~~~~~~~~~~
/home/moyamryia/Projects/riscv-accl-bench-2026-09-27/k1-layout-20260930-153134/source/ggml/src/./ggml-impl.h:120:69: note: in definition of macro ‘GGML_LOG_WARN’
  120 | #define GGML_LOG_WARN(...)  ggml_log_internal(GGML_LOG_LEVEL_WARN , __VA_ARGS__)
      |                                                                     ^~~~~~~~~~~
[31/307] Building CXX object ggml/src/CMakeFiles/ggml-cpu.dir/ggml-cpu/spacemit/ime.cpp.o
In file included from /home/moyamryia/Projects/riscv-accl-bench-2026-09-27/k1-layout-20260930-153134/source/ggml/src/ggml-cpu/spacemit/ime.cpp:13:
/home/moyamryia/Projects/riscv-accl-bench-2026-09-27/k1-layout-20260930-153134/source/ggml/src/ggml-cpu/ops.h:10:30: warning: use of ‘std::hardware_destructive_interference_size’ [-Winterference-size]
   10 | #define CACHE_LINE_SIZE std::hardware_destructive_interference_size
      |                         ~~~~~^~~~~~~~~~~~~~~~~~~~~~~~~~~~~~~~~~~~~~
/home/moyamryia/Projects/riscv-accl-bench-2026-09-27/k1-layout-20260930-153134/source/ggml/src/ggml-cpu/ops.h:21:43: note: in expansion of macro ‘CACHE_LINE_SIZE’
   21 | static const size_t CACHE_LINE_SIZE_F32 = CACHE_LINE_SIZE/sizeof(float);
      |                                           ^~~~~~~~~~~~~~~
/home/moyamryia/Projects/riscv-accl-bench-2026-09-27/k1-layout-20260930-153134/source/ggml/src/ggml-cpu/ops.h:10:30: note: its value can vary between compiler versions or with different ‘-mtune’ or ‘-mcpu’ flags
   10 | #define CACHE_LINE_SIZE std::hardware_destructive_interference_size
      |                         ~~~~~^~~~~~~~~~~~~~~~~~~~~~~~~~~~~~~~~~~~~~
/home/moyamryia/Projects/riscv-accl-bench-2026-09-27/k1-layout-20260930-153134/source/ggml/src/ggml-cpu/ops.h:21:43: note: in expansion of macro ‘CACHE_LINE_SIZE’
   21 | static const size_t CACHE_LINE_SIZE_F32 = CACHE_LINE_SIZE/sizeof(float);
      |                                           ^~~~~~~~~~~~~~~
/home/moyamryia/Projects/riscv-accl-bench-2026-09-27/k1-layout-20260930-153134/source/ggml/src/ggml-cpu/ops.h:10:30: note: if this use is part of a public ABI, change it to instead use a constant variable you define
   10 | #define CACHE_LINE_SIZE std::hardware_destructive_interference_size
      |                         ~~~~~^~~~~~~~~~~~~~~~~~~~~~~~~~~~~~~~~~~~~~
/home/moyamryia/Projects/riscv-accl-bench-2026-09-27/k1-layout-20260930-153134/source/ggml/src/ggml-cpu/ops.h:21:43: note: in expansion of macro ‘CACHE_LINE_SIZE’
   21 | static const size_t CACHE_LINE_SIZE_F32 = CACHE_LINE_SIZE/sizeof(float);
      |                                           ^~~~~~~~~~~~~~~
/home/moyamryia/Projects/riscv-accl-bench-2026-09-27/k1-layout-20260930-153134/source/ggml/src/ggml-cpu/ops.h:10:30: note: the default value for the current CPU tuning is 32 bytes
   10 | #define CACHE_LINE_SIZE std::hardware_destructive_interference_size
      |                         ~~~~~^~~~~~~~~~~~~~~~~~~~~~~~~~~~~~~~~~~~~~
/home/moyamryia/Projects/riscv-accl-bench-2026-09-27/k1-layout-20260930-153134/source/ggml/src/ggml-cpu/ops.h:21:43: note: in expansion of macro ‘CACHE_LINE_SIZE’
   21 | static const size_t CACHE_LINE_SIZE_F32 = CACHE_LINE_SIZE/sizeof(float);
      |                                           ^~~~~~~~~~~~~~~
/home/moyamryia/Projects/riscv-accl-bench-2026-09-27/k1-layout-20260930-153134/source/ggml/src/ggml-cpu/ops.h:10:30: note: you can stabilize this value with ‘--param hardware_destructive_interference_size=32’, or disable this warning with ‘-Wno-interference-size’
   10 | #define CACHE_LINE_SIZE std::hardware_destructive_interference_size
      |                         ~~~~~^~~~~~~~~~~~~~~~~~~~~~~~~~~~~~~~~~~~~~
/home/moyamryia/Projects/riscv-accl-bench-2026-09-27/k1-layout-20260930-153134/source/ggml/src/ggml-cpu/ops.h:21:43: note: in expansion of macro ‘CACHE_LINE_SIZE’
   21 | static const size_t CACHE_LINE_SIZE_F32 = CACHE_LINE_SIZE/sizeof(float);
      |                                           ^~~~~~~~~~~~~~~
In file included from /home/moyamryia/Projects/riscv-accl-bench-2026-09-27/k1-layout-20260930-153134/source/ggml/src/ggml-cpu/spacemit/ime.cpp:19:
/home/moyamryia/Projects/riscv-accl-bench-2026-09-27/k1-layout-20260930-153134/source/ggml/src/ggml-cpu/vec.h: In function ‘void ggml_vec_mad_f16(int, ggml_fp16_t*, const ggml_fp16_t*, float)’:
/home/moyamryia/Projects/riscv-accl-bench-2026-09-27/k1-layout-20260930-153134/source/ggml/src/ggml-cpu/vec.h:520:33: warning: dereferencing type-punned pointer will break strict-aliasing rules [-Wstrict-aliasing]
  520 |         const _Float16 scale = *(const _Float16*)(&s);
      |                                 ^~~~~~~~~~~~~~~~~~~~~
/home/moyamryia/Projects/riscv-accl-bench-2026-09-27/k1-layout-20260930-153134/source/ggml/src/ggml-cpu/vec.h: In function ‘void ggml_vec_scale_f16(int, ggml_fp16_t*, float)’:
/home/moyamryia/Projects/riscv-accl-bench-2026-09-27/k1-layout-20260930-153134/source/ggml/src/ggml-cpu/vec.h:800:33: warning: dereferencing type-punned pointer will break strict-aliasing rules [-Wstrict-aliasing]
  800 |         const _Float16 scale = *(const _Float16*)(&s);
      |                                 ^~~~~~~~~~~~~~~~~~~~~
/home/moyamryia/Projects/riscv-accl-bench-2026-09-27/k1-layout-20260930-153134/source/ggml/src/ggml-cpu/spacemit/ime.cpp: In instantiation of ‘void ggml::cpu::riscv64_spacemit::tensor_traits<BLOC_TYPE, INTER_SIZE, NB_COLS>::forward_mul_mat(ggml_compute_params*, ggml_tensor*) [with BLOC_TYPE = block_q5_0; long int INTER_SIZE = 32; long int NB_COLS = 32]’:
/home/moyamryia/Projects/riscv-accl-bench-2026-09-27/k1-layout-20260930-153134/source/ggml/src/ggml-cpu/spacemit/ime.cpp:203:25:   required from ‘bool ggml::cpu::riscv64_spacemit::tensor_traits<BLOC_TYPE, INTER_SIZE, NB_COLS>::compute_forward(ggml_compute_params*, ggml_tensor*) [with BLOC_TYPE = block_q5_0; long int INTER_SIZE = 32; long int NB_COLS = 32]’
  203 |                         forward_mul_mat(params, op);
      |                         ^~~~~~~~~~~~~~~
/home/moyamryia/Projects/riscv-accl-bench-2026-09-27/k1-layout-20260930-153134/source/ggml/src/ggml-cpu/spacemit/ime.cpp:189:10:   required from here
  189 |     bool compute_forward(ggml_compute_params * params, ggml_tensor * op) override {
      |          ^~~~~~~~~~~~~~~
/home/moyamryia/Projects/riscv-accl-bench-2026-09-27/k1-layout-20260930-153134/source/ggml/src/ggml-cpu/spacemit/ime.cpp:340:39: warning: comparison of integer expressions of different signedness: ‘size_t’ {aka ‘long unsigned int’} and ‘const int64_t’ {aka ‘const long int’} [-Wsign-compare]
  340 |         if (ith == 0 && params->wsize < gemm_workspace_size) {
      |                         ~~~~~~~~~~~~~~^~~~~~~~~~~~~~~~~~~~~
/home/moyamryia/Projects/riscv-accl-bench-2026-09-27/k1-layout-20260930-153134/source/ggml/src/ggml-cpu/spacemit/ime.cpp: In instantiation of ‘void ggml::cpu::riscv64_spacemit::tensor_traits<BLOC_TYPE, INTER_SIZE, NB_COLS>::forward_mul_mat_id(ggml_compute_params*, ggml_tensor*) [with BLOC_TYPE = block_q5_0; long int INTER_SIZE = 32; long int NB_COLS = 32]’:
/home/moyamryia/Projects/riscv-accl-bench-2026-09-27/k1-layout-20260930-153134/source/ggml/src/ggml-cpu/spacemit/ime.cpp:222:25:   required from ‘bool ggml::cpu::riscv64_spacemit::tensor_traits<BLOC_TYPE, INTER_SIZE, NB_COLS>::compute_forward(ggml_compute_params*, ggml_tensor*) [with BLOC_TYPE = block_q5_0; long int INTER_SIZE = 32; long int NB_COLS = 32]’
  222 |                         forward_mul_mat_id(params, op);
      |                         ^~~~~~~~~~~~~~~~~~
/home/moyamryia/Projects/riscv-accl-bench-2026-09-27/k1-layout-20260930-153134/source/ggml/src/ggml-cpu/spacemit/ime.cpp:189:10:   required from here
  189 |     bool compute_forward(ggml_compute_params * params, ggml_tensor * op) override {
      |          ^~~~~~~~~~~~~~~
/home/moyamryia/Projects/riscv-accl-bench-2026-09-27/k1-layout-20260930-153134/source/ggml/src/ggml-cpu/spacemit/ime.cpp:694:39: warning: comparison of integer expressions of different signedness: ‘int64_t’ {aka ‘long int’} and ‘long unsigned int’ [-Wsign-compare]
  694 |             for (int64_t ii = ith; ii < ne12 * a_k_blks; ii += nth) {
      |                                    ~~~^~~~~~~~~~~~~~~~~
/home/moyamryia/Projects/riscv-accl-bench-2026-09-27/k1-layout-20260930-153134/source/ggml/src/ggml-cpu/spacemit/ime.cpp:777:60: warning: comparison of integer expressions of different signedness: ‘const size_t’ {aka ‘const long unsigned int’} and ‘long int’ [-Wsign-compare]
  777 |             valid_act_count_t == n_as && per_nb_cols_wsize <= tcm_buffer_size) {
      |                                          ~~~~~~~~~~~~~~~~~~^~~~~~~~~~~~~~~~~~
/home/moyamryia/Projects/riscv-accl-bench-2026-09-27/k1-layout-20260930-153134/source/ggml/src/ggml-cpu/spacemit/ime.cpp:797:48: warning: comparison of integer expressions of different signedness: ‘long unsigned int’ and ‘long int’ [-Wsign-compare]
  797 |                 if ((nbw1 + per_nb_cols_wsize) <= tcm_buffer_size) {
      |                     ~~~~~~~~~~~~~~~~~~~~~~~~~~~^~~~~~~~~~~~~~~~~~
/home/moyamryia/Projects/riscv-accl-bench-2026-09-27/k1-layout-20260930-153134/source/ggml/src/ggml-cpu/spacemit/ime.cpp:869:68: warning: comparison of integer expressions of different signedness: ‘long unsigned int’ and ‘long int’ [-Wsign-compare]
  869 |                     (src0_cur_end - src0_cur_start) * row_stride_b <= tcm_buffer_size) {
      |                     ~~~~~~~~~~~~~~~~~~~~~~~~~~~~~~~~~~~~~~~~~~~~~~~^~~~~~~~~~~~~~~~~~
/home/moyamryia/Projects/riscv-accl-bench-2026-09-27/k1-layout-20260930-153134/source/ggml/src/ggml-cpu/spacemit/ime.cpp: In instantiation of ‘void ggml::cpu::riscv64_spacemit::tensor_traits<BLOC_TYPE, INTER_SIZE, NB_COLS>::forward_mul_mat(ggml_compute_params*, ggml_tensor*) [with BLOC_TYPE = block_q5_1; long int INTER_SIZE = 32; long int NB_COLS = 32]’:
/home/moyamryia/Projects/riscv-accl-bench-2026-09-27/k1-layout-20260930-153134/source/ggml/src/ggml-cpu/spacemit/ime.cpp:203:25:   required from ‘bool ggml::cpu::riscv64_spacemit::tensor_traits<BLOC_TYPE, INTER_SIZE, NB_COLS>::compute_forward(ggml_compute_params*, ggml_tensor*) [with BLOC_TYPE = block_q5_1; long int INTER_SIZE = 32; long int NB_COLS = 32]’
  203 |                         forward_mul_mat(params, op);
      |                         ^~~~~~~~~~~~~~~
/home/moyamryia/Projects/riscv-accl-bench-2026-09-27/k1-layout-20260930-153134/source/ggml/src/ggml-cpu/spacemit/ime.cpp:189:10:   required from here
  189 |     bool compute_forward(ggml_compute_params * params, ggml_tensor * op) override {
      |          ^~~~~~~~~~~~~~~
/home/moyamryia/Projects/riscv-accl-bench-2026-09-27/k1-layout-20260930-153134/source/ggml/src/ggml-cpu/spacemit/ime.cpp:340:39: warning: comparison of integer expressions of different signedness: ‘size_t’ {aka ‘long unsigned int’} and ‘const int64_t’ {aka ‘const long int’} [-Wsign-compare]
  340 |         if (ith == 0 && params->wsize < gemm_workspace_size) {
      |                         ~~~~~~~~~~~~~~^~~~~~~~~~~~~~~~~~~~~
/home/moyamryia/Projects/riscv-accl-bench-2026-09-27/k1-layout-20260930-153134/source/ggml/src/ggml-cpu/spacemit/ime.cpp: In instantiation of ‘void ggml::cpu::riscv64_spacemit::tensor_traits<BLOC_TYPE, INTER_SIZE, NB_COLS>::forward_mul_mat_id(ggml_compute_params*, ggml_tensor*) [with BLOC_TYPE = block_q5_1; long int INTER_SIZE = 32; long int NB_COLS = 32]’:
/home/moyamryia/Projects/riscv-accl-bench-2026-09-27/k1-layout-20260930-153134/source/ggml/src/ggml-cpu/spacemit/ime.cpp:222:25:   required from ‘bool ggml::cpu::riscv64_spacemit::tensor_traits<BLOC_TYPE, INTER_SIZE, NB_COLS>::compute_forward(ggml_compute_params*, ggml_tensor*) [with BLOC_TYPE = block_q5_1; long int INTER_SIZE = 32; long int NB_COLS = 32]’
  222 |                         forward_mul_mat_id(params, op);
      |                         ^~~~~~~~~~~~~~~~~~
/home/moyamryia/Projects/riscv-accl-bench-2026-09-27/k1-layout-20260930-153134/source/ggml/src/ggml-cpu/spacemit/ime.cpp:189:10:   required from here
  189 |     bool compute_forward(ggml_compute_params * params, ggml_tensor * op) override {
      |          ^~~~~~~~~~~~~~~
/home/moyamryia/Projects/riscv-accl-bench-2026-09-27/k1-layout-20260930-153134/source/ggml/src/ggml-cpu/spacemit/ime.cpp:694:39: warning: comparison of integer expressions of different signedness: ‘int64_t’ {aka ‘long int’} and ‘long unsigned int’ [-Wsign-compare]
  694 |             for (int64_t ii = ith; ii < ne12 * a_k_blks; ii += nth) {
      |                                    ~~~^~~~~~~~~~~~~~~~~
/home/moyamryia/Projects/riscv-accl-bench-2026-09-27/k1-layout-20260930-153134/source/ggml/src/ggml-cpu/spacemit/ime.cpp:777:60: warning: comparison of integer expressions of different signedness: ‘const size_t’ {aka ‘const long unsigned int’} and ‘long int’ [-Wsign-compare]
  777 |             valid_act_count_t == n_as && per_nb_cols_wsize <= tcm_buffer_size) {
      |                                          ~~~~~~~~~~~~~~~~~~^~~~~~~~~~~~~~~~~~
/home/moyamryia/Projects/riscv-accl-bench-2026-09-27/k1-layout-20260930-153134/source/ggml/src/ggml-cpu/spacemit/ime.cpp:797:48: warning: comparison of integer expressions of different signedness: ‘long unsigned int’ and ‘long int’ [-Wsign-compare]
  797 |                 if ((nbw1 + per_nb_cols_wsize) <= tcm_buffer_size) {
      |                     ~~~~~~~~~~~~~~~~~~~~~~~~~~~^~~~~~~~~~~~~~~~~~
/home/moyamryia/Projects/riscv-accl-bench-2026-09-27/k1-layout-20260930-153134/source/ggml/src/ggml-cpu/spacemit/ime.cpp:869:68: warning: comparison of integer expressions of different signedness: ‘long unsigned int’ and ‘long int’ [-Wsign-compare]
  869 |                     (src0_cur_end - src0_cur_start) * row_stride_b <= tcm_buffer_size) {
      |                     ~~~~~~~~~~~~~~~~~~~~~~~~~~~~~~~~~~~~~~~~~~~~~~~^~~~~~~~~~~~~~~~~~
/home/moyamryia/Projects/riscv-accl-bench-2026-09-27/k1-layout-20260930-153134/source/ggml/src/ggml-cpu/spacemit/ime.cpp: In instantiation of ‘void ggml::cpu::riscv64_spacemit::tensor_traits<BLOC_TYPE, INTER_SIZE, NB_COLS>::forward_mul_mat(ggml_compute_params*, ggml_tensor*) [with BLOC_TYPE = block_q5_K; long int INTER_SIZE = 32; long int NB_COLS = 32]’:
/home/moyamryia/Projects/riscv-accl-bench-2026-09-27/k1-layout-20260930-153134/source/ggml/src/ggml-cpu/spacemit/ime.cpp:203:25:   required from ‘bool ggml::cpu::riscv64_spacemit::tensor_traits<BLOC_TYPE, INTER_SIZE, NB_COLS>::compute_forward(ggml_compute_params*, ggml_tensor*) [with BLOC_TYPE = block_q5_K; long int INTER_SIZE = 32; long int NB_COLS = 32]’
  203 |                         forward_mul_mat(params, op);
      |                         ^~~~~~~~~~~~~~~
/home/moyamryia/Projects/riscv-accl-bench-2026-09-27/k1-layout-20260930-153134/source/ggml/src/ggml-cpu/spacemit/ime.cpp:189:10:   required from here
  189 |     bool compute_forward(ggml_compute_params * params, ggml_tensor * op) override {
      |          ^~~~~~~~~~~~~~~
/home/moyamryia/Projects/riscv-accl-bench-2026-09-27/k1-layout-20260930-153134/source/ggml/src/ggml-cpu/spacemit/ime.cpp:340:39: warning: comparison of integer expressions of different signedness: ‘size_t’ {aka ‘long unsigned int’} and ‘const int64_t’ {aka ‘const long int’} [-Wsign-compare]
  340 |         if (ith == 0 && params->wsize < gemm_workspace_size) {
      |                         ~~~~~~~~~~~~~~^~~~~~~~~~~~~~~~~~~~~
/home/moyamryia/Projects/riscv-accl-bench-2026-09-27/k1-layout-20260930-153134/source/ggml/src/ggml-cpu/spacemit/ime.cpp: In instantiation of ‘void ggml::cpu::riscv64_spacemit::tensor_traits<BLOC_TYPE, INTER_SIZE, NB_COLS>::forward_mul_mat_id(ggml_compute_params*, ggml_tensor*) [with BLOC_TYPE = block_q5_K; long int INTER_SIZE = 32; long int NB_COLS = 32]’:
/home/moyamryia/Projects/riscv-accl-bench-2026-09-27/k1-layout-20260930-153134/source/ggml/src/ggml-cpu/spacemit/ime.cpp:222:25:   required from ‘bool ggml::cpu::riscv64_spacemit::tensor_traits<BLOC_TYPE, INTER_SIZE, NB_COLS>::compute_forward(ggml_compute_params*, ggml_tensor*) [with BLOC_TYPE = block_q5_K; long int INTER_SIZE = 32; long int NB_COLS = 32]’
  222 |                         forward_mul_mat_id(params, op);
      |                         ^~~~~~~~~~~~~~~~~~
/home/moyamryia/Projects/riscv-accl-bench-2026-09-27/k1-layout-20260930-153134/source/ggml/src/ggml-cpu/spacemit/ime.cpp:189:10:   required from here
  189 |     bool compute_forward(ggml_compute_params * params, ggml_tensor * op) override {
      |          ^~~~~~~~~~~~~~~
/home/moyamryia/Projects/riscv-accl-bench-2026-09-27/k1-layout-20260930-153134/source/ggml/src/ggml-cpu/spacemit/ime.cpp:694:39: warning: comparison of integer expressions of different signedness: ‘int64_t’ {aka ‘long int’} and ‘long unsigned int’ [-Wsign-compare]
  694 |             for (int64_t ii = ith; ii < ne12 * a_k_blks; ii += nth) {
      |                                    ~~~^~~~~~~~~~~~~~~~~
/home/moyamryia/Projects/riscv-accl-bench-2026-09-27/k1-layout-20260930-153134/source/ggml/src/ggml-cpu/spacemit/ime.cpp:777:60: warning: comparison of integer expressions of different signedness: ‘const size_t’ {aka ‘const long unsigned int’} and ‘long int’ [-Wsign-compare]
  777 |             valid_act_count_t == n_as && per_nb_cols_wsize <= tcm_buffer_size) {
      |                                          ~~~~~~~~~~~~~~~~~~^~~~~~~~~~~~~~~~~~
/home/moyamryia/Projects/riscv-accl-bench-2026-09-27/k1-layout-20260930-153134/source/ggml/src/ggml-cpu/spacemit/ime.cpp:797:48: warning: comparison of integer expressions of different signedness: ‘long unsigned int’ and ‘long int’ [-Wsign-compare]
  797 |                 if ((nbw1 + per_nb_cols_wsize) <= tcm_buffer_size) {
      |                     ~~~~~~~~~~~~~~~~~~~~~~~~~~~^~~~~~~~~~~~~~~~~~
/home/moyamryia/Projects/riscv-accl-bench-2026-09-27/k1-layout-20260930-153134/source/ggml/src/ggml-cpu/spacemit/ime.cpp:869:68: warning: comparison of integer expressions of different signedness: ‘long unsigned int’ and ‘long int’ [-Wsign-compare]
  869 |                     (src0_cur_end - src0_cur_start) * row_stride_b <= tcm_buffer_size) {
      |                     ~~~~~~~~~~~~~~~~~~~~~~~~~~~~~~~~~~~~~~~~~~~~~~~^~~~~~~~~~~~~~~~~~
/home/moyamryia/Projects/riscv-accl-bench-2026-09-27/k1-layout-20260930-153134/source/ggml/src/ggml-cpu/spacemit/ime.cpp: In instantiation of ‘void ggml::cpu::riscv64_spacemit::tensor_traits<BLOC_TYPE, INTER_SIZE, NB_COLS>::forward_mul_mat(ggml_compute_params*, ggml_tensor*) [with BLOC_TYPE = block_mxfp4; long int INTER_SIZE = 32; long int NB_COLS = 32]’:
/home/moyamryia/Projects/riscv-accl-bench-2026-09-27/k1-layout-20260930-153134/source/ggml/src/ggml-cpu/spacemit/ime.cpp:203:25:   required from ‘bool ggml::cpu::riscv64_spacemit::tensor_traits<BLOC_TYPE, INTER_SIZE, NB_COLS>::compute_forward(ggml_compute_params*, ggml_tensor*) [with BLOC_TYPE = block_mxfp4; long int INTER_SIZE = 32; long int NB_COLS = 32]’
  203 |                         forward_mul_mat(params, op);
      |                         ^~~~~~~~~~~~~~~
/home/moyamryia/Projects/riscv-accl-bench-2026-09-27/k1-layout-20260930-153134/source/ggml/src/ggml-cpu/spacemit/ime.cpp:189:10:   required from here
  189 |     bool compute_forward(ggml_compute_params * params, ggml_tensor * op) override {
      |          ^~~~~~~~~~~~~~~
/home/moyamryia/Projects/riscv-accl-bench-2026-09-27/k1-layout-20260930-153134/source/ggml/src/ggml-cpu/spacemit/ime.cpp:340:39: warning: comparison of integer expressions of different signedness: ‘size_t’ {aka ‘long unsigned int’} and ‘const int64_t’ {aka ‘const long int’} [-Wsign-compare]
  340 |         if (ith == 0 && params->wsize < gemm_workspace_size) {
      |                         ~~~~~~~~~~~~~~^~~~~~~~~~~~~~~~~~~~~
/home/moyamryia/Projects/riscv-accl-bench-2026-09-27/k1-layout-20260930-153134/source/ggml/src/ggml-cpu/spacemit/ime.cpp: In instantiation of ‘void ggml::cpu::riscv64_spacemit::tensor_traits<BLOC_TYPE, INTER_SIZE, NB_COLS>::forward_mul_mat_id(ggml_compute_params*, ggml_tensor*) [with BLOC_TYPE = block_mxfp4; long int INTER_SIZE = 32; long int NB_COLS = 32]’:
/home/moyamryia/Projects/riscv-accl-bench-2026-09-27/k1-layout-20260930-153134/source/ggml/src/ggml-cpu/spacemit/ime.cpp:222:25:   required from ‘bool ggml::cpu::riscv64_spacemit::tensor_traits<BLOC_TYPE, INTER_SIZE, NB_COLS>::compute_forward(ggml_compute_params*, ggml_tensor*) [with BLOC_TYPE = block_mxfp4; long int INTER_SIZE = 32; long int NB_COLS = 32]’
  222 |                         forward_mul_mat_id(params, op);
      |                         ^~~~~~~~~~~~~~~~~~
/home/moyamryia/Projects/riscv-accl-bench-2026-09-27/k1-layout-20260930-153134/source/ggml/src/ggml-cpu/spacemit/ime.cpp:189:10:   required from here
  189 |     bool compute_forward(ggml_compute_params * params, ggml_tensor * op) override {
      |          ^~~~~~~~~~~~~~~
/home/moyamryia/Projects/riscv-accl-bench-2026-09-27/k1-layout-20260930-153134/source/ggml/src/ggml-cpu/spacemit/ime.cpp:694:39: warning: comparison of integer expressions of different signedness: ‘int64_t’ {aka ‘long int’} and ‘long unsigned int’ [-Wsign-compare]
  694 |             for (int64_t ii = ith; ii < ne12 * a_k_blks; ii += nth) {
      |                                    ~~~^~~~~~~~~~~~~~~~~
/home/moyamryia/Projects/riscv-accl-bench-2026-09-27/k1-layout-20260930-153134/source/ggml/src/ggml-cpu/spacemit/ime.cpp:777:60: warning: comparison of integer expressions of different signedness: ‘const size_t’ {aka ‘const long unsigned int’} and ‘long int’ [-Wsign-compare]
  777 |             valid_act_count_t == n_as && per_nb_cols_wsize <= tcm_buffer_size) {
      |                                          ~~~~~~~~~~~~~~~~~~^~~~~~~~~~~~~~~~~~
/home/moyamryia/Projects/riscv-accl-bench-2026-09-27/k1-layout-20260930-153134/source/ggml/src/ggml-cpu/spacemit/ime.cpp:797:48: warning: comparison of integer expressions of different signedness: ‘long unsigned int’ and ‘long int’ [-Wsign-compare]
  797 |                 if ((nbw1 + per_nb_cols_wsize) <= tcm_buffer_size) {
      |                     ~~~~~~~~~~~~~~~~~~~~~~~~~~~^~~~~~~~~~~~~~~~~~
/home/moyamryia/Projects/riscv-accl-bench-2026-09-27/k1-layout-20260930-153134/source/ggml/src/ggml-cpu/spacemit/ime.cpp:869:68: warning: comparison of integer expressions of different signedness: ‘long unsigned int’ and ‘long int’ [-Wsign-compare]
  869 |                     (src0_cur_end - src0_cur_start) * row_stride_b <= tcm_buffer_size) {
      |                     ~~~~~~~~~~~~~~~~~~~~~~~~~~~~~~~~~~~~~~~~~~~~~~~^~~~~~~~~~~~~~~~~~
/home/moyamryia/Projects/riscv-accl-bench-2026-09-27/k1-layout-20260930-153134/source/ggml/src/ggml-cpu/spacemit/ime.cpp: In instantiation of ‘void ggml::cpu::riscv64_spacemit::tensor_traits<BLOC_TYPE, INTER_SIZE, NB_COLS>::forward_mul_mat(ggml_compute_params*, ggml_tensor*) [with BLOC_TYPE = block_q8_0; long int INTER_SIZE = 32; long int NB_COLS = 16]’:
/home/moyamryia/Projects/riscv-accl-bench-2026-09-27/k1-layout-20260930-153134/source/ggml/src/ggml-cpu/spacemit/ime.cpp:203:25:   required from ‘bool ggml::cpu::riscv64_spacemit::tensor_traits<BLOC_TYPE, INTER_SIZE, NB_COLS>::compute_forward(ggml_compute_params*, ggml_tensor*) [with BLOC_TYPE = block_q8_0; long int INTER_SIZE = 32; long int NB_COLS = 16]’
  203 |                         forward_mul_mat(params, op);
      |                         ^~~~~~~~~~~~~~~
/home/moyamryia/Projects/riscv-accl-bench-2026-09-27/k1-layout-20260930-153134/source/ggml/src/ggml-cpu/spacemit/ime.cpp:189:10:   required from here
  189 |     bool compute_forward(ggml_compute_params * params, ggml_tensor * op) override {
      |          ^~~~~~~~~~~~~~~
/home/moyamryia/Projects/riscv-accl-bench-2026-09-27/k1-layout-20260930-153134/source/ggml/src/ggml-cpu/spacemit/ime.cpp:340:39: warning: comparison of integer expressions of different signedness: ‘size_t’ {aka ‘long unsigned int’} and ‘const int64_t’ {aka ‘const long int’} [-Wsign-compare]
  340 |         if (ith == 0 && params->wsize < gemm_workspace_size) {
      |                         ~~~~~~~~~~~~~~^~~~~~~~~~~~~~~~~~~~~
/home/moyamryia/Projects/riscv-accl-bench-2026-09-27/k1-layout-20260930-153134/source/ggml/src/ggml-cpu/spacemit/ime.cpp: In instantiation of ‘void ggml::cpu::riscv64_spacemit::tensor_traits<BLOC_TYPE, INTER_SIZE, NB_COLS>::forward_mul_mat_id(ggml_compute_params*, ggml_tensor*) [with BLOC_TYPE = block_q8_0; long int INTER_SIZE = 32; long int NB_COLS = 16]’:
/home/moyamryia/Projects/riscv-accl-bench-2026-09-27/k1-layout-20260930-153134/source/ggml/src/ggml-cpu/spacemit/ime.cpp:222:25:   required from ‘bool ggml::cpu::riscv64_spacemit::tensor_traits<BLOC_TYPE, INTER_SIZE, NB_COLS>::compute_forward(ggml_compute_params*, ggml_tensor*) [with BLOC_TYPE = block_q8_0; long int INTER_SIZE = 32; long int NB_COLS = 16]’
  222 |                         forward_mul_mat_id(params, op);
      |                         ^~~~~~~~~~~~~~~~~~
/home/moyamryia/Projects/riscv-accl-bench-2026-09-27/k1-layout-20260930-153134/source/ggml/src/ggml-cpu/spacemit/ime.cpp:189:10:   required from here
  189 |     bool compute_forward(ggml_compute_params * params, ggml_tensor * op) override {
      |          ^~~~~~~~~~~~~~~
/home/moyamryia/Projects/riscv-accl-bench-2026-09-27/k1-layout-20260930-153134/source/ggml/src/ggml-cpu/spacemit/ime.cpp:694:39: warning: comparison of integer expressions of different signedness: ‘int64_t’ {aka ‘long int’} and ‘long unsigned int’ [-Wsign-compare]
  694 |             for (int64_t ii = ith; ii < ne12 * a_k_blks; ii += nth) {
      |                                    ~~~^~~~~~~~~~~~~~~~~
/home/moyamryia/Projects/riscv-accl-bench-2026-09-27/k1-layout-20260930-153134/source/ggml/src/ggml-cpu/spacemit/ime.cpp:777:60: warning: comparison of integer expressions of different signedness: ‘const size_t’ {aka ‘const long unsigned int’} and ‘long int’ [-Wsign-compare]
  777 |             valid_act_count_t == n_as && per_nb_cols_wsize <= tcm_buffer_size) {
      |                                          ~~~~~~~~~~~~~~~~~~^~~~~~~~~~~~~~~~~~
/home/moyamryia/Projects/riscv-accl-bench-2026-09-27/k1-layout-20260930-153134/source/ggml/src/ggml-cpu/spacemit/ime.cpp:797:48: warning: comparison of integer expressions of different signedness: ‘long unsigned int’ and ‘long int’ [-Wsign-compare]
  797 |                 if ((nbw1 + per_nb_cols_wsize) <= tcm_buffer_size) {
      |                     ~~~~~~~~~~~~~~~~~~~~~~~~~~~^~~~~~~~~~~~~~~~~~
/home/moyamryia/Projects/riscv-accl-bench-2026-09-27/k1-layout-20260930-153134/source/ggml/src/ggml-cpu/spacemit/ime.cpp:869:68: warning: comparison of integer expressions of different signedness: ‘long unsigned int’ and ‘long int’ [-Wsign-compare]
  869 |                     (src0_cur_end - src0_cur_start) * row_stride_b <= tcm_buffer_size) {
      |                     ~~~~~~~~~~~~~~~~~~~~~~~~~~~~~~~~~~~~~~~~~~~~~~~^~~~~~~~~~~~~~~~~~
/home/moyamryia/Projects/riscv-accl-bench-2026-09-27/k1-layout-20260930-153134/source/ggml/src/ggml-cpu/spacemit/ime.cpp: In instantiation of ‘void ggml::cpu::riscv64_spacemit::tensor_traits<BLOC_TYPE, INTER_SIZE, NB_COLS>::forward_mul_mat(ggml_compute_params*, ggml_tensor*) [with BLOC_TYPE = block_q8_0; long int INTER_SIZE = 32; long int NB_COLS = 32]’:
/home/moyamryia/Projects/riscv-accl-bench-2026-09-27/k1-layout-20260930-153134/source/ggml/src/ggml-cpu/spacemit/ime.cpp:203:25:   required from ‘bool ggml::cpu::riscv64_spacemit::tensor_traits<BLOC_TYPE, INTER_SIZE, NB_COLS>::compute_forward(ggml_compute_params*, ggml_tensor*) [with BLOC_TYPE = block_q8_0; long int INTER_SIZE = 32; long int NB_COLS = 32]’
  203 |                         forward_mul_mat(params, op);
      |                         ^~~~~~~~~~~~~~~
/home/moyamryia/Projects/riscv-accl-bench-2026-09-27/k1-layout-20260930-153134/source/ggml/src/ggml-cpu/spacemit/ime.cpp:189:10:   required from here
  189 |     bool compute_forward(ggml_compute_params * params, ggml_tensor * op) override {
      |          ^~~~~~~~~~~~~~~
/home/moyamryia/Projects/riscv-accl-bench-2026-09-27/k1-layout-20260930-153134/source/ggml/src/ggml-cpu/spacemit/ime.cpp:340:39: warning: comparison of integer expressions of different signedness: ‘size_t’ {aka ‘long unsigned int’} and ‘const int64_t’ {aka ‘const long int’} [-Wsign-compare]
  340 |         if (ith == 0 && params->wsize < gemm_workspace_size) {
      |                         ~~~~~~~~~~~~~~^~~~~~~~~~~~~~~~~~~~~
/home/moyamryia/Projects/riscv-accl-bench-2026-09-27/k1-layout-20260930-153134/source/ggml/src/ggml-cpu/spacemit/ime.cpp: In instantiation of ‘void ggml::cpu::riscv64_spacemit::tensor_traits<BLOC_TYPE, INTER_SIZE, NB_COLS>::forward_mul_mat_id(ggml_compute_params*, ggml_tensor*) [with BLOC_TYPE = block_q8_0; long int INTER_SIZE = 32; long int NB_COLS = 32]’:
/home/moyamryia/Projects/riscv-accl-bench-2026-09-27/k1-layout-20260930-153134/source/ggml/src/ggml-cpu/spacemit/ime.cpp:222:25:   required from ‘bool ggml::cpu::riscv64_spacemit::tensor_traits<BLOC_TYPE, INTER_SIZE, NB_COLS>::compute_forward(ggml_compute_params*, ggml_tensor*) [with BLOC_TYPE = block_q8_0; long int INTER_SIZE = 32; long int NB_COLS = 32]’
  222 |                         forward_mul_mat_id(params, op);
      |                         ^~~~~~~~~~~~~~~~~~
/home/moyamryia/Projects/riscv-accl-bench-2026-09-27/k1-layout-20260930-153134/source/ggml/src/ggml-cpu/spacemit/ime.cpp:189:10:   required from here
  189 |     bool compute_forward(ggml_compute_params * params, ggml_tensor * op) override {
      |          ^~~~~~~~~~~~~~~
/home/moyamryia/Projects/riscv-accl-bench-2026-09-27/k1-layout-20260930-153134/source/ggml/src/ggml-cpu/spacemit/ime.cpp:694:39: warning: comparison of integer expressions of different signedness: ‘int64_t’ {aka ‘long int’} and ‘long unsigned int’ [-Wsign-compare]
  694 |             for (int64_t ii = ith; ii < ne12 * a_k_blks; ii += nth) {
      |                                    ~~~^~~~~~~~~~~~~~~~~
/home/moyamryia/Projects/riscv-accl-bench-2026-09-27/k1-layout-20260930-153134/source/ggml/src/ggml-cpu/spacemit/ime.cpp:777:60: warning: comparison of integer expressions of different signedness: ‘const size_t’ {aka ‘const long unsigned int’} and ‘long int’ [-Wsign-compare]
  777 |             valid_act_count_t == n_as && per_nb_cols_wsize <= tcm_buffer_size) {
      |                                          ~~~~~~~~~~~~~~~~~~^~~~~~~~~~~~~~~~~~
/home/moyamryia/Projects/riscv-accl-bench-2026-09-27/k1-layout-20260930-153134/source/ggml/src/ggml-cpu/spacemit/ime.cpp:797:48: warning: comparison of integer expressions of different signedness: ‘long unsigned int’ and ‘long int’ [-Wsign-compare]
  797 |                 if ((nbw1 + per_nb_cols_wsize) <= tcm_buffer_size) {
      |                     ~~~~~~~~~~~~~~~~~~~~~~~~~~~^~~~~~~~~~~~~~~~~~
/home/moyamryia/Projects/riscv-accl-bench-2026-09-27/k1-layout-20260930-153134/source/ggml/src/ggml-cpu/spacemit/ime.cpp:869:68: warning: comparison of integer expressions of different signedness: ‘long unsigned int’ and ‘long int’ [-Wsign-compare]
  869 |                     (src0_cur_end - src0_cur_start) * row_stride_b <= tcm_buffer_size) {
      |                     ~~~~~~~~~~~~~~~~~~~~~~~~~~~~~~~~~~~~~~~~~~~~~~~^~~~~~~~~~~~~~~~~~
/home/moyamryia/Projects/riscv-accl-bench-2026-09-27/k1-layout-20260930-153134/source/ggml/src/ggml-cpu/spacemit/ime.cpp: In instantiation of ‘void ggml::cpu::riscv64_spacemit::tensor_traits<BLOC_TYPE, INTER_SIZE, NB_COLS>::forward_mul_mat(ggml_compute_params*, ggml_tensor*) [with BLOC_TYPE = block_q6_K; long int INTER_SIZE = 32; long int NB_COLS = 32]’:
/home/moyamryia/Projects/riscv-accl-bench-2026-09-27/k1-layout-20260930-153134/source/ggml/src/ggml-cpu/spacemit/ime.cpp:203:25:   required from ‘bool ggml::cpu::riscv64_spacemit::tensor_traits<BLOC_TYPE, INTER_SIZE, NB_COLS>::compute_forward(ggml_compute_params*, ggml_tensor*) [with BLOC_TYPE = block_q6_K; long int INTER_SIZE = 32; long int NB_COLS = 32]’
  203 |                         forward_mul_mat(params, op);
      |                         ^~~~~~~~~~~~~~~
/home/moyamryia/Projects/riscv-accl-bench-2026-09-27/k1-layout-20260930-153134/source/ggml/src/ggml-cpu/spacemit/ime.cpp:189:10:   required from here
  189 |     bool compute_forward(ggml_compute_params * params, ggml_tensor * op) override {
      |          ^~~~~~~~~~~~~~~
/home/moyamryia/Projects/riscv-accl-bench-2026-09-27/k1-layout-20260930-153134/source/ggml/src/ggml-cpu/spacemit/ime.cpp:340:39: warning: comparison of integer expressions of different signedness: ‘size_t’ {aka ‘long unsigned int’} and ‘const int64_t’ {aka ‘const long int’} [-Wsign-compare]
  340 |         if (ith == 0 && params->wsize < gemm_workspace_size) {
      |                         ~~~~~~~~~~~~~~^~~~~~~~~~~~~~~~~~~~~
/home/moyamryia/Projects/riscv-accl-bench-2026-09-27/k1-layout-20260930-153134/source/ggml/src/ggml-cpu/spacemit/ime.cpp: In instantiation of ‘void ggml::cpu::riscv64_spacemit::tensor_traits<BLOC_TYPE, INTER_SIZE, NB_COLS>::forward_mul_mat_id(ggml_compute_params*, ggml_tensor*) [with BLOC_TYPE = block_q6_K; long int INTER_SIZE = 32; long int NB_COLS = 32]’:
/home/moyamryia/Projects/riscv-accl-bench-2026-09-27/k1-layout-20260930-153134/source/ggml/src/ggml-cpu/spacemit/ime.cpp:222:25:   required from ‘bool ggml::cpu::riscv64_spacemit::tensor_traits<BLOC_TYPE, INTER_SIZE, NB_COLS>::compute_forward(ggml_compute_params*, ggml_tensor*) [with BLOC_TYPE = block_q6_K; long int INTER_SIZE = 32; long int NB_COLS = 32]’
  222 |                         forward_mul_mat_id(params, op);
      |                         ^~~~~~~~~~~~~~~~~~
/home/moyamryia/Projects/riscv-accl-bench-2026-09-27/k1-layout-20260930-153134/source/ggml/src/ggml-cpu/spacemit/ime.cpp:189:10:   required from here
  189 |     bool compute_forward(ggml_compute_params * params, ggml_tensor * op) override {
      |          ^~~~~~~~~~~~~~~
/home/moyamryia/Projects/riscv-accl-bench-2026-09-27/k1-layout-20260930-153134/source/ggml/src/ggml-cpu/spacemit/ime.cpp:694:39: warning: comparison of integer expressions of different signedness: ‘int64_t’ {aka ‘long int’} and ‘long unsigned int’ [-Wsign-compare]
  694 |             for (int64_t ii = ith; ii < ne12 * a_k_blks; ii += nth) {
      |                                    ~~~^~~~~~~~~~~~~~~~~
/home/moyamryia/Projects/riscv-accl-bench-2026-09-27/k1-layout-20260930-153134/source/ggml/src/ggml-cpu/spacemit/ime.cpp:777:60: warning: comparison of integer expressions of different signedness: ‘const size_t’ {aka ‘const long unsigned int’} and ‘long int’ [-Wsign-compare]
  777 |             valid_act_count_t == n_as && per_nb_cols_wsize <= tcm_buffer_size) {
      |                                          ~~~~~~~~~~~~~~~~~~^~~~~~~~~~~~~~~~~~
/home/moyamryia/Projects/riscv-accl-bench-2026-09-27/k1-layout-20260930-153134/source/ggml/src/ggml-cpu/spacemit/ime.cpp:797:48: warning: comparison of integer expressions of different signedness: ‘long unsigned int’ and ‘long int’ [-Wsign-compare]
  797 |                 if ((nbw1 + per_nb_cols_wsize) <= tcm_buffer_size) {
      |                     ~~~~~~~~~~~~~~~~~~~~~~~~~~~^~~~~~~~~~~~~~~~~~
/home/moyamryia/Projects/riscv-accl-bench-2026-09-27/k1-layout-20260930-153134/source/ggml/src/ggml-cpu/spacemit/ime.cpp:869:68: warning: comparison of integer expressions of different signedness: ‘long unsigned int’ and ‘long int’ [-Wsign-compare]
  869 |                     (src0_cur_end - src0_cur_start) * row_stride_b <= tcm_buffer_size) {
      |                     ~~~~~~~~~~~~~~~~~~~~~~~~~~~~~~~~~~~~~~~~~~~~~~~^~~~~~~~~~~~~~~~~~
/home/moyamryia/Projects/riscv-accl-bench-2026-09-27/k1-layout-20260930-153134/source/ggml/src/ggml-cpu/spacemit/ime.cpp: In instantiation of ‘void ggml::cpu::riscv64_spacemit::tensor_traits<BLOC_TYPE, INTER_SIZE, NB_COLS>::forward_mul_mat(ggml_compute_params*, ggml_tensor*) [with BLOC_TYPE = block_q4_K; long int INTER_SIZE = 32; long int NB_COLS = 32]’:
/home/moyamryia/Projects/riscv-accl-bench-2026-09-27/k1-layout-20260930-153134/source/ggml/src/ggml-cpu/spacemit/ime.cpp:203:25:   required from ‘bool ggml::cpu::riscv64_spacemit::tensor_traits<BLOC_TYPE, INTER_SIZE, NB_COLS>::compute_forward(ggml_compute_params*, ggml_tensor*) [with BLOC_TYPE = block_q4_K; long int INTER_SIZE = 32; long int NB_COLS = 32]’
  203 |                         forward_mul_mat(params, op);
      |                         ^~~~~~~~~~~~~~~
/home/moyamryia/Projects/riscv-accl-bench-2026-09-27/k1-layout-20260930-153134/source/ggml/src/ggml-cpu/spacemit/ime.cpp:189:10:   required from here
  189 |     bool compute_forward(ggml_compute_params * params, ggml_tensor * op) override {
      |          ^~~~~~~~~~~~~~~
/home/moyamryia/Projects/riscv-accl-bench-2026-09-27/k1-layout-20260930-153134/source/ggml/src/ggml-cpu/spacemit/ime.cpp:340:39: warning: comparison of integer expressions of different signedness: ‘size_t’ {aka ‘long unsigned int’} and ‘const int64_t’ {aka ‘const long int’} [-Wsign-compare]
  340 |         if (ith == 0 && params->wsize < gemm_workspace_size) {
      |                         ~~~~~~~~~~~~~~^~~~~~~~~~~~~~~~~~~~~
/home/moyamryia/Projects/riscv-accl-bench-2026-09-27/k1-layout-20260930-153134/source/ggml/src/ggml-cpu/spacemit/ime.cpp: In instantiation of ‘void ggml::cpu::riscv64_spacemit::tensor_traits<BLOC_TYPE, INTER_SIZE, NB_COLS>::forward_mul_mat_id(ggml_compute_params*, ggml_tensor*) [with BLOC_TYPE = block_q4_K; long int INTER_SIZE = 32; long int NB_COLS = 32]’:
/home/moyamryia/Projects/riscv-accl-bench-2026-09-27/k1-layout-20260930-153134/source/ggml/src/ggml-cpu/spacemit/ime.cpp:222:25:   required from ‘bool ggml::cpu::riscv64_spacemit::tensor_traits<BLOC_TYPE, INTER_SIZE, NB_COLS>::compute_forward(ggml_compute_params*, ggml_tensor*) [with BLOC_TYPE = block_q4_K; long int INTER_SIZE = 32; long int NB_COLS = 32]’
  222 |                         forward_mul_mat_id(params, op);
      |                         ^~~~~~~~~~~~~~~~~~
/home/moyamryia/Projects/riscv-accl-bench-2026-09-27/k1-layout-20260930-153134/source/ggml/src/ggml-cpu/spacemit/ime.cpp:189:10:   required from here
  189 |     bool compute_forward(ggml_compute_params * params, ggml_tensor * op) override {
      |          ^~~~~~~~~~~~~~~
/home/moyamryia/Projects/riscv-accl-bench-2026-09-27/k1-layout-20260930-153134/source/ggml/src/ggml-cpu/spacemit/ime.cpp:694:39: warning: comparison of integer expressions of different signedness: ‘int64_t’ {aka ‘long int’} and ‘long unsigned int’ [-Wsign-compare]
  694 |             for (int64_t ii = ith; ii < ne12 * a_k_blks; ii += nth) {
      |                                    ~~~^~~~~~~~~~~~~~~~~
/home/moyamryia/Projects/riscv-accl-bench-2026-09-27/k1-layout-20260930-153134/source/ggml/src/ggml-cpu/spacemit/ime.cpp:777:60: warning: comparison of integer expressions of different signedness: ‘const size_t’ {aka ‘const long unsigned int’} and ‘long int’ [-Wsign-compare]
  777 |             valid_act_count_t == n_as && per_nb_cols_wsize <= tcm_buffer_size) {
      |                                          ~~~~~~~~~~~~~~~~~~^~~~~~~~~~~~~~~~~~
/home/moyamryia/Projects/riscv-accl-bench-2026-09-27/k1-layout-20260930-153134/source/ggml/src/ggml-cpu/spacemit/ime.cpp:797:48: warning: comparison of integer expressions of different signedness: ‘long unsigned int’ and ‘long int’ [-Wsign-compare]
  797 |                 if ((nbw1 + per_nb_cols_wsize) <= tcm_buffer_size) {
      |                     ~~~~~~~~~~~~~~~~~~~~~~~~~~~^~~~~~~~~~~~~~~~~~
/home/moyamryia/Projects/riscv-accl-bench-2026-09-27/k1-layout-20260930-153134/source/ggml/src/ggml-cpu/spacemit/ime.cpp:869:68: warning: comparison of integer expressions of different signedness: ‘long unsigned int’ and ‘long int’ [-Wsign-compare]
  869 |                     (src0_cur_end - src0_cur_start) * row_stride_b <= tcm_buffer_size) {
      |                     ~~~~~~~~~~~~~~~~~~~~~~~~~~~~~~~~~~~~~~~~~~~~~~~^~~~~~~~~~~~~~~~~~
/home/moyamryia/Projects/riscv-accl-bench-2026-09-27/k1-layout-20260930-153134/source/ggml/src/ggml-cpu/spacemit/ime.cpp: In instantiation of ‘void ggml::cpu::riscv64_spacemit::tensor_traits<BLOC_TYPE, INTER_SIZE, NB_COLS>::forward_mul_mat(ggml_compute_params*, ggml_tensor*) [with BLOC_TYPE = block_q4_1; long int INTER_SIZE = 256; long int NB_COLS = 32]’:
/home/moyamryia/Projects/riscv-accl-bench-2026-09-27/k1-layout-20260930-153134/source/ggml/src/ggml-cpu/spacemit/ime.cpp:203:25:   required from ‘bool ggml::cpu::riscv64_spacemit::tensor_traits<BLOC_TYPE, INTER_SIZE, NB_COLS>::compute_forward(ggml_compute_params*, ggml_tensor*) [with BLOC_TYPE = block_q4_1; long int INTER_SIZE = 256; long int NB_COLS = 32]’
  203 |                         forward_mul_mat(params, op);
      |                         ^~~~~~~~~~~~~~~
/home/moyamryia/Projects/riscv-accl-bench-2026-09-27/k1-layout-20260930-153134/source/ggml/src/ggml-cpu/spacemit/ime.cpp:189:10:   required from here
  189 |     bool compute_forward(ggml_compute_params * params, ggml_tensor * op) override {
      |          ^~~~~~~~~~~~~~~
/home/moyamryia/Projects/riscv-accl-bench-2026-09-27/k1-layout-20260930-153134/source/ggml/src/ggml-cpu/spacemit/ime.cpp:340:39: warning: comparison of integer expressions of different signedness: ‘size_t’ {aka ‘long unsigned int’} and ‘const int64_t’ {aka ‘const long int’} [-Wsign-compare]
  340 |         if (ith == 0 && params->wsize < gemm_workspace_size) {
      |                         ~~~~~~~~~~~~~~^~~~~~~~~~~~~~~~~~~~~
/home/moyamryia/Projects/riscv-accl-bench-2026-09-27/k1-layout-20260930-153134/source/ggml/src/ggml-cpu/spacemit/ime.cpp: In instantiation of ‘void ggml::cpu::riscv64_spacemit::tensor_traits<BLOC_TYPE, INTER_SIZE, NB_COLS>::forward_mul_mat_id(ggml_compute_params*, ggml_tensor*) [with BLOC_TYPE = block_q4_1; long int INTER_SIZE = 256; long int NB_COLS = 32]’:
/home/moyamryia/Projects/riscv-accl-bench-2026-09-27/k1-layout-20260930-153134/source/ggml/src/ggml-cpu/spacemit/ime.cpp:222:25:   required from ‘bool ggml::cpu::riscv64_spacemit::tensor_traits<BLOC_TYPE, INTER_SIZE, NB_COLS>::compute_forward(ggml_compute_params*, ggml_tensor*) [with BLOC_TYPE = block_q4_1; long int INTER_SIZE = 256; long int NB_COLS = 32]’
  222 |                         forward_mul_mat_id(params, op);
      |                         ^~~~~~~~~~~~~~~~~~
/home/moyamryia/Projects/riscv-accl-bench-2026-09-27/k1-layout-20260930-153134/source/ggml/src/ggml-cpu/spacemit/ime.cpp:189:10:   required from here
  189 |     bool compute_forward(ggml_compute_params * params, ggml_tensor * op) override {
      |          ^~~~~~~~~~~~~~~
/home/moyamryia/Projects/riscv-accl-bench-2026-09-27/k1-layout-20260930-153134/source/ggml/src/ggml-cpu/spacemit/ime.cpp:694:39: warning: comparison of integer expressions of different signedness: ‘int64_t’ {aka ‘long int’} and ‘long unsigned int’ [-Wsign-compare]
  694 |             for (int64_t ii = ith; ii < ne12 * a_k_blks; ii += nth) {
      |                                    ~~~^~~~~~~~~~~~~~~~~
/home/moyamryia/Projects/riscv-accl-bench-2026-09-27/k1-layout-20260930-153134/source/ggml/src/ggml-cpu/spacemit/ime.cpp:777:60: warning: comparison of integer expressions of different signedness: ‘const size_t’ {aka ‘const long unsigned int’} and ‘long int’ [-Wsign-compare]
  777 |             valid_act_count_t == n_as && per_nb_cols_wsize <= tcm_buffer_size) {
      |                                          ~~~~~~~~~~~~~~~~~~^~~~~~~~~~~~~~~~~~
/home/moyamryia/Projects/riscv-accl-bench-2026-09-27/k1-layout-20260930-153134/source/ggml/src/ggml-cpu/spacemit/ime.cpp:797:48: warning: comparison of integer expressions of different signedness: ‘long unsigned int’ and ‘long int’ [-Wsign-compare]
  797 |                 if ((nbw1 + per_nb_cols_wsize) <= tcm_buffer_size) {
      |                     ~~~~~~~~~~~~~~~~~~~~~~~~~~~^~~~~~~~~~~~~~~~~~
/home/moyamryia/Projects/riscv-accl-bench-2026-09-27/k1-layout-20260930-153134/source/ggml/src/ggml-cpu/spacemit/ime.cpp:869:68: warning: comparison of integer expressions of different signedness: ‘long unsigned int’ and ‘long int’ [-Wsign-compare]
  869 |                     (src0_cur_end - src0_cur_start) * row_stride_b <= tcm_buffer_size) {
      |                     ~~~~~~~~~~~~~~~~~~~~~~~~~~~~~~~~~~~~~~~~~~~~~~~^~~~~~~~~~~~~~~~~~
/home/moyamryia/Projects/riscv-accl-bench-2026-09-27/k1-layout-20260930-153134/source/ggml/src/ggml-cpu/spacemit/ime.cpp: In instantiation of ‘void ggml::cpu::riscv64_spacemit::tensor_traits<BLOC_TYPE, INTER_SIZE, NB_COLS>::forward_mul_mat(ggml_compute_params*, ggml_tensor*) [with BLOC_TYPE = block_q4_0; long int INTER_SIZE = 256; long int NB_COLS = 32]’:
/home/moyamryia/Projects/riscv-accl-bench-2026-09-27/k1-layout-20260930-153134/source/ggml/src/ggml-cpu/spacemit/ime.cpp:203:25:   required from ‘bool ggml::cpu::riscv64_spacemit::tensor_traits<BLOC_TYPE, INTER_SIZE, NB_COLS>::compute_forward(ggml_compute_params*, ggml_tensor*) [with BLOC_TYPE = block_q4_0; long int INTER_SIZE = 256; long int NB_COLS = 32]’
  203 |                         forward_mul_mat(params, op);
      |                         ^~~~~~~~~~~~~~~
/home/moyamryia/Projects/riscv-accl-bench-2026-09-27/k1-layout-20260930-153134/source/ggml/src/ggml-cpu/spacemit/ime.cpp:189:10:   required from here
  189 |     bool compute_forward(ggml_compute_params * params, ggml_tensor * op) override {
      |          ^~~~~~~~~~~~~~~
/home/moyamryia/Projects/riscv-accl-bench-2026-09-27/k1-layout-20260930-153134/source/ggml/src/ggml-cpu/spacemit/ime.cpp:340:39: warning: comparison of integer expressions of different signedness: ‘size_t’ {aka ‘long unsigned int’} and ‘const int64_t’ {aka ‘const long int’} [-Wsign-compare]
  340 |         if (ith == 0 && params->wsize < gemm_workspace_size) {
      |                         ~~~~~~~~~~~~~~^~~~~~~~~~~~~~~~~~~~~
/home/moyamryia/Projects/riscv-accl-bench-2026-09-27/k1-layout-20260930-153134/source/ggml/src/ggml-cpu/spacemit/ime.cpp: In instantiation of ‘void ggml::cpu::riscv64_spacemit::tensor_traits<BLOC_TYPE, INTER_SIZE, NB_COLS>::forward_mul_mat_id(ggml_compute_params*, ggml_tensor*) [with BLOC_TYPE = block_q4_0; long int INTER_SIZE = 256; long int NB_COLS = 32]’:
/home/moyamryia/Projects/riscv-accl-bench-2026-09-27/k1-layout-20260930-153134/source/ggml/src/ggml-cpu/spacemit/ime.cpp:222:25:   required from ‘bool ggml::cpu::riscv64_spacemit::tensor_traits<BLOC_TYPE, INTER_SIZE, NB_COLS>::compute_forward(ggml_compute_params*, ggml_tensor*) [with BLOC_TYPE = block_q4_0; long int INTER_SIZE = 256; long int NB_COLS = 32]’
  222 |                         forward_mul_mat_id(params, op);
      |                         ^~~~~~~~~~~~~~~~~~
/home/moyamryia/Projects/riscv-accl-bench-2026-09-27/k1-layout-20260930-153134/source/ggml/src/ggml-cpu/spacemit/ime.cpp:189:10:   required from here
  189 |     bool compute_forward(ggml_compute_params * params, ggml_tensor * op) override {
      |          ^~~~~~~~~~~~~~~
/home/moyamryia/Projects/riscv-accl-bench-2026-09-27/k1-layout-20260930-153134/source/ggml/src/ggml-cpu/spacemit/ime.cpp:694:39: warning: comparison of integer expressions of different signedness: ‘int64_t’ {aka ‘long int’} and ‘long unsigned int’ [-Wsign-compare]
  694 |             for (int64_t ii = ith; ii < ne12 * a_k_blks; ii += nth) {
      |                                    ~~~^~~~~~~~~~~~~~~~~
/home/moyamryia/Projects/riscv-accl-bench-2026-09-27/k1-layout-20260930-153134/source/ggml/src/ggml-cpu/spacemit/ime.cpp:777:60: warning: comparison of integer expressions of different signedness: ‘const size_t’ {aka ‘const long unsigned int’} and ‘long int’ [-Wsign-compare]
  777 |             valid_act_count_t == n_as && per_nb_cols_wsize <= tcm_buffer_size) {
      |                                          ~~~~~~~~~~~~~~~~~~^~~~~~~~~~~~~~~~~~
/home/moyamryia/Projects/riscv-accl-bench-2026-09-27/k1-layout-20260930-153134/source/ggml/src/ggml-cpu/spacemit/ime.cpp:797:48: warning: comparison of integer expressions of different signedness: ‘long unsigned int’ and ‘long int’ [-Wsign-compare]
  797 |                 if ((nbw1 + per_nb_cols_wsize) <= tcm_buffer_size) {
      |                     ~~~~~~~~~~~~~~~~~~~~~~~~~~~^~~~~~~~~~~~~~~~~~
/home/moyamryia/Projects/riscv-accl-bench-2026-09-27/k1-layout-20260930-153134/source/ggml/src/ggml-cpu/spacemit/ime.cpp:869:68: warning: comparison of integer expressions of different signedness: ‘long unsigned int’ and ‘long int’ [-Wsign-compare]
  869 |                     (src0_cur_end - src0_cur_start) * row_stride_b <= tcm_buffer_size) {
      |                     ~~~~~~~~~~~~~~~~~~~~~~~~~~~~~~~~~~~~~~~~~~~~~~~^~~~~~~~~~~~~~~~~~
/home/moyamryia/Projects/riscv-accl-bench-2026-09-27/k1-layout-20260930-153134/source/ggml/src/ggml-cpu/spacemit/ime.cpp: In instantiation of ‘void ggml::cpu::riscv64_spacemit::tensor_traits<BLOC_TYPE, INTER_SIZE, NB_COLS>::forward_mul_mat(ggml_compute_params*, ggml_tensor*) [with BLOC_TYPE = block_q4_1; long int INTER_SIZE = 32; long int NB_COLS = 32]’:
/home/moyamryia/Projects/riscv-accl-bench-2026-09-27/k1-layout-20260930-153134/source/ggml/src/ggml-cpu/spacemit/ime.cpp:203:25:   required from ‘bool ggml::cpu::riscv64_spacemit::tensor_traits<BLOC_TYPE, INTER_SIZE, NB_COLS>::compute_forward(ggml_compute_params*, ggml_tensor*) [with BLOC_TYPE = block_q4_1; long int INTER_SIZE = 32; long int NB_COLS = 32]’
  203 |                         forward_mul_mat(params, op);
      |                         ^~~~~~~~~~~~~~~
/home/moyamryia/Projects/riscv-accl-bench-2026-09-27/k1-layout-20260930-153134/source/ggml/src/ggml-cpu/spacemit/ime.cpp:189:10:   required from here
  189 |     bool compute_forward(ggml_compute_params * params, ggml_tensor * op) override {
      |          ^~~~~~~~~~~~~~~
/home/moyamryia/Projects/riscv-accl-bench-2026-09-27/k1-layout-20260930-153134/source/ggml/src/ggml-cpu/spacemit/ime.cpp:340:39: warning: comparison of integer expressions of different signedness: ‘size_t’ {aka ‘long unsigned int’} and ‘const int64_t’ {aka ‘const long int’} [-Wsign-compare]
  340 |         if (ith == 0 && params->wsize < gemm_workspace_size) {
      |                         ~~~~~~~~~~~~~~^~~~~~~~~~~~~~~~~~~~~
/home/moyamryia/Projects/riscv-accl-bench-2026-09-27/k1-layout-20260930-153134/source/ggml/src/ggml-cpu/spacemit/ime.cpp: In instantiation of ‘void ggml::cpu::riscv64_spacemit::tensor_traits<BLOC_TYPE, INTER_SIZE, NB_COLS>::forward_mul_mat_id(ggml_compute_params*, ggml_tensor*) [with BLOC_TYPE = block_q4_1; long int INTER_SIZE = 32; long int NB_COLS = 32]’:
/home/moyamryia/Projects/riscv-accl-bench-2026-09-27/k1-layout-20260930-153134/source/ggml/src/ggml-cpu/spacemit/ime.cpp:222:25:   required from ‘bool ggml::cpu::riscv64_spacemit::tensor_traits<BLOC_TYPE, INTER_SIZE, NB_COLS>::compute_forward(ggml_compute_params*, ggml_tensor*) [with BLOC_TYPE = block_q4_1; long int INTER_SIZE = 32; long int NB_COLS = 32]’
  222 |                         forward_mul_mat_id(params, op);
      |                         ^~~~~~~~~~~~~~~~~~
/home/moyamryia/Projects/riscv-accl-bench-2026-09-27/k1-layout-20260930-153134/source/ggml/src/ggml-cpu/spacemit/ime.cpp:189:10:   required from here
  189 |     bool compute_forward(ggml_compute_params * params, ggml_tensor * op) override {
      |          ^~~~~~~~~~~~~~~
/home/moyamryia/Projects/riscv-accl-bench-2026-09-27/k1-layout-20260930-153134/source/ggml/src/ggml-cpu/spacemit/ime.cpp:694:39: warning: comparison of integer expressions of different signedness: ‘int64_t’ {aka ‘long int’} and ‘long unsigned int’ [-Wsign-compare]
  694 |             for (int64_t ii = ith; ii < ne12 * a_k_blks; ii += nth) {
      |                                    ~~~^~~~~~~~~~~~~~~~~
/home/moyamryia/Projects/riscv-accl-bench-2026-09-27/k1-layout-20260930-153134/source/ggml/src/ggml-cpu/spacemit/ime.cpp:777:60: warning: comparison of integer expressions of different signedness: ‘const size_t’ {aka ‘const long unsigned int’} and ‘long int’ [-Wsign-compare]
  777 |             valid_act_count_t == n_as && per_nb_cols_wsize <= tcm_buffer_size) {
      |                                          ~~~~~~~~~~~~~~~~~~^~~~~~~~~~~~~~~~~~
/home/moyamryia/Projects/riscv-accl-bench-2026-09-27/k1-layout-20260930-153134/source/ggml/src/ggml-cpu/spacemit/ime.cpp:797:48: warning: comparison of integer expressions of different signedness: ‘long unsigned int’ and ‘long int’ [-Wsign-compare]
  797 |                 if ((nbw1 + per_nb_cols_wsize) <= tcm_buffer_size) {
      |                     ~~~~~~~~~~~~~~~~~~~~~~~~~~~^~~~~~~~~~~~~~~~~~
/home/moyamryia/Projects/riscv-accl-bench-2026-09-27/k1-layout-20260930-153134/source/ggml/src/ggml-cpu/spacemit/ime.cpp:869:68: warning: comparison of integer expressions of different signedness: ‘long unsigned int’ and ‘long int’ [-Wsign-compare]
  869 |                     (src0_cur_end - src0_cur_start) * row_stride_b <= tcm_buffer_size) {
      |                     ~~~~~~~~~~~~~~~~~~~~~~~~~~~~~~~~~~~~~~~~~~~~~~~^~~~~~~~~~~~~~~~~~
/home/moyamryia/Projects/riscv-accl-bench-2026-09-27/k1-layout-20260930-153134/source/ggml/src/ggml-cpu/spacemit/ime.cpp: In instantiation of ‘void ggml::cpu::riscv64_spacemit::tensor_traits<BLOC_TYPE, INTER_SIZE, NB_COLS>::forward_mul_mat(ggml_compute_params*, ggml_tensor*) [with BLOC_TYPE = block_q4_0; long int INTER_SIZE = 32; long int NB_COLS = 32]’:
/home/moyamryia/Projects/riscv-accl-bench-2026-09-27/k1-layout-20260930-153134/source/ggml/src/ggml-cpu/spacemit/ime.cpp:203:25:   required from ‘bool ggml::cpu::riscv64_spacemit::tensor_traits<BLOC_TYPE, INTER_SIZE, NB_COLS>::compute_forward(ggml_compute_params*, ggml_tensor*) [with BLOC_TYPE = block_q4_0; long int INTER_SIZE = 32; long int NB_COLS = 32]’
  203 |                         forward_mul_mat(params, op);
      |                         ^~~~~~~~~~~~~~~
/home/moyamryia/Projects/riscv-accl-bench-2026-09-27/k1-layout-20260930-153134/source/ggml/src/ggml-cpu/spacemit/ime.cpp:189:10:   required from here
  189 |     bool compute_forward(ggml_compute_params * params, ggml_tensor * op) override {
      |          ^~~~~~~~~~~~~~~
/home/moyamryia/Projects/riscv-accl-bench-2026-09-27/k1-layout-20260930-153134/source/ggml/src/ggml-cpu/spacemit/ime.cpp:340:39: warning: comparison of integer expressions of different signedness: ‘size_t’ {aka ‘long unsigned int’} and ‘const int64_t’ {aka ‘const long int’} [-Wsign-compare]
  340 |         if (ith == 0 && params->wsize < gemm_workspace_size) {
      |                         ~~~~~~~~~~~~~~^~~~~~~~~~~~~~~~~~~~~
/home/moyamryia/Projects/riscv-accl-bench-2026-09-27/k1-layout-20260930-153134/source/ggml/src/ggml-cpu/spacemit/ime.cpp: In instantiation of ‘void ggml::cpu::riscv64_spacemit::tensor_traits<BLOC_TYPE, INTER_SIZE, NB_COLS>::forward_mul_mat_id(ggml_compute_params*, ggml_tensor*) [with BLOC_TYPE = block_q4_0; long int INTER_SIZE = 32; long int NB_COLS = 32]’:
/home/moyamryia/Projects/riscv-accl-bench-2026-09-27/k1-layout-20260930-153134/source/ggml/src/ggml-cpu/spacemit/ime.cpp:222:25:   required from ‘bool ggml::cpu::riscv64_spacemit::tensor_traits<BLOC_TYPE, INTER_SIZE, NB_COLS>::compute_forward(ggml_compute_params*, ggml_tensor*) [with BLOC_TYPE = block_q4_0; long int INTER_SIZE = 32; long int NB_COLS = 32]’
  222 |                         forward_mul_mat_id(params, op);
      |                         ^~~~~~~~~~~~~~~~~~
/home/moyamryia/Projects/riscv-accl-bench-2026-09-27/k1-layout-20260930-153134/source/ggml/src/ggml-cpu/spacemit/ime.cpp:189:10:   required from here
  189 |     bool compute_forward(ggml_compute_params * params, ggml_tensor * op) override {
      |          ^~~~~~~~~~~~~~~
/home/moyamryia/Projects/riscv-accl-bench-2026-09-27/k1-layout-20260930-153134/source/ggml/src/ggml-cpu/spacemit/ime.cpp:694:39: warning: comparison of integer expressions of different signedness: ‘int64_t’ {aka ‘long int’} and ‘long unsigned int’ [-Wsign-compare]
  694 |             for (int64_t ii = ith; ii < ne12 * a_k_blks; ii += nth) {
      |                                    ~~~^~~~~~~~~~~~~~~~~
/home/moyamryia/Projects/riscv-accl-bench-2026-09-27/k1-layout-20260930-153134/source/ggml/src/ggml-cpu/spacemit/ime.cpp:777:60: warning: comparison of integer expressions of different signedness: ‘const size_t’ {aka ‘const long unsigned int’} and ‘long int’ [-Wsign-compare]
  777 |             valid_act_count_t == n_as && per_nb_cols_wsize <= tcm_buffer_size) {
      |                                          ~~~~~~~~~~~~~~~~~~^~~~~~~~~~~~~~~~~~
/home/moyamryia/Projects/riscv-accl-bench-2026-09-27/k1-layout-20260930-153134/source/ggml/src/ggml-cpu/spacemit/ime.cpp:797:48: warning: comparison of integer expressions of different signedness: ‘long unsigned int’ and ‘long int’ [-Wsign-compare]
  797 |                 if ((nbw1 + per_nb_cols_wsize) <= tcm_buffer_size) {
      |                     ~~~~~~~~~~~~~~~~~~~~~~~~~~~^~~~~~~~~~~~~~~~~~
/home/moyamryia/Projects/riscv-accl-bench-2026-09-27/k1-layout-20260930-153134/source/ggml/src/ggml-cpu/spacemit/ime.cpp:869:68: warning: comparison of integer expressions of different signedness: ‘long unsigned int’ and ‘long int’ [-Wsign-compare]
  869 |                     (src0_cur_end - src0_cur_start) * row_stride_b <= tcm_buffer_size) {
      |                     ~~~~~~~~~~~~~~~~~~~~~~~~~~~~~~~~~~~~~~~~~~~~~~~^~~~~~~~~~~~~~~~~~
/home/moyamryia/Projects/riscv-accl-bench-2026-09-27/k1-layout-20260930-153134/source/ggml/src/ggml-cpu/spacemit/ime.cpp: In instantiation of ‘void ggml::cpu::riscv64_spacemit::tensor_traits<BLOC_TYPE, INTER_SIZE, NB_COLS>::forward_mul_mat(ggml_compute_params*, ggml_tensor*) [with BLOC_TYPE = block_q3_K; long int INTER_SIZE = 256; long int NB_COLS = 32]’:
/home/moyamryia/Projects/riscv-accl-bench-2026-09-27/k1-layout-20260930-153134/source/ggml/src/ggml-cpu/spacemit/ime.cpp:203:25:   required from ‘bool ggml::cpu::riscv64_spacemit::tensor_traits<BLOC_TYPE, INTER_SIZE, NB_COLS>::compute_forward(ggml_compute_params*, ggml_tensor*) [with BLOC_TYPE = block_q3_K; long int INTER_SIZE = 256; long int NB_COLS = 32]’
  203 |                         forward_mul_mat(params, op);
      |                         ^~~~~~~~~~~~~~~
/home/moyamryia/Projects/riscv-accl-bench-2026-09-27/k1-layout-20260930-153134/source/ggml/src/ggml-cpu/spacemit/ime.cpp:189:10:   required from here
  189 |     bool compute_forward(ggml_compute_params * params, ggml_tensor * op) override {
      |          ^~~~~~~~~~~~~~~
/home/moyamryia/Projects/riscv-accl-bench-2026-09-27/k1-layout-20260930-153134/source/ggml/src/ggml-cpu/spacemit/ime.cpp:340:39: warning: comparison of integer expressions of different signedness: ‘size_t’ {aka ‘long unsigned int’} and ‘const int64_t’ {aka ‘const long int’} [-Wsign-compare]
  340 |         if (ith == 0 && params->wsize < gemm_workspace_size) {
      |                         ~~~~~~~~~~~~~~^~~~~~~~~~~~~~~~~~~~~
/home/moyamryia/Projects/riscv-accl-bench-2026-09-27/k1-layout-20260930-153134/source/ggml/src/ggml-cpu/spacemit/ime.cpp: In instantiation of ‘void ggml::cpu::riscv64_spacemit::tensor_traits<BLOC_TYPE, INTER_SIZE, NB_COLS>::forward_mul_mat_id(ggml_compute_params*, ggml_tensor*) [with BLOC_TYPE = block_q3_K; long int INTER_SIZE = 256; long int NB_COLS = 32]’:
/home/moyamryia/Projects/riscv-accl-bench-2026-09-27/k1-layout-20260930-153134/source/ggml/src/ggml-cpu/spacemit/ime.cpp:222:25:   required from ‘bool ggml::cpu::riscv64_spacemit::tensor_traits<BLOC_TYPE, INTER_SIZE, NB_COLS>::compute_forward(ggml_compute_params*, ggml_tensor*) [with BLOC_TYPE = block_q3_K; long int INTER_SIZE = 256; long int NB_COLS = 32]’
  222 |                         forward_mul_mat_id(params, op);
      |                         ^~~~~~~~~~~~~~~~~~
/home/moyamryia/Projects/riscv-accl-bench-2026-09-27/k1-layout-20260930-153134/source/ggml/src/ggml-cpu/spacemit/ime.cpp:189:10:   required from here
  189 |     bool compute_forward(ggml_compute_params * params, ggml_tensor * op) override {
      |          ^~~~~~~~~~~~~~~
/home/moyamryia/Projects/riscv-accl-bench-2026-09-27/k1-layout-20260930-153134/source/ggml/src/ggml-cpu/spacemit/ime.cpp:694:39: warning: comparison of integer expressions of different signedness: ‘int64_t’ {aka ‘long int’} and ‘long unsigned int’ [-Wsign-compare]
  694 |             for (int64_t ii = ith; ii < ne12 * a_k_blks; ii += nth) {
      |                                    ~~~^~~~~~~~~~~~~~~~~
/home/moyamryia/Projects/riscv-accl-bench-2026-09-27/k1-layout-20260930-153134/source/ggml/src/ggml-cpu/spacemit/ime.cpp:777:60: warning: comparison of integer expressions of different signedness: ‘const size_t’ {aka ‘const long unsigned int’} and ‘long int’ [-Wsign-compare]
  777 |             valid_act_count_t == n_as && per_nb_cols_wsize <= tcm_buffer_size) {
      |                                          ~~~~~~~~~~~~~~~~~~^~~~~~~~~~~~~~~~~~
/home/moyamryia/Projects/riscv-accl-bench-2026-09-27/k1-layout-20260930-153134/source/ggml/src/ggml-cpu/spacemit/ime.cpp:797:48: warning: comparison of integer expressions of different signedness: ‘long unsigned int’ and ‘long int’ [-Wsign-compare]
  797 |                 if ((nbw1 + per_nb_cols_wsize) <= tcm_buffer_size) {
      |                     ~~~~~~~~~~~~~~~~~~~~~~~~~~~^~~~~~~~~~~~~~~~~~
/home/moyamryia/Projects/riscv-accl-bench-2026-09-27/k1-layout-20260930-153134/source/ggml/src/ggml-cpu/spacemit/ime.cpp:869:68: warning: comparison of integer expressions of different signedness: ‘long unsigned int’ and ‘long int’ [-Wsign-compare]
  869 |                     (src0_cur_end - src0_cur_start) * row_stride_b <= tcm_buffer_size) {
      |                     ~~~~~~~~~~~~~~~~~~~~~~~~~~~~~~~~~~~~~~~~~~~~~~~^~~~~~~~~~~~~~~~~~
/home/moyamryia/Projects/riscv-accl-bench-2026-09-27/k1-layout-20260930-153134/source/ggml/src/ggml-cpu/spacemit/ime.cpp: In instantiation of ‘void ggml::cpu::riscv64_spacemit::tensor_traits<BLOC_TYPE, INTER_SIZE, NB_COLS>::forward_mul_mat(ggml_compute_params*, ggml_tensor*) [with BLOC_TYPE = block_q2_K; long int INTER_SIZE = 256; long int NB_COLS = 32]’:
/home/moyamryia/Projects/riscv-accl-bench-2026-09-27/k1-layout-20260930-153134/source/ggml/src/ggml-cpu/spacemit/ime.cpp:203:25:   required from ‘bool ggml::cpu::riscv64_spacemit::tensor_traits<BLOC_TYPE, INTER_SIZE, NB_COLS>::compute_forward(ggml_compute_params*, ggml_tensor*) [with BLOC_TYPE = block_q2_K; long int INTER_SIZE = 256; long int NB_COLS = 32]’
  203 |                         forward_mul_mat(params, op);
      |                         ^~~~~~~~~~~~~~~
/home/moyamryia/Projects/riscv-accl-bench-2026-09-27/k1-layout-20260930-153134/source/ggml/src/ggml-cpu/spacemit/ime.cpp:189:10:   required from here
  189 |     bool compute_forward(ggml_compute_params * params, ggml_tensor * op) override {
      |          ^~~~~~~~~~~~~~~
/home/moyamryia/Projects/riscv-accl-bench-2026-09-27/k1-layout-20260930-153134/source/ggml/src/ggml-cpu/spacemit/ime.cpp:340:39: warning: comparison of integer expressions of different signedness: ‘size_t’ {aka ‘long unsigned int’} and ‘const int64_t’ {aka ‘const long int’} [-Wsign-compare]
  340 |         if (ith == 0 && params->wsize < gemm_workspace_size) {
      |                         ~~~~~~~~~~~~~~^~~~~~~~~~~~~~~~~~~~~
/home/moyamryia/Projects/riscv-accl-bench-2026-09-27/k1-layout-20260930-153134/source/ggml/src/ggml-cpu/spacemit/ime.cpp: In instantiation of ‘void ggml::cpu::riscv64_spacemit::tensor_traits<BLOC_TYPE, INTER_SIZE, NB_COLS>::forward_mul_mat_id(ggml_compute_params*, ggml_tensor*) [with BLOC_TYPE = block_q2_K; long int INTER_SIZE = 256; long int NB_COLS = 32]’:
/home/moyamryia/Projects/riscv-accl-bench-2026-09-27/k1-layout-20260930-153134/source/ggml/src/ggml-cpu/spacemit/ime.cpp:222:25:   required from ‘bool ggml::cpu::riscv64_spacemit::tensor_traits<BLOC_TYPE, INTER_SIZE, NB_COLS>::compute_forward(ggml_compute_params*, ggml_tensor*) [with BLOC_TYPE = block_q2_K; long int INTER_SIZE = 256; long int NB_COLS = 32]’
  222 |                         forward_mul_mat_id(params, op);
      |                         ^~~~~~~~~~~~~~~~~~
/home/moyamryia/Projects/riscv-accl-bench-2026-09-27/k1-layout-20260930-153134/source/ggml/src/ggml-cpu/spacemit/ime.cpp:189:10:   required from here
  189 |     bool compute_forward(ggml_compute_params * params, ggml_tensor * op) override {
      |          ^~~~~~~~~~~~~~~
/home/moyamryia/Projects/riscv-accl-bench-2026-09-27/k1-layout-20260930-153134/source/ggml/src/ggml-cpu/spacemit/ime.cpp:694:39: warning: comparison of integer expressions of different signedness: ‘int64_t’ {aka ‘long int’} and ‘long unsigned int’ [-Wsign-compare]
  694 |             for (int64_t ii = ith; ii < ne12 * a_k_blks; ii += nth) {
      |                                    ~~~^~~~~~~~~~~~~~~~~
/home/moyamryia/Projects/riscv-accl-bench-2026-09-27/k1-layout-20260930-153134/source/ggml/src/ggml-cpu/spacemit/ime.cpp:777:60: warning: comparison of integer expressions of different signedness: ‘const size_t’ {aka ‘const long unsigned int’} and ‘long int’ [-Wsign-compare]
  777 |             valid_act_count_t == n_as && per_nb_cols_wsize <= tcm_buffer_size) {
      |                                          ~~~~~~~~~~~~~~~~~~^~~~~~~~~~~~~~~~~~
/home/moyamryia/Projects/riscv-accl-bench-2026-09-27/k1-layout-20260930-153134/source/ggml/src/ggml-cpu/spacemit/ime.cpp:797:48: warning: comparison of integer expressions of different signedness: ‘long unsigned int’ and ‘long int’ [-Wsign-compare]
  797 |                 if ((nbw1 + per_nb_cols_wsize) <= tcm_buffer_size) {
      |                     ~~~~~~~~~~~~~~~~~~~~~~~~~~~^~~~~~~~~~~~~~~~~~
/home/moyamryia/Projects/riscv-accl-bench-2026-09-27/k1-layout-20260930-153134/source/ggml/src/ggml-cpu/spacemit/ime.cpp:869:68: warning: comparison of integer expressions of different signedness: ‘long unsigned int’ and ‘long int’ [-Wsign-compare]
  869 |                     (src0_cur_end - src0_cur_start) * row_stride_b <= tcm_buffer_size) {
      |                     ~~~~~~~~~~~~~~~~~~~~~~~~~~~~~~~~~~~~~~~~~~~~~~~^~~~~~~~~~~~~~~~~~
/home/moyamryia/Projects/riscv-accl-bench-2026-09-27/k1-layout-20260930-153134/source/ggml/src/ggml-cpu/spacemit/ime.cpp: In instantiation of ‘void ggml::cpu::riscv64_spacemit::tensor_traits<BLOC_TYPE, INTER_SIZE, NB_COLS>::forward_mul_mat(ggml_compute_params*, ggml_tensor*) [with BLOC_TYPE = block_q4_K; long int INTER_SIZE = 32; long int NB_COLS = 16]’:
/home/moyamryia/Projects/riscv-accl-bench-2026-09-27/k1-layout-20260930-153134/source/ggml/src/ggml-cpu/spacemit/ime.cpp:203:25:   required from ‘bool ggml::cpu::riscv64_spacemit::tensor_traits<BLOC_TYPE, INTER_SIZE, NB_COLS>::compute_forward(ggml_compute_params*, ggml_tensor*) [with BLOC_TYPE = block_q4_K; long int INTER_SIZE = 32; long int NB_COLS = 16]’
  203 |                         forward_mul_mat(params, op);
      |                         ^~~~~~~~~~~~~~~
/home/moyamryia/Projects/riscv-accl-bench-2026-09-27/k1-layout-20260930-153134/source/ggml/src/ggml-cpu/spacemit/ime.cpp:189:10:   required from here
  189 |     bool compute_forward(ggml_compute_params * params, ggml_tensor * op) override {
      |          ^~~~~~~~~~~~~~~
/home/moyamryia/Projects/riscv-accl-bench-2026-09-27/k1-layout-20260930-153134/source/ggml/src/ggml-cpu/spacemit/ime.cpp:340:39: warning: comparison of integer expressions of different signedness: ‘size_t’ {aka ‘long unsigned int’} and ‘const int64_t’ {aka ‘const long int’} [-Wsign-compare]
  340 |         if (ith == 0 && params->wsize < gemm_workspace_size) {
      |                         ~~~~~~~~~~~~~~^~~~~~~~~~~~~~~~~~~~~
/home/moyamryia/Projects/riscv-accl-bench-2026-09-27/k1-layout-20260930-153134/source/ggml/src/ggml-cpu/spacemit/ime.cpp: In instantiation of ‘void ggml::cpu::riscv64_spacemit::tensor_traits<BLOC_TYPE, INTER_SIZE, NB_COLS>::forward_mul_mat_id(ggml_compute_params*, ggml_tensor*) [with BLOC_TYPE = block_q4_K; long int INTER_SIZE = 32; long int NB_COLS = 16]’:
/home/moyamryia/Projects/riscv-accl-bench-2026-09-27/k1-layout-20260930-153134/source/ggml/src/ggml-cpu/spacemit/ime.cpp:222:25:   required from ‘bool ggml::cpu::riscv64_spacemit::tensor_traits<BLOC_TYPE, INTER_SIZE, NB_COLS>::compute_forward(ggml_compute_params*, ggml_tensor*) [with BLOC_TYPE = block_q4_K; long int INTER_SIZE = 32; long int NB_COLS = 16]’
  222 |                         forward_mul_mat_id(params, op);
      |                         ^~~~~~~~~~~~~~~~~~
/home/moyamryia/Projects/riscv-accl-bench-2026-09-27/k1-layout-20260930-153134/source/ggml/src/ggml-cpu/spacemit/ime.cpp:189:10:   required from here
  189 |     bool compute_forward(ggml_compute_params * params, ggml_tensor * op) override {
      |          ^~~~~~~~~~~~~~~
/home/moyamryia/Projects/riscv-accl-bench-2026-09-27/k1-layout-20260930-153134/source/ggml/src/ggml-cpu/spacemit/ime.cpp:694:39: warning: comparison of integer expressions of different signedness: ‘int64_t’ {aka ‘long int’} and ‘long unsigned int’ [-Wsign-compare]
  694 |             for (int64_t ii = ith; ii < ne12 * a_k_blks; ii += nth) {
      |                                    ~~~^~~~~~~~~~~~~~~~~
/home/moyamryia/Projects/riscv-accl-bench-2026-09-27/k1-layout-20260930-153134/source/ggml/src/ggml-cpu/spacemit/ime.cpp:777:60: warning: comparison of integer expressions of different signedness: ‘const size_t’ {aka ‘const long unsigned int’} and ‘long int’ [-Wsign-compare]
  777 |             valid_act_count_t == n_as && per_nb_cols_wsize <= tcm_buffer_size) {
      |                                          ~~~~~~~~~~~~~~~~~~^~~~~~~~~~~~~~~~~~
/home/moyamryia/Projects/riscv-accl-bench-2026-09-27/k1-layout-20260930-153134/source/ggml/src/ggml-cpu/spacemit/ime.cpp:797:48: warning: comparison of integer expressions of different signedness: ‘long unsigned int’ and ‘long int’ [-Wsign-compare]
  797 |                 if ((nbw1 + per_nb_cols_wsize) <= tcm_buffer_size) {
      |                     ~~~~~~~~~~~~~~~~~~~~~~~~~~~^~~~~~~~~~~~~~~~~~
/home/moyamryia/Projects/riscv-accl-bench-2026-09-27/k1-layout-20260930-153134/source/ggml/src/ggml-cpu/spacemit/ime.cpp:869:68: warning: comparison of integer expressions of different signedness: ‘long unsigned int’ and ‘long int’ [-Wsign-compare]
  869 |                     (src0_cur_end - src0_cur_start) * row_stride_b <= tcm_buffer_size) {
      |                     ~~~~~~~~~~~~~~~~~~~~~~~~~~~~~~~~~~~~~~~~~~~~~~~^~~~~~~~~~~~~~~~~~
/home/moyamryia/Projects/riscv-accl-bench-2026-09-27/k1-layout-20260930-153134/source/ggml/src/ggml-cpu/spacemit/ime.cpp: In instantiation of ‘void ggml::cpu::riscv64_spacemit::tensor_traits<BLOC_TYPE, INTER_SIZE, NB_COLS>::forward_mul_mat(ggml_compute_params*, ggml_tensor*) [with BLOC_TYPE = block_q4_1; long int INTER_SIZE = 32; long int NB_COLS = 16]’:
/home/moyamryia/Projects/riscv-accl-bench-2026-09-27/k1-layout-20260930-153134/source/ggml/src/ggml-cpu/spacemit/ime.cpp:203:25:   required from ‘bool ggml::cpu::riscv64_spacemit::tensor_traits<BLOC_TYPE, INTER_SIZE, NB_COLS>::compute_forward(ggml_compute_params*, ggml_tensor*) [with BLOC_TYPE = block_q4_1; long int INTER_SIZE = 32; long int NB_COLS = 16]’
  203 |                         forward_mul_mat(params, op);
      |                         ^~~~~~~~~~~~~~~
/home/moyamryia/Projects/riscv-accl-bench-2026-09-27/k1-layout-20260930-153134/source/ggml/src/ggml-cpu/spacemit/ime.cpp:189:10:   required from here
  189 |     bool compute_forward(ggml_compute_params * params, ggml_tensor * op) override {
      |          ^~~~~~~~~~~~~~~
/home/moyamryia/Projects/riscv-accl-bench-2026-09-27/k1-layout-20260930-153134/source/ggml/src/ggml-cpu/spacemit/ime.cpp:340:39: warning: comparison of integer expressions of different signedness: ‘size_t’ {aka ‘long unsigned int’} and ‘const int64_t’ {aka ‘const long int’} [-Wsign-compare]
  340 |         if (ith == 0 && params->wsize < gemm_workspace_size) {
      |                         ~~~~~~~~~~~~~~^~~~~~~~~~~~~~~~~~~~~
/home/moyamryia/Projects/riscv-accl-bench-2026-09-27/k1-layout-20260930-153134/source/ggml/src/ggml-cpu/spacemit/ime.cpp: In instantiation of ‘void ggml::cpu::riscv64_spacemit::tensor_traits<BLOC_TYPE, INTER_SIZE, NB_COLS>::forward_mul_mat_id(ggml_compute_params*, ggml_tensor*) [with BLOC_TYPE = block_q4_1; long int INTER_SIZE = 32; long int NB_COLS = 16]’:
/home/moyamryia/Projects/riscv-accl-bench-2026-09-27/k1-layout-20260930-153134/source/ggml/src/ggml-cpu/spacemit/ime.cpp:222:25:   required from ‘bool ggml::cpu::riscv64_spacemit::tensor_traits<BLOC_TYPE, INTER_SIZE, NB_COLS>::compute_forward(ggml_compute_params*, ggml_tensor*) [with BLOC_TYPE = block_q4_1; long int INTER_SIZE = 32; long int NB_COLS = 16]’
  222 |                         forward_mul_mat_id(params, op);
      |                         ^~~~~~~~~~~~~~~~~~
/home/moyamryia/Projects/riscv-accl-bench-2026-09-27/k1-layout-20260930-153134/source/ggml/src/ggml-cpu/spacemit/ime.cpp:189:10:   required from here
  189 |     bool compute_forward(ggml_compute_params * params, ggml_tensor * op) override {
      |          ^~~~~~~~~~~~~~~
/home/moyamryia/Projects/riscv-accl-bench-2026-09-27/k1-layout-20260930-153134/source/ggml/src/ggml-cpu/spacemit/ime.cpp:694:39: warning: comparison of integer expressions of different signedness: ‘int64_t’ {aka ‘long int’} and ‘long unsigned int’ [-Wsign-compare]
  694 |             for (int64_t ii = ith; ii < ne12 * a_k_blks; ii += nth) {
      |                                    ~~~^~~~~~~~~~~~~~~~~
/home/moyamryia/Projects/riscv-accl-bench-2026-09-27/k1-layout-20260930-153134/source/ggml/src/ggml-cpu/spacemit/ime.cpp:777:60: warning: comparison of integer expressions of different signedness: ‘const size_t’ {aka ‘const long unsigned int’} and ‘long int’ [-Wsign-compare]
  777 |             valid_act_count_t == n_as && per_nb_cols_wsize <= tcm_buffer_size) {
      |                                          ~~~~~~~~~~~~~~~~~~^~~~~~~~~~~~~~~~~~
/home/moyamryia/Projects/riscv-accl-bench-2026-09-27/k1-layout-20260930-153134/source/ggml/src/ggml-cpu/spacemit/ime.cpp:797:48: warning: comparison of integer expressions of different signedness: ‘long unsigned int’ and ‘long int’ [-Wsign-compare]
  797 |                 if ((nbw1 + per_nb_cols_wsize) <= tcm_buffer_size) {
      |                     ~~~~~~~~~~~~~~~~~~~~~~~~~~~^~~~~~~~~~~~~~~~~~
/home/moyamryia/Projects/riscv-accl-bench-2026-09-27/k1-layout-20260930-153134/source/ggml/src/ggml-cpu/spacemit/ime.cpp:869:68: warning: comparison of integer expressions of different signedness: ‘long unsigned int’ and ‘long int’ [-Wsign-compare]
  869 |                     (src0_cur_end - src0_cur_start) * row_stride_b <= tcm_buffer_size) {
      |                     ~~~~~~~~~~~~~~~~~~~~~~~~~~~~~~~~~~~~~~~~~~~~~~~^~~~~~~~~~~~~~~~~~
/home/moyamryia/Projects/riscv-accl-bench-2026-09-27/k1-layout-20260930-153134/source/ggml/src/ggml-cpu/spacemit/ime.cpp: In instantiation of ‘void ggml::cpu::riscv64_spacemit::tensor_traits<BLOC_TYPE, INTER_SIZE, NB_COLS>::forward_mul_mat(ggml_compute_params*, ggml_tensor*) [with BLOC_TYPE = block_q4_0; long int INTER_SIZE = 32; long int NB_COLS = 16]’:
/home/moyamryia/Projects/riscv-accl-bench-2026-09-27/k1-layout-20260930-153134/source/ggml/src/ggml-cpu/spacemit/ime.cpp:203:25:   required from ‘bool ggml::cpu::riscv64_spacemit::tensor_traits<BLOC_TYPE, INTER_SIZE, NB_COLS>::compute_forward(ggml_compute_params*, ggml_tensor*) [with BLOC_TYPE = block_q4_0; long int INTER_SIZE = 32; long int NB_COLS = 16]’
  203 |                         forward_mul_mat(params, op);
      |                         ^~~~~~~~~~~~~~~
/home/moyamryia/Projects/riscv-accl-bench-2026-09-27/k1-layout-20260930-153134/source/ggml/src/ggml-cpu/spacemit/ime.cpp:189:10:   required from here
  189 |     bool compute_forward(ggml_compute_params * params, ggml_tensor * op) override {
      |          ^~~~~~~~~~~~~~~
/home/moyamryia/Projects/riscv-accl-bench-2026-09-27/k1-layout-20260930-153134/source/ggml/src/ggml-cpu/spacemit/ime.cpp:340:39: warning: comparison of integer expressions of different signedness: ‘size_t’ {aka ‘long unsigned int’} and ‘const int64_t’ {aka ‘const long int’} [-Wsign-compare]
  340 |         if (ith == 0 && params->wsize < gemm_workspace_size) {
      |                         ~~~~~~~~~~~~~~^~~~~~~~~~~~~~~~~~~~~
/home/moyamryia/Projects/riscv-accl-bench-2026-09-27/k1-layout-20260930-153134/source/ggml/src/ggml-cpu/spacemit/ime.cpp: In instantiation of ‘void ggml::cpu::riscv64_spacemit::tensor_traits<BLOC_TYPE, INTER_SIZE, NB_COLS>::forward_mul_mat_id(ggml_compute_params*, ggml_tensor*) [with BLOC_TYPE = block_q4_0; long int INTER_SIZE = 32; long int NB_COLS = 16]’:
/home/moyamryia/Projects/riscv-accl-bench-2026-09-27/k1-layout-20260930-153134/source/ggml/src/ggml-cpu/spacemit/ime.cpp:222:25:   required from ‘bool ggml::cpu::riscv64_spacemit::tensor_traits<BLOC_TYPE, INTER_SIZE, NB_COLS>::compute_forward(ggml_compute_params*, ggml_tensor*) [with BLOC_TYPE = block_q4_0; long int INTER_SIZE = 32; long int NB_COLS = 16]’
  222 |                         forward_mul_mat_id(params, op);
      |                         ^~~~~~~~~~~~~~~~~~
/home/moyamryia/Projects/riscv-accl-bench-2026-09-27/k1-layout-20260930-153134/source/ggml/src/ggml-cpu/spacemit/ime.cpp:189:10:   required from here
  189 |     bool compute_forward(ggml_compute_params * params, ggml_tensor * op) override {
      |          ^~~~~~~~~~~~~~~
/home/moyamryia/Projects/riscv-accl-bench-2026-09-27/k1-layout-20260930-153134/source/ggml/src/ggml-cpu/spacemit/ime.cpp:694:39: warning: comparison of integer expressions of different signedness: ‘int64_t’ {aka ‘long int’} and ‘long unsigned int’ [-Wsign-compare]
  694 |             for (int64_t ii = ith; ii < ne12 * a_k_blks; ii += nth) {
      |                                    ~~~^~~~~~~~~~~~~~~~~
/home/moyamryia/Projects/riscv-accl-bench-2026-09-27/k1-layout-20260930-153134/source/ggml/src/ggml-cpu/spacemit/ime.cpp:777:60: warning: comparison of integer expressions of different signedness: ‘const size_t’ {aka ‘const long unsigned int’} and ‘long int’ [-Wsign-compare]
  777 |             valid_act_count_t == n_as && per_nb_cols_wsize <= tcm_buffer_size) {
      |                                          ~~~~~~~~~~~~~~~~~~^~~~~~~~~~~~~~~~~~
/home/moyamryia/Projects/riscv-accl-bench-2026-09-27/k1-layout-20260930-153134/source/ggml/src/ggml-cpu/spacemit/ime.cpp:797:48: warning: comparison of integer expressions of different signedness: ‘long unsigned int’ and ‘long int’ [-Wsign-compare]
  797 |                 if ((nbw1 + per_nb_cols_wsize) <= tcm_buffer_size) {
      |                     ~~~~~~~~~~~~~~~~~~~~~~~~~~~^~~~~~~~~~~~~~~~~~
/home/moyamryia/Projects/riscv-accl-bench-2026-09-27/k1-layout-20260930-153134/source/ggml/src/ggml-cpu/spacemit/ime.cpp:869:68: warning: comparison of integer expressions of different signedness: ‘long unsigned int’ and ‘long int’ [-Wsign-compare]
  869 |                     (src0_cur_end - src0_cur_start) * row_stride_b <= tcm_buffer_size) {
      |                     ~~~~~~~~~~~~~~~~~~~~~~~~~~~~~~~~~~~~~~~~~~~~~~~^~~~~~~~~~~~~~~~~~
[32/307] Building CXX object ggml/src/CMakeFiles/ggml-cpu.dir/ggml-cpu/repack.cpp.o
/home/moyamryia/Projects/riscv-accl-bench-2026-09-27/k1-layout-20260930-153134/source/ggml/src/ggml-cpu/repack.cpp: In function ‘void ggml_quantize_mat_q8_K_4x1(const float*, void*, int64_t)’:
/home/moyamryia/Projects/riscv-accl-bench-2026-09-27/k1-layout-20260930-153134/source/ggml/src/ggml-cpu/repack.cpp:97:15: warning: unused variable ‘blck_size_interleave’ [-Wunused-variable]
   97 |     const int blck_size_interleave = 1;
      |               ^~~~~~~~~~~~~~~~~~~~
[33/307] Building CXX object ggml/src/CMakeFiles/ggml-cpu.dir/ggml-cpu/spacemit/repack.cpp.o
/home/moyamryia/Projects/riscv-accl-bench-2026-09-27/k1-layout-20260930-153134/source/ggml/src/ggml-cpu/spacemit/repack.cpp: In function ‘int repack_q6_k_to_q8_0_32_bl(ggml_tensor*, int, const void*, size_t)’:
/home/moyamryia/Projects/riscv-accl-bench-2026-09-27/k1-layout-20260930-153134/source/ggml/src/ggml-cpu/spacemit/repack.cpp:1177:21: warning: unused variable ‘row_stride’ [-Wunused-variable]
 1177 |     const ptrdiff_t row_stride = (ptrdiff_t) nblocks * sizeof(block_q6_K);
      |                     ^~~~~~~~~~
[34/307] Building CXX object ggml/src/CMakeFiles/ggml-cpu.dir/ggml-cpu/spacemit/ime1_kernels.cpp.o
/home/moyamryia/Projects/riscv-accl-bench-2026-09-27/k1-layout-20260930-153134/source/ggml/src/ggml-cpu/spacemit/ime1_kernels.cpp: In function ‘void spacemit_kernels::ime1::quantize_a_row_i8(size_t, const float*, size_t, uint8_t*)’:
/home/moyamryia/Projects/riscv-accl-bench-2026-09-27/k1-layout-20260930-153134/source/ggml/src/ggml-cpu/spacemit/ime1_kernels.cpp:162:21: warning: unused variable ‘QuantA_offset’ [-Wunused-variable]
  162 |     uint8_t *       QuantA_offset        = QuantA + CountK + 4 * ((CountK + BlkLen - 1) / BlkLen);
      |                     ^~~~~~~~~~~~~
/home/moyamryia/Projects/riscv-accl-bench-2026-09-27/k1-layout-20260930-153134/source/ggml/src/ggml-cpu/spacemit/ime1_kernels.cpp:163:21: warning: unused variable ‘offset’ [-Wunused-variable]
  163 |     size_t          offset               = (CountK + BlkLen - 1) / BlkLen * BlkLen - CountK;
      |                     ^~~~~~
[35/307] Building CXX object src/CMakeFiles/llama.dir/llama.cpp.o
[36/307] Building CXX object src/CMakeFiles/llama.dir/llama-arch.cpp.o
[37/307] Building CXX object src/CMakeFiles/llama.dir/llama-adapter.cpp.o
[38/307] Building CXX object ggml/src/CMakeFiles/ggml-cpu.dir/ggml-cpu/spacemit/rvv_kernels.cpp.o
In file included from /home/moyamryia/Projects/riscv-accl-bench-2026-09-27/k1-layout-20260930-153134/source/ggml/src/ggml-cpu/spacemit/rvv_kernels.cpp:5:
/home/moyamryia/Projects/riscv-accl-bench-2026-09-27/k1-layout-20260930-153134/source/ggml/src/ggml-cpu/ops.h:10:30: warning: use of ‘std::hardware_destructive_interference_size’ [-Winterference-size]
   10 | #define CACHE_LINE_SIZE std::hardware_destructive_interference_size
      |                         ~~~~~^~~~~~~~~~~~~~~~~~~~~~~~~~~~~~~~~~~~~~
/home/moyamryia/Projects/riscv-accl-bench-2026-09-27/k1-layout-20260930-153134/source/ggml/src/ggml-cpu/ops.h:21:43: note: in expansion of macro ‘CACHE_LINE_SIZE’
   21 | static const size_t CACHE_LINE_SIZE_F32 = CACHE_LINE_SIZE/sizeof(float);
      |                                           ^~~~~~~~~~~~~~~
/home/moyamryia/Projects/riscv-accl-bench-2026-09-27/k1-layout-20260930-153134/source/ggml/src/ggml-cpu/ops.h:10:30: note: its value can vary between compiler versions or with different ‘-mtune’ or ‘-mcpu’ flags
   10 | #define CACHE_LINE_SIZE std::hardware_destructive_interference_size
      |                         ~~~~~^~~~~~~~~~~~~~~~~~~~~~~~~~~~~~~~~~~~~~
/home/moyamryia/Projects/riscv-accl-bench-2026-09-27/k1-layout-20260930-153134/source/ggml/src/ggml-cpu/ops.h:21:43: note: in expansion of macro ‘CACHE_LINE_SIZE’
   21 | static const size_t CACHE_LINE_SIZE_F32 = CACHE_LINE_SIZE/sizeof(float);
      |                                           ^~~~~~~~~~~~~~~
/home/moyamryia/Projects/riscv-accl-bench-2026-09-27/k1-layout-20260930-153134/source/ggml/src/ggml-cpu/ops.h:10:30: note: if this use is part of a public ABI, change it to instead use a constant variable you define
   10 | #define CACHE_LINE_SIZE std::hardware_destructive_interference_size
      |                         ~~~~~^~~~~~~~~~~~~~~~~~~~~~~~~~~~~~~~~~~~~~
/home/moyamryia/Projects/riscv-accl-bench-2026-09-27/k1-layout-20260930-153134/source/ggml/src/ggml-cpu/ops.h:21:43: note: in expansion of macro ‘CACHE_LINE_SIZE’
   21 | static const size_t CACHE_LINE_SIZE_F32 = CACHE_LINE_SIZE/sizeof(float);
      |                                           ^~~~~~~~~~~~~~~
/home/moyamryia/Projects/riscv-accl-bench-2026-09-27/k1-layout-20260930-153134/source/ggml/src/ggml-cpu/ops.h:10:30: note: the default value for the current CPU tuning is 32 bytes
   10 | #define CACHE_LINE_SIZE std::hardware_destructive_interference_size
      |                         ~~~~~^~~~~~~~~~~~~~~~~~~~~~~~~~~~~~~~~~~~~~
/home/moyamryia/Projects/riscv-accl-bench-2026-09-27/k1-layout-20260930-153134/source/ggml/src/ggml-cpu/ops.h:21:43: note: in expansion of macro ‘CACHE_LINE_SIZE’
   21 | static const size_t CACHE_LINE_SIZE_F32 = CACHE_LINE_SIZE/sizeof(float);
      |                                           ^~~~~~~~~~~~~~~
/home/moyamryia/Projects/riscv-accl-bench-2026-09-27/k1-layout-20260930-153134/source/ggml/src/ggml-cpu/ops.h:10:30: note: you can stabilize this value with ‘--param hardware_destructive_interference_size=32’, or disable this warning with ‘-Wno-interference-size’
   10 | #define CACHE_LINE_SIZE std::hardware_destructive_interference_size
      |                         ~~~~~^~~~~~~~~~~~~~~~~~~~~~~~~~~~~~~~~~~~~~
/home/moyamryia/Projects/riscv-accl-bench-2026-09-27/k1-layout-20260930-153134/source/ggml/src/ggml-cpu/ops.h:21:43: note: in expansion of macro ‘CACHE_LINE_SIZE’
   21 | static const size_t CACHE_LINE_SIZE_F32 = CACHE_LINE_SIZE/sizeof(float);
      |                                           ^~~~~~~~~~~~~~~
/home/moyamryia/Projects/riscv-accl-bench-2026-09-27/k1-layout-20260930-153134/source/ggml/src/ggml-cpu/spacemit/rvv_kernels.cpp: In function ‘void spacemit_kernels::rvv::{anonymous}::flash_attn_ext_f16_one_chunk_inner_vlen1024_vf16_m1(const float*, const char*, const char*, const ggml_fp16_t*, const float*, float*, float, float, float, int64_t, int64_t, int64_t, int64_t, int64_t)’:
/home/moyamryia/Projects/riscv-accl-bench-2026-09-27/k1-layout-20260930-153134/source/ggml/src/ggml-cpu/spacemit/rvv_kernels.cpp:943:51: warning: ISO C++ does not allow converting to ‘_Float16’ from ‘float’ with greater conversion rank [-Wnarrowing]
  943 |     vfloat16m2_t VKQ16_v = __riscv_vfmv_v_f_f16m2(0.0f, DV);
      |                                                   ^~~~
In file included from /home/moyamryia/Projects/riscv-accl-bench-2026-09-27/k1-layout-20260930-153134/source/ggml/src/ggml-cpu/ggml-cpu-impl.h:349,
                 from /home/moyamryia/Projects/riscv-accl-bench-2026-09-27/k1-layout-20260930-153134/source/ggml/src/ggml-cpu/spacemit/rvv_kernels.h:3,
                 from /home/moyamryia/Projects/riscv-accl-bench-2026-09-27/k1-layout-20260930-153134/source/ggml/src/ggml-cpu/spacemit/rvv_kernels.cpp:1:
/home/moyamryia/Projects/llm-bench/.toolchain/gcc14/usr/lib/gcc/riscv64-linux-gnu/14/include/riscv_vector.h:40:25: note:   initializing argument 1 of ‘vfloat16m2_t __riscv_vfmv_v_f_f16m2(_Float16, long unsigned int)’
   40 | #pragma riscv intrinsic "vector"
      |                         ^~~~~~~~
/home/moyamryia/Projects/riscv-accl-bench-2026-09-27/k1-layout-20260930-153134/source/ggml/src/ggml-cpu/spacemit/rvv_kernels.cpp:983:55: warning: ISO C++ does not allow converting to ‘_Float16’ from ‘float’ with greater conversion rank [-Wnarrowing]
  983 |             VKQ16_v = __riscv_vfmul_vf_f16m2(VKQ16_v, ms, DV);
      |                                                       ^~
/home/moyamryia/Projects/llm-bench/.toolchain/gcc14/usr/lib/gcc/riscv64-linux-gnu/14/include/riscv_vector.h:40:25: note:   initializing argument 2 of ‘vfloat16m2_t __riscv_vfmul_vf_f16m2(vfloat16m2_t, _Float16, long unsigned int)’
   40 | #pragma riscv intrinsic "vector"
      |                         ^~~~~~~~
/home/moyamryia/Projects/riscv-accl-bench-2026-09-27/k1-layout-20260930-153134/source/ggml/src/ggml-cpu/spacemit/rvv_kernels.cpp:989:52: warning: ISO C++ does not allow converting to ‘_Float16’ from ‘float’ with greater conversion rank [-Wnarrowing]
  989 |         VKQ16_v = __riscv_vfmacc_vf_f16m2(VKQ16_v, vs, v_data_v, DV);
      |                                                    ^~
/home/moyamryia/Projects/llm-bench/.toolchain/gcc14/usr/lib/gcc/riscv64-linux-gnu/14/include/riscv_vector.h:40:25: note:   initializing argument 2 of ‘vfloat16m2_t __riscv_vfmacc_vf_f16m2(vfloat16m2_t, _Float16, vfloat16m2_t, long unsigned int)’
   40 | #pragma riscv intrinsic "vector"
      |                         ^~~~~~~~
/home/moyamryia/Projects/riscv-accl-bench-2026-09-27/k1-layout-20260930-153134/source/ggml/src/ggml-cpu/spacemit/rvv_kernels.cpp: In function ‘void spacemit_kernels::rvv::forward_flash_attn_ext_f16_one_chunk_vlen1024_vf16(const ggml_compute_params*, ggml_tensor*, int, int, void*, size_t)’:
/home/moyamryia/Projects/riscv-accl-bench-2026-09-27/k1-layout-20260930-153134/source/ggml/src/ggml-cpu/spacemit/rvv_kernels.cpp:1168:54: warning: dereferencing type-punned pointer will break strict-aliasing rules [-Wstrict-aliasing]
 1168 |     float scale         = *((float *) dst->op_params + 0);
      |                            ~~~~~~~~~~~~~~~~~~~~~~~~~~^~~~
/home/moyamryia/Projects/riscv-accl-bench-2026-09-27/k1-layout-20260930-153134/source/ggml/src/ggml-cpu/spacemit/rvv_kernels.cpp:1253:54: warning: comparison of integer expressions of different signedness: ‘int’ and ‘size_t’ {aka ‘long unsigned int’} [-Wsign-compare]
 1253 |         if (tcm_buffer != nullptr && 4 * KV_row_size < tcm_buffer_size && ir < (ir1 - 3) && mp_equal_4 &&
      |                                      ~~~~~~~~~~~~~~~~^~~~~~~~~~~~~~~~~
/home/moyamryia/Projects/riscv-accl-bench-2026-09-27/k1-layout-20260930-153134/source/ggml/src/ggml-cpu/spacemit/rvv_kernels.cpp:1281:61: warning: comparison of integer expressions of different signedness: ‘int’ and ‘size_t’ {aka ‘long unsigned int’} [-Wsign-compare]
 1281 |         } else if (tcm_buffer != nullptr && 2 * KV_row_size < tcm_buffer_size && ir < (ir1 - 1) && mp_equal_2 &&
      |                                             ~~~~~~~~~~~~~~~~^~~~~~~~~~~~~~~~~
/home/moyamryia/Projects/riscv-accl-bench-2026-09-27/k1-layout-20260930-153134/source/ggml/src/ggml-cpu/spacemit/rvv_kernels.cpp:1155:19: warning: unused variable ‘N’ [-Wunused-variable]
 1155 |     const int64_t N  = neq1;
      |                   ^
/home/moyamryia/Projects/riscv-accl-bench-2026-09-27/k1-layout-20260930-153134/source/ggml/src/ggml-cpu/spacemit/rvv_kernels.cpp:1184:9: warning: unused variable ‘ith’ [-Wunused-variable]
 1184 |     int ith     = params->ith;
      |         ^~~
/home/moyamryia/Projects/riscv-accl-bench-2026-09-27/k1-layout-20260930-153134/source/ggml/src/ggml-cpu/spacemit/rvv_kernels.cpp: In function ‘void spacemit_kernels::rvv::forward_rms_norm_f32(ggml_compute_params*, ggml_tensor*)’:
/home/moyamryia/Projects/riscv-accl-bench-2026-09-27/k1-layout-20260930-153134/source/ggml/src/ggml-cpu/spacemit/rvv_kernels.cpp:1705:23: warning: dereferencing type-punned pointer will break strict-aliasing rules [-Wstrict-aliasing]
 1705 |     float epsilon = *((float *) dst->op_params);
      |                      ~^~~~~~~~~~~~~~~~~~~~~~~~~
/home/moyamryia/Projects/riscv-accl-bench-2026-09-27/k1-layout-20260930-153134/source/ggml/src/ggml-cpu/spacemit/rvv_kernels.cpp: In function ‘void spacemit_kernels::rvv::forward_norm_f32(ggml_compute_params*, ggml_tensor*)’:
/home/moyamryia/Projects/riscv-accl-bench-2026-09-27/k1-layout-20260930-153134/source/ggml/src/ggml-cpu/spacemit/rvv_kernels.cpp:2608:23: warning: dereferencing type-punned pointer will break strict-aliasing rules [-Wstrict-aliasing]
 2608 |     float epsilon = *((float *) dst->op_params);
      |                      ~^~~~~~~~~~~~~~~~~~~~~~~~~
/home/moyamryia/Projects/riscv-accl-bench-2026-09-27/k1-layout-20260930-153134/source/ggml/src/ggml-cpu/spacemit/rvv_kernels.cpp: In instantiation of ‘void spacemit_kernels::rvv::{anonymous}::flash_attn_ext_f16_one_chunk_inner_vlen1024_vf16_mrow(float**, const char*, const char*, const ggml_fp16_t*, float**, float**, float, float, float, int64_t, int64_t, int64_t, int64_t, int64_t, void*, size_t) [with long unsigned int QLEN = 4; ggml_fp16_t = short unsigned int; int64_t = long int; size_t = long unsigned int]’:
/home/moyamryia/Projects/riscv-accl-bench-2026-09-27/k1-layout-20260930-153134/source/ggml/src/ggml-cpu/spacemit/rvv_kernels.cpp:1273:69:   required from here
 1273 |             flash_attn_ext_f16_one_chunk_inner_vlen1024_vf16_mrow<4>(  //
      |             ~~~~~~~~~~~~~~~~~~~~~~~~~~~~~~~~~~~~~~~~~~~~~~~~~~~~~~~~^~~~~
 1274 |                 pq_buffer.data(),                                      //
      |                 ~~~~~~~~~~~~~~~~~~~~~~~~~~~~~~~~~~~~~~~~~~~~~~~~~~~~~~~~~
 1275 |                 (const char *) k->data + (ik2 * nbk2 + ik3 * nbk3),    //
      |                 ~~~~~~~~~~~~~~~~~~~~~~~~~~~~~~~~~~~~~~~~~~~~~~~~~~~~~~~~~
 1276 |                 (const char *) v->data + (iv2 * nbv2 + iv3 * nbv3),    //
      |                 ~~~~~~~~~~~~~~~~~~~~~~~~~~~~~~~~~~~~~~~~~~~~~~~~~~~~~~~~~
 1277 |                 mp,                                                    //
      |                 ~~~~~~~~~~~~~~~~~~~~~~~~~~~~~~~~~~~~~~~~~~~~~~~~~~~~~~~~~
 1278 |                 sinks_buffer.data(),                                   //
      |                 ~~~~~~~~~~~~~~~~~~~~~~~~~~~~~~~~~~~~~~~~~~~~~~~~~~~~~~~~~
 1279 |                 dst_buffer.data(),                                     //
      |                 ~~~~~~~~~~~~~~~~~~~~~~~~~~~~~~~~~~~~~~~~~~~~~~~~~~~~~~~~~
 1280 |                 scale, logit_softcap, slope, nek1, nbk1, nbv1, DV, DK, tcm_buffer, tcm_buffer_size);
      |                 ~~~~~~~~~~~~~~~~~~~~~~~~~~~~~~~~~~~~~~~~~~~~~~~~~~~~~~~~~~~~~~~~~~~~~~~~~~~~~~~~~~~
/home/moyamryia/Projects/riscv-accl-bench-2026-09-27/k1-layout-20260930-153134/source/ggml/src/ggml-cpu/spacemit/rvv_kernels.cpp:688:55: warning: ISO C++ does not allow converting to ‘_Float16’ from ‘float’ with greater conversion rank [-Wnarrowing]
  688 |         vfloat16m2_t VKQ16_v = __riscv_vfmv_v_f_f16m2(0.0f, DV);
      |                                                       ^~~~
/home/moyamryia/Projects/llm-bench/.toolchain/gcc14/usr/lib/gcc/riscv64-linux-gnu/14/include/riscv_vector.h:40:25: note:   initializing argument 1 of ‘vfloat16m2_t __riscv_vfmv_v_f_f16m2(_Float16, long unsigned int)’
   40 | #pragma riscv intrinsic "vector"
      |                         ^~~~~~~~
/home/moyamryia/Projects/riscv-accl-bench-2026-09-27/k1-layout-20260930-153134/source/ggml/src/ggml-cpu/spacemit/rvv_kernels.cpp:689:31: warning: comparison of integer expressions of different signedness: ‘int64_t’ {aka ‘long int’} and ‘long unsigned int’ [-Wsign-compare]
  689 |         for (int64_t i = 0; i < QLEN; ++i) {
      |                             ~~^~~~~~
/home/moyamryia/Projects/riscv-accl-bench-2026-09-27/k1-layout-20260930-153134/source/ggml/src/ggml-cpu/spacemit/rvv_kernels.cpp:780:35: warning: comparison of integer expressions of different signedness: ‘int’ and ‘long unsigned int’ [-Wsign-compare]
  780 |                 for (int i = 0; i < QLEN; ++i) {
      |                                 ~~^~~~~~
/home/moyamryia/Projects/riscv-accl-bench-2026-09-27/k1-layout-20260930-153134/source/ggml/src/ggml-cpu/spacemit/rvv_kernels.cpp:859:31: warning: comparison of integer expressions of different signedness: ‘int’ and ‘long unsigned int’ [-Wsign-compare]
  859 |             for (int i = 0; i < QLEN; ++i) {
      |                             ~~^~~~~~
/home/moyamryia/Projects/riscv-accl-bench-2026-09-27/k1-layout-20260930-153134/source/ggml/src/ggml-cpu/spacemit/rvv_kernels.cpp:881:63: warning: ISO C++ does not allow converting to ‘_Float16’ from ‘float’ with greater conversion rank [-Wnarrowing]
  881 |                     VKQ16_v = __riscv_vfmul_vf_f16m2(VKQ16_v, ms, DV);
      |                                                               ^~
/home/moyamryia/Projects/llm-bench/.toolchain/gcc14/usr/lib/gcc/riscv64-linux-gnu/14/include/riscv_vector.h:40:25: note:   initializing argument 2 of ‘vfloat16m2_t __riscv_vfmul_vf_f16m2(vfloat16m2_t, _Float16, long unsigned int)’
   40 | #pragma riscv intrinsic "vector"
      |                         ^~~~~~~~
/home/moyamryia/Projects/riscv-accl-bench-2026-09-27/k1-layout-20260930-153134/source/ggml/src/ggml-cpu/spacemit/rvv_kernels.cpp:886:60: warning: ISO C++ does not allow converting to ‘_Float16’ from ‘float’ with greater conversion rank [-Wnarrowing]
  886 |                 VKQ16_v = __riscv_vfmacc_vf_f16m2(VKQ16_v, vs, v_data_v, DV);
      |                                                            ^~
/home/moyamryia/Projects/llm-bench/.toolchain/gcc14/usr/lib/gcc/riscv64-linux-gnu/14/include/riscv_vector.h:40:25: note:   initializing argument 2 of ‘vfloat16m2_t __riscv_vfmacc_vf_f16m2(vfloat16m2_t, _Float16, vfloat16m2_t, long unsigned int)’
   40 | #pragma riscv intrinsic "vector"
      |                         ^~~~~~~~
/home/moyamryia/Projects/riscv-accl-bench-2026-09-27/k1-layout-20260930-153134/source/ggml/src/ggml-cpu/spacemit/rvv_kernels.cpp:893:23: warning: comparison of integer expressions of different signedness: ‘int’ and ‘long unsigned int’ [-Wsign-compare]
  893 |     for (int i = 0; i < QLEN; ++i) {
      |                     ~~^~~~~~
/home/moyamryia/Projects/riscv-accl-bench-2026-09-27/k1-layout-20260930-153134/source/ggml/src/ggml-cpu/spacemit/rvv_kernels.cpp: In instantiation of ‘void spacemit_kernels::rvv::{anonymous}::flash_attn_ext_f16_one_chunk_inner_vlen1024_vf16_mrow(float**, const char*, const char*, const ggml_fp16_t*, float**, float**, float, float, float, int64_t, int64_t, int64_t, int64_t, int64_t, void*, size_t) [with long unsigned int QLEN = 2; ggml_fp16_t = short unsigned int; int64_t = long int; size_t = long unsigned int]’:
/home/moyamryia/Projects/riscv-accl-bench-2026-09-27/k1-layout-20260930-153134/source/ggml/src/ggml-cpu/spacemit/rvv_kernels.cpp:1294:69:   required from here
 1294 |             flash_attn_ext_f16_one_chunk_inner_vlen1024_vf16_mrow<2>(  //
      |             ~~~~~~~~~~~~~~~~~~~~~~~~~~~~~~~~~~~~~~~~~~~~~~~~~~~~~~~~^~~~~
 1295 |                 pq_buffer.data(),                                      //
      |                 ~~~~~~~~~~~~~~~~~~~~~~~~~~~~~~~~~~~~~~~~~~~~~~~~~~~~~~~~~
 1296 |                 (const char *) k->data + (ik2 * nbk2 + ik3 * nbk3),    //
      |                 ~~~~~~~~~~~~~~~~~~~~~~~~~~~~~~~~~~~~~~~~~~~~~~~~~~~~~~~~~
 1297 |                 (const char *) v->data + (iv2 * nbv2 + iv3 * nbv3),    //
      |                 ~~~~~~~~~~~~~~~~~~~~~~~~~~~~~~~~~~~~~~~~~~~~~~~~~~~~~~~~~
 1298 |                 mp,                                                    //
      |                 ~~~~~~~~~~~~~~~~~~~~~~~~~~~~~~~~~~~~~~~~~~~~~~~~~~~~~~~~~
 1299 |                 sinks_buffer.data(),                                   //
      |                 ~~~~~~~~~~~~~~~~~~~~~~~~~~~~~~~~~~~~~~~~~~~~~~~~~~~~~~~~~
 1300 |                 dst_buffer.data(),                                     //
      |                 ~~~~~~~~~~~~~~~~~~~~~~~~~~~~~~~~~~~~~~~~~~~~~~~~~~~~~~~~~
 1301 |                 scale, logit_softcap, slope, nek1, nbk1, nbv1, DV, DK, tcm_buffer, tcm_buffer_size);
      |                 ~~~~~~~~~~~~~~~~~~~~~~~~~~~~~~~~~~~~~~~~~~~~~~~~~~~~~~~~~~~~~~~~~~~~~~~~~~~~~~~~~~~
/home/moyamryia/Projects/riscv-accl-bench-2026-09-27/k1-layout-20260930-153134/source/ggml/src/ggml-cpu/spacemit/rvv_kernels.cpp:688:55: warning: ISO C++ does not allow converting to ‘_Float16’ from ‘float’ with greater conversion rank [-Wnarrowing]
  688 |         vfloat16m2_t VKQ16_v = __riscv_vfmv_v_f_f16m2(0.0f, DV);
      |                                                       ^~~~
/home/moyamryia/Projects/llm-bench/.toolchain/gcc14/usr/lib/gcc/riscv64-linux-gnu/14/include/riscv_vector.h:40:25: note:   initializing argument 1 of ‘vfloat16m2_t __riscv_vfmv_v_f_f16m2(_Float16, long unsigned int)’
   40 | #pragma riscv intrinsic "vector"
      |                         ^~~~~~~~
/home/moyamryia/Projects/riscv-accl-bench-2026-09-27/k1-layout-20260930-153134/source/ggml/src/ggml-cpu/spacemit/rvv_kernels.cpp:689:31: warning: comparison of integer expressions of different signedness: ‘int64_t’ {aka ‘long int’} and ‘long unsigned int’ [-Wsign-compare]
  689 |         for (int64_t i = 0; i < QLEN; ++i) {
      |                             ~~^~~~~~
/home/moyamryia/Projects/riscv-accl-bench-2026-09-27/k1-layout-20260930-153134/source/ggml/src/ggml-cpu/spacemit/rvv_kernels.cpp:780:35: warning: comparison of integer expressions of different signedness: ‘int’ and ‘long unsigned int’ [-Wsign-compare]
  780 |                 for (int i = 0; i < QLEN; ++i) {
      |                                 ~~^~~~~~
/home/moyamryia/Projects/riscv-accl-bench-2026-09-27/k1-layout-20260930-153134/source/ggml/src/ggml-cpu/spacemit/rvv_kernels.cpp:859:31: warning: comparison of integer expressions of different signedness: ‘int’ and ‘long unsigned int’ [-Wsign-compare]
  859 |             for (int i = 0; i < QLEN; ++i) {
      |                             ~~^~~~~~
/home/moyamryia/Projects/riscv-accl-bench-2026-09-27/k1-layout-20260930-153134/source/ggml/src/ggml-cpu/spacemit/rvv_kernels.cpp:881:63: warning: ISO C++ does not allow converting to ‘_Float16’ from ‘float’ with greater conversion rank [-Wnarrowing]
  881 |                     VKQ16_v = __riscv_vfmul_vf_f16m2(VKQ16_v, ms, DV);
      |                                                               ^~
/home/moyamryia/Projects/llm-bench/.toolchain/gcc14/usr/lib/gcc/riscv64-linux-gnu/14/include/riscv_vector.h:40:25: note:   initializing argument 2 of ‘vfloat16m2_t __riscv_vfmul_vf_f16m2(vfloat16m2_t, _Float16, long unsigned int)’
   40 | #pragma riscv intrinsic "vector"
      |                         ^~~~~~~~
/home/moyamryia/Projects/riscv-accl-bench-2026-09-27/k1-layout-20260930-153134/source/ggml/src/ggml-cpu/spacemit/rvv_kernels.cpp:886:60: warning: ISO C++ does not allow converting to ‘_Float16’ from ‘float’ with greater conversion rank [-Wnarrowing]
  886 |                 VKQ16_v = __riscv_vfmacc_vf_f16m2(VKQ16_v, vs, v_data_v, DV);
      |                                                            ^~
/home/moyamryia/Projects/llm-bench/.toolchain/gcc14/usr/lib/gcc/riscv64-linux-gnu/14/include/riscv_vector.h:40:25: note:   initializing argument 2 of ‘vfloat16m2_t __riscv_vfmacc_vf_f16m2(vfloat16m2_t, _Float16, vfloat16m2_t, long unsigned int)’
   40 | #pragma riscv intrinsic "vector"
      |                         ^~~~~~~~
/home/moyamryia/Projects/riscv-accl-bench-2026-09-27/k1-layout-20260930-153134/source/ggml/src/ggml-cpu/spacemit/rvv_kernels.cpp:893:23: warning: comparison of integer expressions of different signedness: ‘int’ and ‘long unsigned int’ [-Wsign-compare]
  893 |     for (int i = 0; i < QLEN; ++i) {
      |                     ~~^~~~~~
/home/moyamryia/Projects/riscv-accl-bench-2026-09-27/k1-layout-20260930-153134/source/ggml/src/ggml-cpu/spacemit/rvv_kernels.cpp: In instantiation of ‘void spacemit_kernels::rvv::quantize_a_nrow_i8k_ref(size_t, const float*, size_t, uint8_t*) [with long unsigned int MB_ROWS = 1; size_t = long unsigned int; uint8_t = unsigned char]’:
/home/moyamryia/Projects/riscv-accl-bench-2026-09-27/k1-layout-20260930-153134/source/ggml/src/ggml-cpu/spacemit/rvv_kernels.cpp:2459:35:   required from here
 2459 |         quantize_a_nrow_i8k_ref<1>(blk_len, a_ptr, count_k, quant_a_ptr);
      |         ~~~~~~~~~~~~~~~~~~~~~~~~~~^~~~~~~~~~~~~~~~~~~~~~~~~~~~~~~~~~~~~~
/home/moyamryia/Projects/riscv-accl-bench-2026-09-27/k1-layout-20260930-153134/source/ggml/src/ggml-cpu/spacemit/rvv_kernels.cpp:1887:42: warning: comparison of integer expressions of different signedness: ‘size_t’ {aka ‘long unsigned int’} and ‘int64_t’ {aka ‘long int’} [-Wsign-compare]
 1887 |                 for (size_t bki = 0; bki < a_sum_size; bki++) {
      |                                      ~~~~^~~~~~~~~~~~
/home/moyamryia/Projects/riscv-accl-bench-2026-09-27/k1-layout-20260930-153134/source/ggml/src/ggml-cpu/spacemit/rvv_kernels.cpp:1899:38: warning: comparison of integer expressions of different signedness: ‘size_t’ {aka ‘long unsigned int’} and ‘int64_t’ {aka ‘long int’} [-Wsign-compare]
 1899 |             for (size_t bki = 0; bki < a_sum_size; bki++) {
      |                                  ~~~~^~~~~~~~~~~~
/home/moyamryia/Projects/riscv-accl-bench-2026-09-27/k1-layout-20260930-153134/source/ggml/src/ggml-cpu/spacemit/rvv_kernels.cpp:1875:19: warning: variable ‘max_a’ set but not used [-Wunused-but-set-variable]
 1875 |             float max_a     = 0.0f;
      |                   ^~~~~
/home/moyamryia/Projects/riscv-accl-bench-2026-09-27/k1-layout-20260930-153134/source/ggml/src/ggml-cpu/spacemit/rvv_kernels.cpp: In instantiation of ‘void spacemit_kernels::rvv::quantize_a_nrow_i8k_ref(size_t, const float*, size_t, uint8_t*) [with long unsigned int MB_ROWS = 4; size_t = long unsigned int; uint8_t = unsigned char]’:
/home/moyamryia/Projects/riscv-accl-bench-2026-09-27/k1-layout-20260930-153134/source/ggml/src/ggml-cpu/spacemit/rvv_kernels.cpp:2555:35:   required from here
 2555 |         quantize_a_nrow_i8k_ref<4>(blk_len, a_ptr, count_k, quant_a_ptr);
      |         ~~~~~~~~~~~~~~~~~~~~~~~~~~^~~~~~~~~~~~~~~~~~~~~~~~~~~~~~~~~~~~~~
/home/moyamryia/Projects/riscv-accl-bench-2026-09-27/k1-layout-20260930-153134/source/ggml/src/ggml-cpu/spacemit/rvv_kernels.cpp:1887:42: warning: comparison of integer expressions of different signedness: ‘size_t’ {aka ‘long unsigned int’} and ‘int64_t’ {aka ‘long int’} [-Wsign-compare]
 1887 |                 for (size_t bki = 0; bki < a_sum_size; bki++) {
      |                                      ~~~~^~~~~~~~~~~~
/home/moyamryia/Projects/riscv-accl-bench-2026-09-27/k1-layout-20260930-153134/source/ggml/src/ggml-cpu/spacemit/rvv_kernels.cpp:1899:38: warning: comparison of integer expressions of different signedness: ‘size_t’ {aka ‘long unsigned int’} and ‘int64_t’ {aka ‘long int’} [-Wsign-compare]
 1899 |             for (size_t bki = 0; bki < a_sum_size; bki++) {
      |                                  ~~~~^~~~~~~~~~~~
/home/moyamryia/Projects/riscv-accl-bench-2026-09-27/k1-layout-20260930-153134/source/ggml/src/ggml-cpu/spacemit/rvv_kernels.cpp:1875:19: warning: variable ‘max_a’ set but not used [-Wunused-but-set-variable]
 1875 |             float max_a     = 0.0f;
      |                   ^~~~~
/home/moyamryia/Projects/riscv-accl-bench-2026-09-27/k1-layout-20260930-153134/source/ggml/src/ggml-cpu/spacemit/rvv_kernels.cpp: In instantiation of ‘void spacemit_kernels::rvv::forward_sum_rows(const ggml_compute_params*, ggml_tensor*) [with T = _Float16]’:
/home/moyamryia/Projects/riscv-accl-bench-2026-09-27/k1-layout-20260930-153134/source/ggml/src/ggml-cpu/spacemit/rvv_kernels.cpp:3396:94:   required from here
 3396 | template void forward_sum_rows<_Float16>(const ggml_compute_params * params, ggml_tensor * op);
      |                                                                                              ^
/home/moyamryia/Projects/riscv-accl-bench-2026-09-27/k1-layout-20260930-153134/source/ggml/src/ggml-cpu/spacemit/rvv_kernels.cpp:2985:22: warning: ISO C++ does not allow converting to ‘_Float16’ from ‘float’ with greater conversion rank [-Wnarrowing]
 2985 |         dst_row[0] = row_sum;
      |                      ^~~~~~~
[39/307] Linking CXX shared library bin/libggml-cpu.so.0.16.0
[40/307] Creating library symlink bin/libggml-cpu.so.0 bin/libggml-cpu.so
[41/307] Linking CXX shared library bin/libggml.so.0.16.0
[42/307] Creating library symlink bin/libggml.so.0 bin/libggml.so
[43/307] Building CXX object src/CMakeFiles/llama.dir/llama-cparams.cpp.o
[44/307] Building CXX object src/CMakeFiles/llama.dir/llama-batch.cpp.o
[45/307] Building CXX object src/CMakeFiles/llama.dir/llama-chat.cpp.o
[46/307] Building CXX object src/CMakeFiles/llama.dir/llama-hparams.cpp.o
[47/307] Building CXX object src/CMakeFiles/llama.dir/llama-impl.cpp.o
[48/307] Building CXX object src/CMakeFiles/llama.dir/llama-io.cpp.o
[49/307] Building CXX object src/CMakeFiles/llama.dir/llama-context.cpp.o
[50/307] Building CXX object src/CMakeFiles/llama.dir/llama-graph.cpp.o
[51/307] Building CXX object src/CMakeFiles/llama.dir/llama-kv-cache-iswa.cpp.o
[52/307] Building CXX object src/CMakeFiles/llama.dir/llama-kv-cache-dsa.cpp.o
[53/307] Building CXX object src/CMakeFiles/llama.dir/llama-grammar.cpp.o
[54/307] Building CXX object src/CMakeFiles/llama.dir/llama-memory.cpp.o
[55/307] Building CXX object src/CMakeFiles/llama.dir/llama-memory-hybrid.cpp.o
[56/307] Building CXX object src/CMakeFiles/llama.dir/llama-kv-cache.cpp.o
[57/307] Building CXX object src/CMakeFiles/llama.dir/llama-memory-hybrid-iswa.cpp.o
[58/307] Building CXX object src/CMakeFiles/llama.dir/llama-mmap.cpp.o
[59/307] Building CXX object src/CMakeFiles/llama.dir/llama-kv-cache-dsv4.cpp.o
[60/307] Building CXX object src/CMakeFiles/llama.dir/llama-model-saver.cpp.o
[61/307] Building CXX object src/CMakeFiles/llama.dir/llama-memory-recurrent.cpp.o
[62/307] Building CXX object src/CMakeFiles/llama.dir/llama-model-loader.cpp.o
[63/307] Building CXX object src/CMakeFiles/llama.dir/llama-quant.cpp.o
[64/307] Building CXX object src/CMakeFiles/llama.dir/llama-sampler.cpp.o
[65/307] Building CXX object src/CMakeFiles/llama.dir/unicode-data.cpp.o
[66/307] Building CXX object src/CMakeFiles/llama.dir/models/afmoe.cpp.o
[67/307] Building CXX object src/CMakeFiles/llama.dir/llama-model.cpp.o
[68/307] Building CXX object src/CMakeFiles/llama.dir/models/apertus.cpp.o
[69/307] Building CXX object src/CMakeFiles/llama.dir/models/arcee.cpp.o
[70/307] Building CXX object src/CMakeFiles/llama.dir/models/arctic.cpp.o
[71/307] Building CXX object src/CMakeFiles/llama.dir/models/arwkv7.cpp.o
[72/307] Building CXX object src/CMakeFiles/llama.dir/models/baichuan.cpp.o
[73/307] Building CXX object src/CMakeFiles/llama.dir/models/bailingmoe.cpp.o
[74/307] Building CXX object src/CMakeFiles/llama.dir/llama-vocab.cpp.o
[75/307] Building CXX object src/CMakeFiles/llama.dir/models/bailingmoe2.cpp.o
[76/307] Building CXX object src/CMakeFiles/llama.dir/models/bert.cpp.o
[77/307] Building CXX object src/CMakeFiles/llama.dir/models/bitnet.cpp.o
[78/307] Building CXX object src/CMakeFiles/llama.dir/models/bloom.cpp.o
[79/307] Building CXX object src/CMakeFiles/llama.dir/models/chameleon.cpp.o
[80/307] Building CXX object src/CMakeFiles/llama.dir/models/chatglm.cpp.o
[81/307] Building CXX object src/CMakeFiles/llama.dir/models/codeshell.cpp.o
[82/307] Building CXX object src/CMakeFiles/llama.dir/models/cogvlm.cpp.o
[83/307] Building CXX object src/CMakeFiles/llama.dir/models/cohere2.cpp.o
[84/307] Building CXX object src/CMakeFiles/llama.dir/models/cohere2moe.cpp.o
[85/307] Building CXX object src/CMakeFiles/llama.dir/models/command-r.cpp.o
[86/307] Building CXX object src/CMakeFiles/llama.dir/models/dbrx.cpp.o
[87/307] Building CXX object src/CMakeFiles/llama.dir/unicode.cpp.o
[88/307] Building CXX object src/CMakeFiles/llama.dir/models/deci.cpp.o
[89/307] Building CXX object src/CMakeFiles/llama.dir/models/deepseek.cpp.o
[90/307] Building CXX object src/CMakeFiles/llama.dir/models/deepseek2ocr.cpp.o
[91/307] Building CXX object src/CMakeFiles/llama.dir/models/deepseek2.cpp.o
[92/307] Building CXX object src/CMakeFiles/llama.dir/models/deepseek32.cpp.o
[93/307] Building CXX object src/CMakeFiles/llama.dir/models/delta-net-base.cpp.o
[94/307] Building CXX object src/CMakeFiles/llama.dir/models/deepseek4.cpp.o
[95/307] Building CXX object src/CMakeFiles/llama.dir/models/dflash.cpp.o
[96/307] Building CXX object src/CMakeFiles/llama.dir/models/dots1.cpp.o
[97/307] Building CXX object src/CMakeFiles/llama.dir/models/dream.cpp.o
[98/307] Building CXX object src/CMakeFiles/llama.dir/models/eagle3.cpp.o
[99/307] Building CXX object src/CMakeFiles/llama.dir/models/ernie4-5-moe.cpp.o
[100/307] Building CXX object src/CMakeFiles/llama.dir/models/ernie4-5.cpp.o
[101/307] Building CXX object src/CMakeFiles/llama.dir/models/eurobert.cpp.o
[102/307] Building CXX object src/CMakeFiles/llama.dir/models/exaone-moe.cpp.o
[103/307] Building CXX object src/CMakeFiles/llama.dir/models/exaone.cpp.o
[104/307] Building CXX object src/CMakeFiles/llama.dir/models/exaone4.cpp.o
[105/307] Building CXX object src/CMakeFiles/llama.dir/models/falcon-h1.cpp.o
[106/307] Building CXX object src/CMakeFiles/llama.dir/models/falcon.cpp.o
[107/307] Building CXX object src/CMakeFiles/llama.dir/models/gemma-embedding.cpp.o
[108/307] Building CXX object src/CMakeFiles/llama.dir/models/gemma2.cpp.o
[109/307] Building CXX object src/CMakeFiles/llama.dir/models/gemma.cpp.o
[110/307] Building CXX object src/CMakeFiles/llama.dir/models/gemma3.cpp.o
[111/307] Building CXX object src/CMakeFiles/llama.dir/models/gemma3n.cpp.o
[112/307] Building CXX object src/CMakeFiles/llama.dir/models/gemma4-assistant.cpp.o
[113/307] Building CXX object src/CMakeFiles/llama.dir/models/gemma4.cpp.o
[114/307] Building CXX object src/CMakeFiles/llama.dir/models/glm-dsa.cpp.o
[115/307] Building CXX object src/CMakeFiles/llama.dir/models/glm4-moe.cpp.o
[116/307] Building CXX object src/CMakeFiles/llama.dir/models/glm4.cpp.o
[117/307] Building CXX object src/CMakeFiles/llama.dir/models/gpt2.cpp.o
[118/307] Building CXX object src/CMakeFiles/llama.dir/models/gptneox.cpp.o
[119/307] Building CXX object src/CMakeFiles/llama.dir/models/granite-hybrid.cpp.o
[120/307] Building CXX object src/CMakeFiles/llama.dir/models/granite-moe.cpp.o
[121/307] Building CXX object src/CMakeFiles/llama.dir/models/grok.cpp.o
[122/307] Building CXX object src/CMakeFiles/llama.dir/models/granite.cpp.o
[123/307] Building CXX object src/CMakeFiles/llama.dir/models/grovemoe.cpp.o
[124/307] Building CXX object src/CMakeFiles/llama.dir/models/hunyuan-dense.cpp.o
[125/307] Building CXX object src/CMakeFiles/llama.dir/models/hunyuan-moe.cpp.o
[126/307] Building CXX object src/CMakeFiles/llama.dir/models/hunyuan-vl.cpp.o
[127/307] Building CXX object src/CMakeFiles/llama.dir/models/hy-v3.cpp.o
[128/307] Building CXX object src/CMakeFiles/llama.dir/models/internlm2.cpp.o
[129/307] Building CXX object src/CMakeFiles/llama.dir/models/jais.cpp.o
[130/307] Building CXX object src/CMakeFiles/llama.dir/models/jais2.cpp.o
[131/307] Building CXX object src/CMakeFiles/llama.dir/models/jina-bert-v2.cpp.o
[132/307] Building CXX object src/CMakeFiles/llama.dir/models/jamba.cpp.o
[133/307] Building CXX object src/CMakeFiles/llama.dir/models/jina-bert-v3.cpp.o
[134/307] Building CXX object src/CMakeFiles/llama.dir/models/kimi-linear.cpp.o
[135/307] Building CXX object src/CMakeFiles/llama.dir/models/lfm2.cpp.o
[136/307] Building CXX object src/CMakeFiles/llama.dir/models/lfm2moe.cpp.o
[137/307] Building CXX object src/CMakeFiles/llama.dir/models/llada-moe.cpp.o
[138/307] Building CXX object src/CMakeFiles/llama.dir/models/llada.cpp.o
[139/307] Building CXX object src/CMakeFiles/llama.dir/models/llama-embed.cpp.o
[140/307] Building CXX object src/CMakeFiles/llama.dir/models/llama.cpp.o
[141/307] Building CXX object src/CMakeFiles/llama.dir/models/maincoder.cpp.o
[142/307] Building CXX object src/CMakeFiles/llama.dir/models/llama4.cpp.o
[143/307] Building CXX object src/CMakeFiles/llama.dir/models/mamba-base.cpp.o
[144/307] Building CXX object src/CMakeFiles/llama.dir/models/mamba.cpp.o
[145/307] Building CXX object src/CMakeFiles/llama.dir/models/mamba2.cpp.o
[146/307] Building CXX object src/CMakeFiles/llama.dir/models/mellum.cpp.o
[147/307] Building CXX object src/CMakeFiles/llama.dir/models/mimo2.cpp.o
[148/307] Building CXX object src/CMakeFiles/llama.dir/models/minicpm.cpp.o
[149/307] Building CXX object src/CMakeFiles/llama.dir/models/minicpm3.cpp.o
[150/307] Building CXX object src/CMakeFiles/llama.dir/models/minimax-m2.cpp.o
[151/307] Building CXX object src/CMakeFiles/llama.dir/models/mistral3.cpp.o
[152/307] Building CXX object src/CMakeFiles/llama.dir/models/mistral4.cpp.o
[153/307] Building CXX object src/CMakeFiles/llama.dir/models/modern-bert.cpp.o
[154/307] Building CXX object src/CMakeFiles/llama.dir/models/mpt.cpp.o
[155/307] Building CXX object src/CMakeFiles/llama.dir/models/nemotron-h-moe.cpp.o
[156/307] Building CXX object src/CMakeFiles/llama.dir/models/nemotron-h.cpp.o
[157/307] Building CXX object src/CMakeFiles/llama.dir/models/nemotron.cpp.o
[158/307] Building CXX object src/CMakeFiles/llama.dir/models/neo-bert.cpp.o
[159/307] Building CXX object src/CMakeFiles/llama.dir/models/nomic-bert-moe.cpp.o
[160/307] Building CXX object src/CMakeFiles/llama.dir/models/nomic-bert.cpp.o
[161/307] Building CXX object src/CMakeFiles/llama.dir/models/olmo.cpp.o
[162/307] Building CXX object src/CMakeFiles/llama.dir/models/olmoe.cpp.o
[163/307] Building CXX object src/CMakeFiles/llama.dir/models/olmo2.cpp.o
[164/307] Building CXX object src/CMakeFiles/llama.dir/models/openai-moe.cpp.o
[165/307] Building CXX object src/CMakeFiles/llama.dir/models/openelm.cpp.o
[166/307] Building CXX object src/CMakeFiles/llama.dir/models/orion.cpp.o
[167/307] Building CXX object src/CMakeFiles/llama.dir/models/paddleocr.cpp.o
[168/307] Building CXX object src/CMakeFiles/llama.dir/models/pangu-embed.cpp.o
[169/307] Building CXX object src/CMakeFiles/llama.dir/models/phi2.cpp.o
[170/307] Building CXX object src/CMakeFiles/llama.dir/models/phimoe.cpp.o
[171/307] Building CXX object src/CMakeFiles/llama.dir/models/phi3.cpp.o
[172/307] Building CXX object src/CMakeFiles/llama.dir/models/plamo.cpp.o
[173/307] Building CXX object src/CMakeFiles/llama.dir/models/plamo2.cpp.o
[174/307] Building CXX object src/CMakeFiles/llama.dir/models/plamo3.cpp.o
[175/307] Building CXX object src/CMakeFiles/llama.dir/models/plm.cpp.o
[176/307] Building CXX object src/CMakeFiles/llama.dir/models/qwen.cpp.o
[177/307] Building CXX object src/CMakeFiles/llama.dir/models/qwen2.cpp.o
[178/307] Building CXX object src/CMakeFiles/llama.dir/models/qwen2vl.cpp.o
[179/307] Building CXX object src/CMakeFiles/llama.dir/models/qwen2moe.cpp.o
[180/307] Building CXX object src/CMakeFiles/llama.dir/models/qwen3.cpp.o
[181/307] Building CXX object src/CMakeFiles/llama.dir/models/qwen3moe.cpp.o
[182/307] Building CXX object src/CMakeFiles/llama.dir/models/qwen35.cpp.o
[183/307] Building CXX object src/CMakeFiles/llama.dir/models/qwen35moe.cpp.o
[184/307] Building CXX object src/CMakeFiles/llama.dir/models/qwen3next.cpp.o
[185/307] Building CXX object src/CMakeFiles/llama.dir/models/qwen3vl.cpp.o
[186/307] Building CXX object src/CMakeFiles/llama.dir/models/qwen3vlmoe.cpp.o
[187/307] Building CXX object src/CMakeFiles/llama.dir/models/refact.cpp.o
[188/307] Building CXX object src/CMakeFiles/llama.dir/models/rnd1.cpp.o
[189/307] Building CXX object src/CMakeFiles/llama.dir/models/rwkv6-base.cpp.o
[190/307] Building CXX object src/CMakeFiles/llama.dir/models/rwkv6qwen2.cpp.o
[191/307] Building CXX object src/CMakeFiles/llama.dir/models/rwkv6.cpp.o
[192/307] Building CXX object src/CMakeFiles/llama.dir/models/rwkv7-base.cpp.o
[193/307] Building CXX object src/CMakeFiles/llama.dir/models/seed-oss.cpp.o
[194/307] Building CXX object src/CMakeFiles/llama.dir/models/rwkv7.cpp.o
[195/307] Building CXX object src/CMakeFiles/llama.dir/models/smollm3.cpp.o
[196/307] Building CXX object src/CMakeFiles/llama.dir/models/smallthinker.cpp.o
[197/307] Building CXX object src/CMakeFiles/llama.dir/models/stablelm.cpp.o
[198/307] Building CXX object src/CMakeFiles/llama.dir/models/starcoder.cpp.o
[199/307] Building CXX object src/CMakeFiles/llama.dir/models/starcoder2.cpp.o
[200/307] Building CXX object src/CMakeFiles/llama.dir/models/step35.cpp.o
[201/307] Building CXX object src/CMakeFiles/llama.dir/models/talkie.cpp.o
[202/307] Building CXX object src/CMakeFiles/llama.dir/models/t5encoder.cpp.o
[203/307] Building CXX object src/CMakeFiles/llama.dir/models/t5.cpp.o
[204/307] Building CXX object common/CMakeFiles/llama-common-base.dir/build-info.cpp.o
[205/307] Linking CXX static library common/libllama-common-base.a
[206/307] Building CXX object src/CMakeFiles/llama.dir/models/wavtokenizer-dec.cpp.o
[207/307] Building CXX object src/CMakeFiles/llama.dir/models/xverse.cpp.o
[208/307] Linking CXX shared library bin/libllama.so.0.0.7
[209/307] Creating library symlink bin/libllama.so.0 bin/libllama.so
[210/307] Building CXX object common/CMakeFiles/llama-common.dir/chat-auto-parser-helpers.cpp.o
[211/307] Building CXX object common/CMakeFiles/llama-common.dir/chat-auto-parser-generator.cpp.o
[212/307] Building CXX object common/CMakeFiles/llama-common.dir/chat-peg-parser.cpp.o
[213/307] Building CXX object common/CMakeFiles/llama-common.dir/chat-diff-analyzer.cpp.o
[214/307] Building CXX object common/CMakeFiles/llama-common.dir/console.cpp.o
[215/307] Building CXX object common/CMakeFiles/llama-common.dir/common.cpp.o
[216/307] Building CXX object common/CMakeFiles/llama-common.dir/debug.cpp.o
[217/307] Building CXX object common/CMakeFiles/llama-common.dir/arg.cpp.o
[218/307] Building CXX object common/CMakeFiles/llama-common.dir/chat.cpp.o
[219/307] Building CXX object common/CMakeFiles/llama-common.dir/imatrix-loader.cpp.o
[220/307] Building CXX object common/CMakeFiles/llama-common.dir/fit.cpp.o
[221/307] Building CXX object common/CMakeFiles/llama-common.dir/llguidance.cpp.o
[222/307] Building CXX object common/CMakeFiles/llama-common.dir/log.cpp.o
[223/307] Building CXX object common/CMakeFiles/llama-common.dir/ngram-cache.cpp.o
[224/307] Building CXX object common/CMakeFiles/llama-common.dir/ngram-map.cpp.o
[225/307] Building CXX object common/CMakeFiles/llama-common.dir/hf-cache.cpp.o
[226/307] Building CXX object common/CMakeFiles/llama-common.dir/ngram-mod.cpp.o
[227/307] Building CXX object common/CMakeFiles/llama-common.dir/download.cpp.o
[228/307] Building CXX object common/CMakeFiles/llama-common.dir/reasoning-budget.cpp.o
[229/307] Building CXX object common/CMakeFiles/llama-common.dir/json-schema-to-grammar.cpp.o
[230/307] Building CXX object common/CMakeFiles/llama-common.dir/sampling.cpp.o
[231/307] Building CXX object common/CMakeFiles/llama-common.dir/unicode.cpp.o
[232/307] Building CXX object common/CMakeFiles/llama-common.dir/preset.cpp.o
[233/307] Building CXX object common/CMakeFiles/llama-common.dir/jinja/lexer.cpp.o
[234/307] Building CXX object common/CMakeFiles/llama-common.dir/jinja/parser.cpp.o
[235/307] Building CXX object common/CMakeFiles/llama-common.dir/speculative.cpp.o
[236/307] Building CXX object common/CMakeFiles/llama-common.dir/jinja/string.cpp.o
[237/307] Building CXX object common/CMakeFiles/llama-common.dir/jinja/runtime.cpp.o
[238/307] Building CXX object common/CMakeFiles/llama-common.dir/peg-parser.cpp.o
[239/307] Building CXX object tools/smt-mtmd/CMakeFiles/llama-media.dir/media-worker.cpp.o
[240/307] Linking CXX static library tools/smt-mtmd/libllama-media.a
[241/307] Building CXX object common/CMakeFiles/llama-common.dir/jinja/caps.cpp.o
[242/307] Building CXX object common/CMakeFiles/llama-common.dir/jinja/value.cpp.o
[243/307] Building CXX object tools/ui/CMakeFiles/llama-ui-embed.dir/embed.cpp.o
[244/307] Linking CXX executable tools/ui/llama-ui-embed
[245/307] Provisioning UI assets
CMake Warning at /home/moyamryia/Projects/riscv-accl-bench-2026-09-27/k1-layout-20260930-153134/source/scripts/ui-assets.cmake:359 (message):
  UI: no assets available - building without an embedded UI.  In a
  disconnected environment, download the pre-built UI from a llama.cpp
  release at https://github.com/ggml-org/llama.cpp/releases and extract to
  tools/ui/dist.


embed: write output file /home/moyamryia/Projects/riscv-accl-bench-2026-09-27/k1-layout-20260930-153134/source/build/tools/ui/ui.h
embed: write output file /home/moyamryia/Projects/riscv-accl-bench-2026-09-27/k1-layout-20260930-153134/source/build/tools/ui/ui.cpp
[246/307] Building CXX object tools/ui/CMakeFiles/llama-ui.dir/ui.cpp.o
[247/307] Linking CXX static library tools/ui/libllama-ui.a
[248/307] Building CXX object tools/server/CMakeFiles/server-context.dir/server-queue.cpp.o
[249/307] Building CXX object tools/server/CMakeFiles/server-context.dir/server-chat.cpp.o
[250/307] Building CXX object tools/server/CMakeFiles/server-context.dir/server-media.cpp.o
[251/307] Building CXX object vendor/cpp-httplib/CMakeFiles/cpp-httplib.dir/httplib.cpp.o
[252/307] Linking CXX static library vendor/cpp-httplib/libcpp-httplib.a
[253/307] Building CXX object tools/server/CMakeFiles/server-context.dir/server-common.cpp.o
[254/307] Linking CXX shared library bin/libllama-common.so.0.0.7
[255/307] Creating library symlink bin/libllama-common.so.0 bin/libllama-common.so
[256/307] Building CXX object tools/server/CMakeFiles/server-context.dir/server-task.cpp.o
[257/307] Building CXX object tools/server/CMakeFiles/server-context.dir/server-stream.cpp.o
[258/307] Building CXX object tools/server/CMakeFiles/server-context.dir/server-schema.cpp.o
[259/307] Building CXX object tools/server/CMakeFiles/server-context.dir/server-tools.cpp.o
[260/307] Building CXX object tools/server/CMakeFiles/llama-server-impl.dir/server.cpp.o
[261/307] Building CXX object tools/server/CMakeFiles/llama-server.dir/main.cpp.o
[262/307] Building CXX object tools/server/CMakeFiles/server-context.dir/server-context.cpp.o
[263/307] Building CXX object tools/server/CMakeFiles/llama-server-impl.dir/server-http.cpp.o
[264/307] Building CXX object tools/mtmd/CMakeFiles/mtmd.dir/mtmd.cpp.o
[265/307] Building CXX object tools/mtmd/CMakeFiles/mtmd.dir/mtmd-audio.cpp.o
[266/307] Building CXX object tools/mtmd/CMakeFiles/mtmd.dir/mtmd-image.cpp.o
[267/307] Building CXX object tools/mtmd/CMakeFiles/mtmd.dir/models/cogvlm.cpp.o
[268/307] Building CXX object tools/mtmd/CMakeFiles/mtmd.dir/models/conformer.cpp.o
[269/307] Building CXX object tools/mtmd/CMakeFiles/mtmd.dir/models/dotsocr.cpp.o
[270/307] Building CXX object tools/mtmd/CMakeFiles/mtmd.dir/models/exaone4_5.cpp.o
[271/307] Building CXX object tools/mtmd/CMakeFiles/mtmd.dir/models/gemma4a.cpp.o
[272/307] Building CXX object tools/mtmd/CMakeFiles/mtmd.dir/models/gemma4v.cpp.o
[273/307] Building CXX object tools/server/CMakeFiles/llama-server-impl.dir/server-models.cpp.o
[274/307] Building CXX object tools/mtmd/CMakeFiles/mtmd.dir/models/gemma4ua.cpp.o
[275/307] Building CXX object tools/mtmd/CMakeFiles/mtmd.dir/models/gemma4uv.cpp.o
[276/307] Building CXX object tools/mtmd/CMakeFiles/mtmd.dir/models/glm4v.cpp.o
[277/307] Building CXX object tools/mtmd/CMakeFiles/mtmd.dir/clip.cpp.o
[278/307] Building CXX object tools/mtmd/CMakeFiles/mtmd.dir/models/granite-speech.cpp.o
[279/307] Building CXX object tools/mtmd/CMakeFiles/mtmd.dir/models/hunyuanvl.cpp.o
[280/307] Building CXX object tools/mtmd/CMakeFiles/mtmd.dir/models/granite4-vision.cpp.o
[281/307] Building CXX object tools/mtmd/CMakeFiles/mtmd.dir/mtmd-helper.cpp.o
[282/307] Building CXX object tools/mtmd/CMakeFiles/mtmd.dir/models/kimivl.cpp.o
[283/307] Building CXX object tools/mtmd/CMakeFiles/mtmd.dir/models/internvl.cpp.o
[284/307] Building CXX object tools/mtmd/CMakeFiles/mtmd.dir/models/kimik25.cpp.o
[285/307] Building CXX object tools/mtmd/CMakeFiles/mtmd.dir/models/nemotron-v2-vl.cpp.o
[286/307] Building CXX object tools/mtmd/CMakeFiles/mtmd.dir/models/llama4.cpp.o
[287/307] Building CXX object tools/mtmd/CMakeFiles/mtmd.dir/models/llava.cpp.o
[288/307] Building CXX object tools/mtmd/CMakeFiles/mtmd.dir/models/minicpmv.cpp.o
[289/307] Building CXX object tools/mtmd/CMakeFiles/mtmd.dir/models/paddleocr.cpp.o
[290/307] Building CXX object tools/mtmd/CMakeFiles/mtmd.dir/models/pixtral.cpp.o
[291/307] Building CXX object tools/mtmd/CMakeFiles/mtmd.dir/models/qwen2vl.cpp.o
[292/307] Building CXX object tools/mtmd/CMakeFiles/mtmd.dir/models/mimovl.cpp.o
[293/307] Building CXX object tools/mtmd/CMakeFiles/mtmd.dir/models/qwen3vl.cpp.o
[294/307] Building CXX object tools/mtmd/CMakeFiles/mtmd.dir/models/qwen3a.cpp.o
[295/307] Building CXX object tools/mtmd/CMakeFiles/mtmd.dir/models/step3vl.cpp.o
[296/307] Building CXX object tools/mtmd/CMakeFiles/mtmd.dir/models/siglip.cpp.o
[297/307] Building CXX object tools/mtmd/CMakeFiles/mtmd.dir/models/whisper-enc.cpp.o
[298/307] Building CXX object tools/mtmd/CMakeFiles/mtmd.dir/models/deepseekocr.cpp.o
[299/307] Building CXX object tools/mtmd/CMakeFiles/mtmd.dir/models/deepseekocr2.cpp.o
[300/307] Building CXX object tools/mtmd/CMakeFiles/mtmd.dir/models/mobilenetv5.cpp.o
[301/307] Building CXX object tools/mtmd/CMakeFiles/mtmd.dir/models/youtuvl.cpp.o
[302/307] Building CXX object tools/mtmd/CMakeFiles/mtmd.dir/models/yasa2.cpp.o
[303/307] Linking CXX shared library bin/libmtmd.so.0.0.7
[304/307] Creating library symlink bin/libmtmd.so.0 bin/libmtmd.so
[305/307] Linking CXX static library tools/server/libserver-context.a
[306/307] Linking CXX shared library bin/libllama-server-impl.so
[307/307] Linking CXX executable bin/llama-server
